timestamp,scene_id,shot_id,step,status,latency_ms,metadata
2026-02-16T21:04:25.761528,SCENE-001,SCENE-001-SHOT-001,IMAGE_GEN,SUCCESS,547.49,"{""seed"": 96794509}"
2026-02-16T21:04:26.767963,SCENE-001,SCENE-001-SHOT-001,VIDEO_GEN,SUCCESS,1006.24,"{""shot_type"": ""Wide"", ""lens"": ""24mm"", ""movement"": ""Slow Pan""}"
2026-02-16T21:04:27.295375,SCENE-002,SCENE-002-SHOT-001,IMAGE_GEN,SUCCESS,526.99,"{""seed"": 1609924255}"
2026-02-16T21:04:28.298924,SCENE-002,SCENE-002-SHOT-001,VIDEO_GEN,SUCCESS,1003.23,"{""shot_type"": ""Wide"", ""lens"": ""35mm"", ""movement"": ""Tracking""}"
2026-02-16T21:04:28.824614,SCENE-002,SCENE-002-SHOT-002,IMAGE_GEN,SUCCESS,525.36,"{""seed"": 1874531648}"
2026-02-16T21:04:29.831545,SCENE-002,SCENE-002-SHOT-002,VIDEO_GEN,SUCCESS,1006.60,"{""shot_type"": ""Medium"", ""lens"": ""35mm"", ""movement"": ""Tracking""}"
2026-02-16T21:04:30.358730,SCENE-003,SCENE-003-SHOT-001,IMAGE_GEN,SUCCESS,526.64,"{""seed"": 1020254724}"
2026-02-16T21:04:31.365856,SCENE-003,SCENE-003-SHOT-001,VIDEO_GEN,SUCCESS,1006.80,"{""shot_type"": ""Wide"", ""lens"": ""35mm"", ""movement"": ""Tracking""}"
2026-02-16T21:04:31.897185,SCENE-003,SCENE-003-SHOT-002,IMAGE_GEN,SUCCESS,530.77,"{""seed"": 419241762}"
2026-02-16T21:04:32.899952,SCENE-003,SCENE-003-SHOT-002,VIDEO_GEN,SUCCESS,1002.36,"{""shot_type"": ""Medium"", ""lens"": ""35mm"", ""movement"": ""Tracking""}"
2026-02-16T21:04:33.432954,SCENE-001,SCENE-001-SHOT-001,IMAGE_GEN,SUCCESS,530.88,"{""seed"": 96794509}"
2026-02-16T21:04:34.439562,SCENE-001,SCENE-001-SHOT-001,VIDEO_GEN,SUCCESS,1006.30,"{""shot_type"": ""Wide"", ""lens"": ""24mm"", ""movement"": ""Slow Pan""}"
2026-02-16T21:04:34.967910,SCENE-002,SCENE-002-SHOT-001,IMAGE_GEN,SUCCESS,527.98,"{""seed"": 1609924255}"
2026-02-16T21:04:35.974820,SCENE-002,SCENE-002-SHOT-001,VIDEO_GEN,SUCCESS,1006.58,"{""shot_type"": ""Wide"", ""lens"": ""35mm"", ""movement"": ""Tracking""}"
2026-02-16T21:04:36.504010,SCENE-002,SCENE-002-SHOT-002,IMAGE_GEN,SUCCESS,528.74,"{""seed"": 1874531648}"
2026-02-16T21:04:37.510742,SCENE-002,SCENE-002-SHOT-002,VIDEO_GEN,SUCCESS,1006.40,"{""shot_type"": ""Medium"", ""lens"": ""35mm"", ""movement"": ""Tracking""}"
2026-02-16T21:04:38.028987,SCENE-003,SCENE-003-SHOT-001,IMAGE_GEN,SUCCESS,517.71,"{""seed"": 1020254724}"
2026-02-16T21:04:39.030619,SCENE-003,SCENE-003-SHOT-001,VIDEO_GEN,SUCCESS,1001.38,"{""shot_type"": ""Wide"", ""lens"": ""35mm"", ""movement"": ""Tracking""}"
2026-02-16T21:04:39.561460,SCENE-003,SCENE-003-SHOT-002,IMAGE_GEN,SUCCESS,530.46,"{""seed"": 419241762}"
2026-02-16T21:04:40.567612,SCENE-003,SCENE-003-SHOT-002,VIDEO_GEN,SUCCESS,1005.84,"{""shot_type"": ""Medium"", ""lens"": ""35mm"", ""movement"": ""Tracking""}"
2026-02-16T21:04:41.100549,SCENE-001,SCENE-001-SHOT-001,IMAGE_GEN,SUCCESS,530.74,"{""seed"": 96794509}"
2026-02-16T21:04:42.107475,SCENE-001,SCENE-001-SHOT-001,VIDEO_GEN,SUCCESS,1006.57,"{""shot_type"": ""Wide"", ""lens"": ""24mm"", ""movement"": ""Slow Pan""}"
2026-02-16T21:04:42.634420,SCENE-002,SCENE-002-SHOT-001,IMAGE_GEN,SUCCESS,526.34,"{""seed"": 1609924255}"
2026-02-16T21:04:43.640240,SCENE-002,SCENE-002-SHOT-001,VIDEO_GEN,SUCCESS,1005.58,"{""shot_type"": ""Wide"", ""lens"": ""35mm"", ""movement"": ""Tracking""}"
2026-02-16T21:04:44.166680,SCENE-002,SCENE-002-SHOT-002,IMAGE_GEN,SUCCESS,526.22,"{""seed"": 1874531648}"
2026-02-16T21:04:45.173330,SCENE-002,SCENE-002-SHOT-002,VIDEO_GEN,SUCCESS,1006.13,"{""shot_type"": ""Medium"", ""lens"": ""35mm"", ""movement"": ""Tracking""}"
2026-02-16T21:04:45.690718,SCENE-003,SCENE-003-SHOT-001,IMAGE_GEN,SUCCESS,516.96,"{""seed"": 1020254724}"
2026-02-16T21:04:46.697527,SCENE-003,SCENE-003-SHOT-001,VIDEO_GEN,SUCCESS,1006.63,"{""shot_type"": ""Wide"", ""lens"": ""35mm"", ""movement"": ""Tracking""}"
2026-02-16T21:04:47.223516,SCENE-003,SCENE-003-SHOT-002,IMAGE_GEN,SUCCESS,525.41,"{""seed"": 419241762}"
2026-02-16T21:04:48.230219,SCENE-003,SCENE-003-SHOT-002,VIDEO_GEN,SUCCESS,1006.39,"{""shot_type"": ""Medium"", ""lens"": ""35mm"", ""movement"": ""Tracking""}"
2026-02-16T21:04:48.765666,SCENE-001,SCENE-001-SHOT-001,IMAGE_GEN,SUCCESS,529.12,"{""seed"": 96794509}"
2026-02-16T21:04:49.772129,SCENE-001,SCENE-001-SHOT-001,VIDEO_GEN,SUCCESS,1006.10,"{""shot_type"": ""Wide"", ""lens"": ""24mm"", ""movement"": ""Slow Pan""}"
2026-02-16T21:04:50.299118,SCENE-002,SCENE-002-SHOT-001,IMAGE_GEN,SUCCESS,526.65,"{""seed"": 1609924255}"
2026-02-16T21:04:51.306016,SCENE-002,SCENE-002-SHOT-001,VIDEO_GEN,SUCCESS,1006.49,"{""shot_type"": ""Wide"", ""lens"": ""35mm"", ""movement"": ""Tracking""}"
2026-02-16T21:04:51.838595,SCENE-002,SCENE-002-SHOT-002,IMAGE_GEN,SUCCESS,532.10,"{""seed"": 1874531648}"
2026-02-16T21:04:52.845430,SCENE-002,SCENE-002-SHOT-002,VIDEO_GEN,SUCCESS,1006.51,"{""shot_type"": ""Medium"", ""lens"": ""35mm"", ""movement"": ""Tracking""}"
2026-02-16T21:04:53.375051,SCENE-003,SCENE-003-SHOT-001,IMAGE_GEN,SUCCESS,529.04,"{""seed"": 1020254724}"
2026-02-16T21:04:54.382006,SCENE-003,SCENE-003-SHOT-001,VIDEO_GEN,SUCCESS,1006.69,"{""shot_type"": ""Wide"", ""lens"": ""35mm"", ""movement"": ""Tracking""}"
2026-02-16T21:04:54.911112,SCENE-003,SCENE-003-SHOT-002,IMAGE_GEN,SUCCESS,528.53,"{""seed"": 419241762}"
2026-02-16T21:04:55.917876,SCENE-003,SCENE-003-SHOT-002,VIDEO_GEN,SUCCESS,1006.46,"{""shot_type"": ""Medium"", ""lens"": ""35mm"", ""movement"": ""Tracking""}"
2026-02-16T21:06:22.900892,SCENE-001,SCENE-001-SHOT-001,IMAGE_GEN,SUCCESS,542.15,"{""seed"": 976218427}"
2026-02-16T21:06:23.907290,SCENE-001,SCENE-001-SHOT-001,VIDEO_GEN,SUCCESS,1006.08,"{""shot_type"": ""Wide"", ""lens"": ""24mm"", ""movement"": ""Slow Pan""}"
2026-02-16T21:06:24.437019,SCENE-002,SCENE-002-SHOT-001,IMAGE_GEN,SUCCESS,529.28,"{""seed"": 670653716}"
2026-02-16T21:06:25.444769,SCENE-002,SCENE-002-SHOT-001,VIDEO_GEN,SUCCESS,1007.42,"{""shot_type"": ""Wide"", ""lens"": ""35mm"", ""movement"": ""Tracking""}"
2026-02-16T21:06:25.976529,SCENE-002,SCENE-002-SHOT-002,IMAGE_GEN,SUCCESS,531.17,"{""seed"": 1064412463}"
2026-02-16T21:06:26.983324,SCENE-002,SCENE-002-SHOT-002,VIDEO_GEN,SUCCESS,1006.49,"{""shot_type"": ""Medium"", ""lens"": ""35mm"", ""movement"": ""Tracking""}"
2026-02-16T21:06:27.506629,SCENE-003,SCENE-003-SHOT-001,IMAGE_GEN,SUCCESS,522.72,"{""seed"": 1012668962}"
2026-02-16T21:06:28.513543,SCENE-003,SCENE-003-SHOT-001,VIDEO_GEN,SUCCESS,1006.58,"{""shot_type"": ""Wide"", ""lens"": ""35mm"", ""movement"": ""Tracking""}"
2026-02-16T21:06:29.033460,SCENE-003,SCENE-003-SHOT-002,IMAGE_GEN,SUCCESS,519.26,"{""seed"": 1726250401}"
2026-02-16T21:06:30.039800,SCENE-003,SCENE-003-SHOT-002,VIDEO_GEN,SUCCESS,1006.09,"{""shot_type"": ""Medium"", ""lens"": ""35mm"", ""movement"": ""Tracking""}"
2026-02-16T21:06:30.042002,SCENE-001,SCENE-001-SHOT-001,CRITIC_QA,PASS,0.00,"{""score"": ""0.87""}"
2026-02-16T21:06:30.042334,SCENE-002,SCENE-002-SHOT-001,CRITIC_QA,PASS,0.00,"{""score"": ""0.43""}"
2026-02-16T21:06:30.042483,SCENE-002,SCENE-002-SHOT-002,CRITIC_QA,PASS,0.00,"{""score"": ""0.36""}"
2026-02-16T21:06:30.042615,SCENE-003,SCENE-003-SHOT-001,CRITIC_QA,FAIL,0.00,"{""score"": ""0.00"", ""reason"": ""visual_consistency_failure""}"
2026-02-16T21:06:30.042738,SCENE-003,SCENE-003-SHOT-002,CRITIC_QA,PASS,0.00,"{""score"": ""0.71""}"
2026-02-16T21:06:30.574158,SCENE-001,SCENE-001-SHOT-001,IMAGE_GEN,SUCCESS,530.16,"{""seed"": 976218427}"
2026-02-16T21:06:31.580875,SCENE-001,SCENE-001-SHOT-001,VIDEO_GEN,SUCCESS,1006.35,"{""shot_type"": ""Wide"", ""lens"": ""24mm"", ""movement"": ""Slow Pan""}"
2026-02-16T21:06:32.110790,SCENE-002,SCENE-002-SHOT-001,IMAGE_GEN,SUCCESS,529.21,"{""seed"": 670653716}"
2026-02-16T21:06:33.117675,SCENE-002,SCENE-002-SHOT-001,VIDEO_GEN,SUCCESS,1006.61,"{""shot_type"": ""Wide"", ""lens"": ""35mm"", ""movement"": ""Tracking""}"
2026-02-16T21:06:33.645527,SCENE-002,SCENE-002-SHOT-002,IMAGE_GEN,SUCCESS,527.22,"{""seed"": 1064412463}"
2026-02-16T21:06:34.651755,SCENE-002,SCENE-002-SHOT-002,VIDEO_GEN,SUCCESS,1005.94,"{""shot_type"": ""Medium"", ""lens"": ""35mm"", ""movement"": ""Tracking""}"
2026-02-16T21:06:35.184695,SCENE-003,SCENE-003-SHOT-001,IMAGE_GEN,SUCCESS,532.59,"{""seed"": 1012668962}"
2026-02-16T21:06:36.190410,SCENE-003,SCENE-003-SHOT-001,VIDEO_GEN,SUCCESS,1005.44,"{""shot_type"": ""Wide"", ""lens"": ""35mm"", ""movement"": ""Tracking""}"
2026-02-16T21:06:36.722247,SCENE-003,SCENE-003-SHOT-002,IMAGE_GEN,SUCCESS,531.33,"{""seed"": 1726250401}"
2026-02-16T21:06:37.726470,SCENE-003,SCENE-003-SHOT-002,VIDEO_GEN,SUCCESS,1003.90,"{""shot_type"": ""Medium"", ""lens"": ""35mm"", ""movement"": ""Tracking""}"
2026-02-16T21:06:37.727383,SCENE-001,SCENE-001-SHOT-001,CRITIC_QA,PASS,0.00,"{""score"": ""0.49""}"
2026-02-16T21:06:37.727575,SCENE-002,SCENE-002-SHOT-001,CRITIC_QA,PASS,0.00,"{""score"": ""0.42""}"
2026-02-16T21:06:37.727728,SCENE-002,SCENE-002-SHOT-002,CRITIC_QA,PASS,0.00,"{""score"": ""0.61""}"
2026-02-16T21:06:37.727862,SCENE-003,SCENE-003-SHOT-001,CRITIC_QA,PASS,0.00,"{""score"": ""0.53""}"
2026-02-16T21:06:37.727977,SCENE-003,SCENE-003-SHOT-002,CRITIC_QA,PASS,0.00,"{""score"": ""0.46""}"
2026-02-16T21:14:33.051310,SCENE-001,SCENE-001-SHOT-001,IMAGE_GEN,SUCCESS,540.65,"{""seed"": 1872068812}"
2026-02-16T21:14:34.059727,SCENE-001,SCENE-001-SHOT-001,VIDEO_GEN,SUCCESS,1007.38,"{""shot_type"": ""Wide"", ""lens"": ""24mm"", ""movement"": ""Slow Pan""}"
2026-02-16T21:14:34.591895,SCENE-002,SCENE-002-SHOT-001,IMAGE_GEN,SUCCESS,531.68,"{""seed"": 329101423}"
2026-02-16T21:14:35.598768,SCENE-002,SCENE-002-SHOT-001,VIDEO_GEN,SUCCESS,1006.51,"{""shot_type"": ""Wide"", ""lens"": ""35mm"", ""movement"": ""Tracking""}"
2026-02-16T21:14:36.127868,SCENE-002,SCENE-002-SHOT-002,IMAGE_GEN,SUCCESS,528.41,"{""seed"": 1651985912}"
2026-02-16T21:14:37.134061,SCENE-002,SCENE-002-SHOT-002,VIDEO_GEN,SUCCESS,1005.84,"{""shot_type"": ""Medium"", ""lens"": ""35mm"", ""movement"": ""Tracking""}"
2026-02-16T21:14:37.663425,SCENE-003,SCENE-003-SHOT-001,IMAGE_GEN,SUCCESS,528.94,"{""seed"": 851223497}"
2026-02-16T21:14:38.671328,SCENE-003,SCENE-003-SHOT-001,VIDEO_GEN,SUCCESS,1007.56,"{""shot_type"": ""Wide"", ""lens"": ""35mm"", ""movement"": ""Tracking""}"
2026-02-16T21:14:39.202412,SCENE-003,SCENE-003-SHOT-002,IMAGE_GEN,SUCCESS,530.64,"{""seed"": 1674655578}"
2026-02-16T21:14:40.209418,SCENE-003,SCENE-003-SHOT-002,VIDEO_GEN,SUCCESS,1006.69,"{""shot_type"": ""Medium"", ""lens"": ""35mm"", ""movement"": ""Tracking""}"
2026-02-16T21:14:40.212992,SCENE-001,SCENE-001-SHOT-001,CRITIC_QA,FAIL,0.00,"{""score"": ""0.25"", ""reason"": ""visual_consistency_failure""}"
2026-02-16T21:14:40.213241,SCENE-002,SCENE-002-SHOT-001,CRITIC_QA,PASS,0.00,"{""score"": ""0.74""}"
2026-02-16T21:14:40.213389,SCENE-002,SCENE-002-SHOT-002,CRITIC_QA,PASS,0.00,"{""score"": ""0.60""}"
2026-02-16T21:14:40.213513,SCENE-003,SCENE-003-SHOT-001,CRITIC_QA,PASS,0.00,"{""score"": ""0.83""}"
2026-02-16T21:14:40.213641,SCENE-003,SCENE-003-SHOT-002,CRITIC_QA,PASS,0.00,"{""score"": ""0.77""}"
2026-02-16T21:14:40.749587,SCENE-001,SCENE-001-SHOT-001,IMAGE_GEN,SUCCESS,533.40,"{""seed"": 1872068812}"
2026-02-16T21:14:41.750404,SCENE-001,SCENE-001-SHOT-001,VIDEO_GEN,SUCCESS,1000.49,"{""shot_type"": ""Wide"", ""lens"": ""24mm"", ""movement"": ""Slow Pan""}"
2026-02-16T21:14:42.284547,SCENE-002,SCENE-002-SHOT-001,IMAGE_GEN,SUCCESS,533.48,"{""seed"": 329101423}"
2026-02-16T21:14:43.291591,SCENE-002,SCENE-002-SHOT-001,VIDEO_GEN,SUCCESS,1006.70,"{""shot_type"": ""Wide"", ""lens"": ""35mm"", ""movement"": ""Tracking""}"
2026-02-16T21:14:43.823556,SCENE-002,SCENE-002-SHOT-002,IMAGE_GEN,SUCCESS,531.35,"{""seed"": 1651985912}"
2026-02-16T21:14:44.829154,SCENE-002,SCENE-002-SHOT-002,VIDEO_GEN,SUCCESS,1005.33,"{""shot_type"": ""Medium"", ""lens"": ""35mm"", ""movement"": ""Tracking""}"
2026-02-16T21:14:45.361421,SCENE-003,SCENE-003-SHOT-001,IMAGE_GEN,SUCCESS,532.03,"{""seed"": 851223497}"
2026-02-16T21:14:46.368094,SCENE-003,SCENE-003-SHOT-001,VIDEO_GEN,SUCCESS,1006.42,"{""shot_type"": ""Wide"", ""lens"": ""35mm"", ""movement"": ""Tracking""}"
2026-02-16T21:14:46.897868,SCENE-003,SCENE-003-SHOT-002,IMAGE_GEN,SUCCESS,529.11,"{""seed"": 1674655578}"
2026-02-16T21:14:47.899331,SCENE-003,SCENE-003-SHOT-002,VIDEO_GEN,SUCCESS,1001.15,"{""shot_type"": ""Medium"", ""lens"": ""35mm"", ""movement"": ""Tracking""}"
2026-02-16T21:14:47.900600,SCENE-001,SCENE-001-SHOT-001,CRITIC_QA,FAIL,0.00,"{""score"": ""0.01"", ""reason"": ""visual_consistency_failure""}"
2026-02-16T21:14:47.900738,SCENE-002,SCENE-002-SHOT-001,CRITIC_QA,PASS,0.00,"{""score"": ""0.96""}"
2026-02-16T21:14:47.900811,SCENE-002,SCENE-002-SHOT-002,CRITIC_QA,PASS,0.00,"{""score"": ""0.54""}"
2026-02-16T21:14:47.900884,SCENE-003,SCENE-003-SHOT-001,CRITIC_QA,PASS,0.00,"{""score"": ""0.76""}"
2026-02-16T21:14:47.900947,SCENE-003,SCENE-003-SHOT-002,CRITIC_QA,PASS,0.00,"{""score"": ""0.87""}"
2026-02-16T21:14:48.435640,SCENE-001,SCENE-001-SHOT-001,IMAGE_GEN,SUCCESS,533.62,"{""seed"": 1872068812}"
2026-02-16T21:14:49.442009,SCENE-001,SCENE-001-SHOT-001,VIDEO_GEN,SUCCESS,1006.03,"{""shot_type"": ""Wide"", ""lens"": ""24mm"", ""movement"": ""Slow Pan""}"
2026-02-16T21:14:49.970311,SCENE-002,SCENE-002-SHOT-001,IMAGE_GEN,SUCCESS,527.79,"{""seed"": 329101423}"
2026-02-16T21:14:50.971255,SCENE-002,SCENE-002-SHOT-001,VIDEO_GEN,SUCCESS,1000.64,"{""shot_type"": ""Wide"", ""lens"": ""35mm"", ""movement"": ""Tracking""}"
2026-02-16T21:14:51.502636,SCENE-002,SCENE-002-SHOT-002,IMAGE_GEN,SUCCESS,531.11,"{""seed"": 1651985912}"
2026-02-16T21:14:52.508969,SCENE-002,SCENE-002-SHOT-002,VIDEO_GEN,SUCCESS,1006.05,"{""shot_type"": ""Medium"", ""lens"": ""35mm"", ""movement"": ""Tracking""}"
2026-02-16T21:14:53.033836,SCENE-003,SCENE-003-SHOT-001,IMAGE_GEN,SUCCESS,524.24,"{""seed"": 851223497}"
2026-02-16T21:14:54.040359,SCENE-003,SCENE-003-SHOT-001,VIDEO_GEN,SUCCESS,1006.25,"{""shot_type"": ""Wide"", ""lens"": ""35mm"", ""movement"": ""Tracking""}"
2026-02-16T21:14:54.573584,SCENE-003,SCENE-003-SHOT-002,IMAGE_GEN,SUCCESS,532.68,"{""seed"": 1674655578}"
2026-02-16T21:14:55.580094,SCENE-003,SCENE-003-SHOT-002,VIDEO_GEN,SUCCESS,1006.22,"{""shot_type"": ""Medium"", ""lens"": ""35mm"", ""movement"": ""Tracking""}"
2026-02-16T21:14:55.582982,SCENE-001,SCENE-001-SHOT-001,CRITIC_QA,PASS,0.00,"{""score"": ""0.58""}"
2026-02-16T21:14:55.583325,SCENE-002,SCENE-002-SHOT-001,CRITIC_QA,PASS,0.00,"{""score"": ""0.43""}"
2026-02-16T21:14:55.583508,SCENE-002,SCENE-002-SHOT-002,CRITIC_QA,FAIL,0.00,"{""score"": ""0.06"", ""reason"": ""visual_consistency_failure""}"
2026-02-16T21:14:55.583697,SCENE-003,SCENE-003-SHOT-001,CRITIC_QA,PASS,0.00,"{""score"": ""0.56""}"
2026-02-16T21:14:55.583843,SCENE-003,SCENE-003-SHOT-002,CRITIC_QA,PASS,0.00,"{""score"": ""0.75""}"
2026-02-16T21:14:56.113621,SCENE-001,SCENE-001-SHOT-001,IMAGE_GEN,SUCCESS,527.32,"{""seed"": 1872068812}"
2026-02-16T21:14:57.120274,SCENE-001,SCENE-001-SHOT-001,VIDEO_GEN,SUCCESS,1006.38,"{""shot_type"": ""Wide"", ""lens"": ""24mm"", ""movement"": ""Slow Pan""}"
2026-02-16T21:14:57.655122,SCENE-002,SCENE-002-SHOT-001,IMAGE_GEN,SUCCESS,533.94,"{""seed"": 329101423}"
2026-02-16T21:14:58.662138,SCENE-002,SCENE-002-SHOT-001,VIDEO_GEN,SUCCESS,1006.72,"{""shot_type"": ""Wide"", ""lens"": ""35mm"", ""movement"": ""Tracking""}"
2026-02-16T21:14:59.191079,SCENE-002,SCENE-002-SHOT-002,IMAGE_GEN,SUCCESS,527.95,"{""seed"": 1651985912}"
2026-02-16T21:15:00.197915,SCENE-002,SCENE-002-SHOT-002,VIDEO_GEN,SUCCESS,1006.50,"{""shot_type"": ""Medium"", ""lens"": ""35mm"", ""movement"": ""Tracking""}"
2026-02-16T21:15:00.728375,SCENE-003,SCENE-003-SHOT-001,IMAGE_GEN,SUCCESS,529.83,"{""seed"": 851223497}"
2026-02-16T21:15:01.734821,SCENE-003,SCENE-003-SHOT-001,VIDEO_GEN,SUCCESS,1006.13,"{""shot_type"": ""Wide"", ""lens"": ""35mm"", ""movement"": ""Tracking""}"
2026-02-16T21:15:02.263828,SCENE-003,SCENE-003-SHOT-002,IMAGE_GEN,SUCCESS,528.55,"{""seed"": 1674655578}"
2026-02-16T21:15:03.270764,SCENE-003,SCENE-003-SHOT-002,VIDEO_GEN,SUCCESS,1006.65,"{""shot_type"": ""Medium"", ""lens"": ""35mm"", ""movement"": ""Tracking""}"
2026-02-16T21:15:03.274748,SCENE-001,SCENE-001-SHOT-001,CRITIC_QA,FAIL,0.00,"{""score"": ""0.25"", ""reason"": ""visual_consistency_failure""}"
2026-02-16T21:15:03.275117,SCENE-002,SCENE-002-SHOT-001,CRITIC_QA,PASS,0.00,"{""score"": ""0.94""}"
2026-02-16T21:15:03.275317,SCENE-002,SCENE-002-SHOT-002,CRITIC_QA,FAIL,0.00,"{""score"": ""0.18"", ""reason"": ""visual_consistency_failure""}"
2026-02-16T21:15:03.275480,SCENE-003,SCENE-003-SHOT-001,CRITIC_QA,FAIL,0.00,"{""score"": ""0.13"", ""reason"": ""visual_consistency_failure""}"
2026-02-16T21:15:03.275753,SCENE-003,SCENE-003-SHOT-002,CRITIC_QA,PASS,0.00,"{""score"": ""0.36""}"
2026-02-16T21:15:03.812037,SCENE-001,SCENE-001-SHOT-001,IMAGE_GEN,SUCCESS,534.29,"{""seed"": 1872068812}"
2026-02-16T21:15:04.818669,SCENE-001,SCENE-001-SHOT-001,VIDEO_GEN,SUCCESS,1006.31,"{""shot_type"": ""Wide"", ""lens"": ""24mm"", ""movement"": ""Slow Pan""}"
2026-02-16T21:15:05.343797,SCENE-002,SCENE-002-SHOT-001,IMAGE_GEN,SUCCESS,524.65,"{""seed"": 329101423}"
2026-02-16T21:15:06.350032,SCENE-002,SCENE-002-SHOT-001,VIDEO_GEN,SUCCESS,1005.97,"{""shot_type"": ""Wide"", ""lens"": ""35mm"", ""movement"": ""Tracking""}"
2026-02-16T21:15:06.872017,SCENE-002,SCENE-002-SHOT-002,IMAGE_GEN,SUCCESS,521.60,"{""seed"": 1651985912}"
2026-02-16T21:15:07.877728,SCENE-002,SCENE-002-SHOT-002,VIDEO_GEN,SUCCESS,1005.50,"{""shot_type"": ""Medium"", ""lens"": ""35mm"", ""movement"": ""Tracking""}"
2026-02-16T21:15:08.411113,SCENE-003,SCENE-003-SHOT-001,IMAGE_GEN,SUCCESS,533.16,"{""seed"": 851223497}"
2026-02-16T21:15:09.418147,SCENE-003,SCENE-003-SHOT-001,VIDEO_GEN,SUCCESS,1006.74,"{""shot_type"": ""Wide"", ""lens"": ""35mm"", ""movement"": ""Tracking""}"
2026-02-16T21:15:09.948833,SCENE-003,SCENE-003-SHOT-002,IMAGE_GEN,SUCCESS,530.09,"{""seed"": 1674655578}"
2026-02-16T21:15:10.955317,SCENE-003,SCENE-003-SHOT-002,VIDEO_GEN,SUCCESS,1006.18,"{""shot_type"": ""Medium"", ""lens"": ""35mm"", ""movement"": ""Tracking""}"
2026-02-16T21:15:10.958273,SCENE-001,SCENE-001-SHOT-001,CRITIC_QA,PASS,0.00,"{""score"": ""0.73""}"
2026-02-16T21:15:10.958592,SCENE-002,SCENE-002-SHOT-001,CRITIC_QA,PASS,0.00,"{""score"": ""0.97""}"
2026-02-16T21:15:10.958760,SCENE-002,SCENE-002-SHOT-002,CRITIC_QA,PASS,0.00,"{""score"": ""0.92""}"
2026-02-16T21:15:10.958892,SCENE-003,SCENE-003-SHOT-001,CRITIC_QA,PASS,0.00,"{""score"": ""0.51""}"
2026-02-16T21:15:10.959012,SCENE-003,SCENE-003-SHOT-002,CRITIC_QA,PASS,0.00,"{""score"": ""0.77""}"
2026-02-16T21:16:28.554109,SCENE-001,SCENE-001-SHOT-001,IMAGE_GEN,SUCCESS,553.62,"{""seed"": 954852178}"
2026-02-16T21:16:29.561381,SCENE-001,SCENE-001-SHOT-001,VIDEO_GEN,SUCCESS,1006.87,"{""shot_type"": ""Wide"", ""lens"": ""24mm"", ""movement"": ""Slow Pan""}"
2026-02-16T21:16:30.093267,SCENE-002,SCENE-002-SHOT-001,IMAGE_GEN,SUCCESS,531.11,"{""seed"": 99266124}"
2026-02-16T21:16:31.099783,SCENE-002,SCENE-002-SHOT-001,VIDEO_GEN,SUCCESS,1006.26,"{""shot_type"": ""Wide"", ""lens"": ""35mm"", ""movement"": ""Tracking""}"
2026-02-16T21:16:31.630386,SCENE-002,SCENE-002-SHOT-002,IMAGE_GEN,SUCCESS,530.04,"{""seed"": 936275222}"
2026-02-16T21:16:32.637368,SCENE-002,SCENE-002-SHOT-002,VIDEO_GEN,SUCCESS,1006.64,"{""shot_type"": ""Medium"", ""lens"": ""35mm"", ""movement"": ""Tracking""}"
2026-02-16T21:16:33.167967,SCENE-003,SCENE-003-SHOT-001,IMAGE_GEN,SUCCESS,530.05,"{""seed"": 1559518410}"
2026-02-16T21:16:34.169633,SCENE-003,SCENE-003-SHOT-001,VIDEO_GEN,SUCCESS,1001.35,"{""shot_type"": ""Wide"", ""lens"": ""35mm"", ""movement"": ""Tracking""}"
2026-02-16T21:16:34.698814,SCENE-003,SCENE-003-SHOT-002,IMAGE_GEN,SUCCESS,527.42,"{""seed"": 1938627190}"
2026-02-16T21:16:35.705434,SCENE-003,SCENE-003-SHOT-002,VIDEO_GEN,SUCCESS,1006.34,"{""shot_type"": ""Medium"", ""lens"": ""35mm"", ""movement"": ""Tracking""}"
2026-02-16T21:16:35.710384,SCENE-001,SCENE-001-SHOT-001,CRITIC_QA,PASS,0.00,"{""score"": ""0.69""}"
2026-02-16T21:16:35.710833,SCENE-002,SCENE-002-SHOT-001,CRITIC_QA,PASS,0.00,"{""score"": ""0.44""}"
2026-02-16T21:16:35.711055,SCENE-002,SCENE-002-SHOT-002,CRITIC_QA,PASS,0.00,"{""score"": ""0.58""}"
2026-02-16T21:16:35.711207,SCENE-003,SCENE-003-SHOT-001,CRITIC_QA,FAIL,0.00,"{""score"": ""0.03"", ""reason"": ""visual_consistency_failure""}"
2026-02-16T21:16:35.711838,SCENE-003,SCENE-003-SHOT-002,CRITIC_QA,FAIL,0.00,"{""score"": ""0.01"", ""reason"": ""visual_consistency_failure""}"
2026-02-16T21:16:36.313369,SCENE-001,SCENE-001-SHOT-001,IMAGE_GEN,SUCCESS,595.21,"{""seed"": 954852178}"
2026-02-16T21:16:37.314435,SCENE-001,SCENE-001-SHOT-001,VIDEO_GEN,SUCCESS,1000.58,"{""shot_type"": ""Wide"", ""lens"": ""24mm"", ""movement"": ""Slow Pan""}"
2026-02-16T21:16:37.843187,SCENE-002,SCENE-002-SHOT-001,IMAGE_GEN,SUCCESS,528.54,"{""seed"": 99266124}"
2026-02-16T21:16:38.848814,SCENE-002,SCENE-002-SHOT-001,VIDEO_GEN,SUCCESS,1005.39,"{""shot_type"": ""Wide"", ""lens"": ""35mm"", ""movement"": ""Tracking""}"
2026-02-16T21:16:39.378888,SCENE-002,SCENE-002-SHOT-002,IMAGE_GEN,SUCCESS,529.92,"{""seed"": 936275222}"
2026-02-16T21:16:40.382127,SCENE-002,SCENE-002-SHOT-002,VIDEO_GEN,SUCCESS,1002.96,"{""shot_type"": ""Medium"", ""lens"": ""35mm"", ""movement"": ""Tracking""}"
2026-02-16T21:16:40.912794,SCENE-003,SCENE-003-SHOT-001,IMAGE_GEN,SUCCESS,530.29,"{""seed"": 1559518410}"
2026-02-16T21:16:41.914437,SCENE-003,SCENE-003-SHOT-001,VIDEO_GEN,SUCCESS,1001.38,"{""shot_type"": ""Wide"", ""lens"": ""35mm"", ""movement"": ""Tracking""}"
2026-02-16T21:16:42.433769,SCENE-003,SCENE-003-SHOT-002,IMAGE_GEN,SUCCESS,519.08,"{""seed"": 1938627190}"
2026-02-16T21:16:43.435041,SCENE-003,SCENE-003-SHOT-002,VIDEO_GEN,SUCCESS,1001.08,"{""shot_type"": ""Medium"", ""lens"": ""35mm"", ""movement"": ""Tracking""}"
2026-02-16T21:16:43.439099,SCENE-001,SCENE-001-SHOT-001,CRITIC_QA,FAIL,0.00,"{""score"": ""0.09"", ""reason"": ""visual_consistency_failure""}"
2026-02-16T21:16:43.439282,SCENE-002,SCENE-002-SHOT-001,CRITIC_QA,PASS,0.00,"{""score"": ""0.45""}"
2026-02-16T21:16:43.439387,SCENE-002,SCENE-002-SHOT-002,CRITIC_QA,PASS,0.00,"{""score"": ""0.83""}"
2026-02-16T21:16:43.439474,SCENE-003,SCENE-003-SHOT-001,CRITIC_QA,PASS,0.00,"{""score"": ""0.52""}"
2026-02-16T21:16:43.439551,SCENE-003,SCENE-003-SHOT-002,CRITIC_QA,PASS,0.00,"{""score"": ""0.32""}"
2026-02-16T21:16:43.968427,SCENE-001,SCENE-001-SHOT-001,IMAGE_GEN,SUCCESS,527.31,"{""seed"": 954852178}"
2026-02-16T21:16:44.971171,SCENE-001,SCENE-001-SHOT-001,VIDEO_GEN,SUCCESS,1002.41,"{""shot_type"": ""Wide"", ""lens"": ""24mm"", ""movement"": ""Slow Pan""}"
2026-02-16T21:16:45.510403,SCENE-002,SCENE-002-SHOT-001,IMAGE_GEN,SUCCESS,538.98,"{""seed"": 99266124}"
2026-02-16T21:16:46.512353,SCENE-002,SCENE-002-SHOT-001,VIDEO_GEN,SUCCESS,1001.69,"{""shot_type"": ""Wide"", ""lens"": ""35mm"", ""movement"": ""Tracking""}"
2026-02-16T21:16:47.042793,SCENE-002,SCENE-002-SHOT-002,IMAGE_GEN,SUCCESS,529.90,"{""seed"": 936275222}"
2026-02-16T21:16:48.049589,SCENE-002,SCENE-002-SHOT-002,VIDEO_GEN,SUCCESS,1006.42,"{""shot_type"": ""Medium"", ""lens"": ""35mm"", ""movement"": ""Tracking""}"
2026-02-16T21:16:48.605623,SCENE-003,SCENE-003-SHOT-001,IMAGE_GEN,SUCCESS,555.45,"{""seed"": 1559518410}"
2026-02-16T21:16:49.616244,SCENE-003,SCENE-003-SHOT-001,VIDEO_GEN,SUCCESS,1004.42,"{""shot_type"": ""Wide"", ""lens"": ""35mm"", ""movement"": ""Tracking""}"
2026-02-16T21:16:50.143806,SCENE-003,SCENE-003-SHOT-002,IMAGE_GEN,SUCCESS,527.04,"{""seed"": 1938627190}"
2026-02-16T21:16:51.150350,SCENE-003,SCENE-003-SHOT-002,VIDEO_GEN,SUCCESS,1006.26,"{""shot_type"": ""Medium"", ""lens"": ""35mm"", ""movement"": ""Tracking""}"
2026-02-16T21:16:51.157071,SCENE-001,SCENE-001-SHOT-001,CRITIC_QA,FAIL,0.00,"{""score"": ""0.22"", ""reason"": ""visual_consistency_failure""}"
2026-02-16T21:16:51.157682,SCENE-002,SCENE-002-SHOT-001,CRITIC_QA,PASS,0.00,"{""score"": ""0.33""}"
2026-02-16T21:16:51.157942,SCENE-002,SCENE-002-SHOT-002,CRITIC_QA,PASS,0.00,"{""score"": ""0.87""}"
2026-02-16T21:16:51.158110,SCENE-003,SCENE-003-SHOT-001,CRITIC_QA,PASS,0.00,"{""score"": ""0.46""}"
2026-02-16T21:16:51.158251,SCENE-003,SCENE-003-SHOT-002,CRITIC_QA,FAIL,0.00,"{""score"": ""0.04"", ""reason"": ""visual_consistency_failure""}"
2026-02-16T21:16:51.683263,SCENE-001,SCENE-001-SHOT-001,IMAGE_GEN,SUCCESS,521.92,"{""seed"": 954852178}"
2026-02-16T21:16:52.689983,SCENE-001,SCENE-001-SHOT-001,VIDEO_GEN,SUCCESS,1006.41,"{""shot_type"": ""Wide"", ""lens"": ""24mm"", ""movement"": ""Slow Pan""}"
2026-02-16T21:16:53.213424,SCENE-002,SCENE-002-SHOT-001,IMAGE_GEN,SUCCESS,522.98,"{""seed"": 99266124}"
2026-02-16T21:16:54.220966,SCENE-002,SCENE-002-SHOT-001,VIDEO_GEN,SUCCESS,1007.02,"{""shot_type"": ""Wide"", ""lens"": ""35mm"", ""movement"": ""Tracking""}"
2026-02-16T21:16:54.737174,SCENE-002,SCENE-002-SHOT-002,IMAGE_GEN,SUCCESS,515.49,"{""seed"": 936275222}"
2026-02-16T21:16:55.743473,SCENE-002,SCENE-002-SHOT-002,VIDEO_GEN,SUCCESS,1006.00,"{""shot_type"": ""Medium"", ""lens"": ""35mm"", ""movement"": ""Tracking""}"
2026-02-16T21:16:56.271996,SCENE-003,SCENE-003-SHOT-001,IMAGE_GEN,SUCCESS,528.09,"{""seed"": 1559518410}"
2026-02-16T21:16:57.279022,SCENE-003,SCENE-003-SHOT-001,VIDEO_GEN,SUCCESS,1006.64,"{""shot_type"": ""Wide"", ""lens"": ""35mm"", ""movement"": ""Tracking""}"
2026-02-16T21:16:57.799022,SCENE-003,SCENE-003-SHOT-002,IMAGE_GEN,SUCCESS,519.32,"{""seed"": 1938627190}"
2026-02-16T21:16:58.803963,SCENE-003,SCENE-003-SHOT-002,VIDEO_GEN,SUCCESS,1004.72,"{""shot_type"": ""Medium"", ""lens"": ""35mm"", ""movement"": ""Tracking""}"
2026-02-16T21:16:58.806923,SCENE-001,SCENE-001-SHOT-001,CRITIC_QA,PASS,0.00,"{""score"": ""0.68""}"
2026-02-16T21:16:58.807025,SCENE-002,SCENE-002-SHOT-001,CRITIC_QA,PASS,0.00,"{""score"": ""0.54""}"
2026-02-16T21:16:58.807096,SCENE-002,SCENE-002-SHOT-002,CRITIC_QA,FAIL,0.00,"{""score"": ""0.04"", ""reason"": ""visual_consistency_failure""}"
2026-02-16T21:16:58.807158,SCENE-003,SCENE-003-SHOT-001,CRITIC_QA,FAIL,0.00,"{""score"": ""0.10"", ""reason"": ""visual_consistency_failure""}"
2026-02-16T21:16:58.807216,SCENE-003,SCENE-003-SHOT-002,CRITIC_QA,FAIL,0.00,"{""score"": ""0.19"", ""reason"": ""visual_consistency_failure""}"
2026-02-16T21:16:59.323658,SCENE-001,SCENE-001-SHOT-001,IMAGE_GEN,SUCCESS,515.69,"{""seed"": 954852178}"
2026-02-16T21:17:00.329684,SCENE-001,SCENE-001-SHOT-001,VIDEO_GEN,SUCCESS,1005.84,"{""shot_type"": ""Wide"", ""lens"": ""24mm"", ""movement"": ""Slow Pan""}"
2026-02-16T21:17:00.862964,SCENE-002,SCENE-002-SHOT-001,IMAGE_GEN,SUCCESS,532.97,"{""seed"": 99266124}"
2026-02-16T21:17:01.870050,SCENE-002,SCENE-002-SHOT-001,VIDEO_GEN,SUCCESS,1006.73,"{""shot_type"": ""Wide"", ""lens"": ""35mm"", ""movement"": ""Tracking""}"
2026-02-16T21:17:02.402371,SCENE-002,SCENE-002-SHOT-002,IMAGE_GEN,SUCCESS,531.61,"{""seed"": 936275222}"
2026-02-16T21:17:03.409431,SCENE-002,SCENE-002-SHOT-002,VIDEO_GEN,SUCCESS,1006.74,"{""shot_type"": ""Medium"", ""lens"": ""35mm"", ""movement"": ""Tracking""}"
2026-02-16T21:17:03.940896,SCENE-003,SCENE-003-SHOT-001,IMAGE_GEN,SUCCESS,530.78,"{""seed"": 1559518410}"
2026-02-16T21:17:04.947673,SCENE-003,SCENE-003-SHOT-001,VIDEO_GEN,SUCCESS,1006.45,"{""shot_type"": ""Wide"", ""lens"": ""35mm"", ""movement"": ""Tracking""}"
2026-02-16T21:17:05.476989,SCENE-003,SCENE-003-SHOT-002,IMAGE_GEN,SUCCESS,528.71,"{""seed"": 1938627190}"
2026-02-16T21:17:06.482682,SCENE-003,SCENE-003-SHOT-002,VIDEO_GEN,SUCCESS,1005.37,"{""shot_type"": ""Medium"", ""lens"": ""35mm"", ""movement"": ""Tracking""}"
2026-02-16T21:17:06.486372,SCENE-001,SCENE-001-SHOT-001,CRITIC_QA,FAIL,0.00,"{""score"": ""0.22"", ""reason"": ""visual_consistency_failure""}"
2026-02-16T21:17:06.486650,SCENE-002,SCENE-002-SHOT-001,CRITIC_QA,PASS,0.00,"{""score"": ""0.62""}"
2026-02-16T21:17:06.486894,SCENE-002,SCENE-002-SHOT-002,CRITIC_QA,PASS,0.00,"{""score"": ""0.43""}"
2026-02-16T21:17:06.487085,SCENE-003,SCENE-003-SHOT-001,CRITIC_QA,PASS,0.00,"{""score"": ""0.98""}"
2026-02-16T21:17:06.487242,SCENE-003,SCENE-003-SHOT-002,CRITIC_QA,FAIL,0.00,"{""score"": ""0.18"", ""reason"": ""visual_consistency_failure""}"
2026-02-16T21:17:07.008193,SCENE-001,SCENE-001-SHOT-001,IMAGE_GEN,SUCCESS,518.58,"{""seed"": 954852178}"
2026-02-16T21:17:08.014848,SCENE-001,SCENE-001-SHOT-001,VIDEO_GEN,SUCCESS,1006.50,"{""shot_type"": ""Wide"", ""lens"": ""24mm"", ""movement"": ""Slow Pan""}"
2026-02-16T21:17:08.547744,SCENE-002,SCENE-002-SHOT-001,IMAGE_GEN,SUCCESS,532.26,"{""seed"": 99266124}"
2026-02-16T21:17:09.554666,SCENE-002,SCENE-002-SHOT-001,VIDEO_GEN,SUCCESS,1006.60,"{""shot_type"": ""Wide"", ""lens"": ""35mm"", ""movement"": ""Tracking""}"
2026-02-16T21:17:10.086175,SCENE-002,SCENE-002-SHOT-002,IMAGE_GEN,SUCCESS,530.93,"{""seed"": 936275222}"
2026-02-16T21:17:11.093094,SCENE-002,SCENE-002-SHOT-002,VIDEO_GEN,SUCCESS,1006.63,"{""shot_type"": ""Medium"", ""lens"": ""35mm"", ""movement"": ""Tracking""}"
2026-02-16T21:17:11.622606,SCENE-003,SCENE-003-SHOT-001,IMAGE_GEN,SUCCESS,528.71,"{""seed"": 1559518410}"
2026-02-16T21:17:12.629280,SCENE-003,SCENE-003-SHOT-001,VIDEO_GEN,SUCCESS,1006.36,"{""shot_type"": ""Wide"", ""lens"": ""35mm"", ""movement"": ""Tracking""}"
2026-02-16T21:17:13.160092,SCENE-003,SCENE-003-SHOT-002,IMAGE_GEN,SUCCESS,530.25,"{""seed"": 1938627190}"
2026-02-16T21:17:14.167063,SCENE-003,SCENE-003-SHOT-002,VIDEO_GEN,SUCCESS,1006.62,"{""shot_type"": ""Medium"", ""lens"": ""35mm"", ""movement"": ""Tracking""}"
2026-02-16T21:17:14.170718,SCENE-001,SCENE-001-SHOT-001,CRITIC_QA,PASS,0.00,"{""score"": ""0.30""}"
2026-02-16T21:17:14.171112,SCENE-002,SCENE-002-SHOT-001,CRITIC_QA,PASS,0.00,"{""score"": ""0.48""}"
2026-02-16T21:17:14.171327,SCENE-002,SCENE-002-SHOT-002,CRITIC_QA,PASS,0.00,"{""score"": ""0.61""}"
2026-02-16T21:17:14.171519,SCENE-003,SCENE-003-SHOT-001,CRITIC_QA,FAIL,0.00,"{""score"": ""0.28"", ""reason"": ""visual_consistency_failure""}"
2026-02-16T21:17:14.171669,SCENE-003,SCENE-003-SHOT-002,CRITIC_QA,PASS,0.00,"{""score"": ""0.74""}"
2026-02-16T21:17:14.705846,SCENE-001,SCENE-001-SHOT-001,IMAGE_GEN,SUCCESS,532.18,"{""seed"": 954852178}"
2026-02-16T21:17:15.711929,SCENE-001,SCENE-001-SHOT-001,VIDEO_GEN,SUCCESS,1005.75,"{""shot_type"": ""Wide"", ""lens"": ""24mm"", ""movement"": ""Slow Pan""}"
2026-02-16T21:17:16.242900,SCENE-002,SCENE-002-SHOT-001,IMAGE_GEN,SUCCESS,530.43,"{""seed"": 99266124}"
2026-02-16T21:17:17.249556,SCENE-002,SCENE-002-SHOT-001,VIDEO_GEN,SUCCESS,1006.30,"{""shot_type"": ""Wide"", ""lens"": ""35mm"", ""movement"": ""Tracking""}"
2026-02-16T21:17:17.777942,SCENE-002,SCENE-002-SHOT-002,IMAGE_GEN,SUCCESS,527.95,"{""seed"": 936275222}"
2026-02-16T21:17:18.785034,SCENE-002,SCENE-002-SHOT-002,VIDEO_GEN,SUCCESS,1006.74,"{""shot_type"": ""Medium"", ""lens"": ""35mm"", ""movement"": ""Tracking""}"
2026-02-16T21:17:19.311593,SCENE-003,SCENE-003-SHOT-001,IMAGE_GEN,SUCCESS,525.88,"{""seed"": 1559518410}"
2026-02-16T21:17:20.318484,SCENE-003,SCENE-003-SHOT-001,VIDEO_GEN,SUCCESS,1006.52,"{""shot_type"": ""Wide"", ""lens"": ""35mm"", ""movement"": ""Tracking""}"
2026-02-16T21:17:20.853332,SCENE-003,SCENE-003-SHOT-002,IMAGE_GEN,SUCCESS,534.17,"{""seed"": 1938627190}"
2026-02-16T21:17:21.859902,SCENE-003,SCENE-003-SHOT-002,VIDEO_GEN,SUCCESS,1006.24,"{""shot_type"": ""Medium"", ""lens"": ""35mm"", ""movement"": ""Tracking""}"
2026-02-16T21:17:21.862696,SCENE-001,SCENE-001-SHOT-001,CRITIC_QA,PASS,0.00,"{""score"": ""0.75""}"
2026-02-16T21:17:21.862941,SCENE-002,SCENE-002-SHOT-001,CRITIC_QA,PASS,0.00,"{""score"": ""0.45""}"
2026-02-16T21:17:21.863116,SCENE-002,SCENE-002-SHOT-002,CRITIC_QA,FAIL,0.00,"{""score"": ""0.27"", ""reason"": ""visual_consistency_failure""}"
2026-02-16T21:17:21.863263,SCENE-003,SCENE-003-SHOT-001,CRITIC_QA,PASS,0.00,"{""score"": ""0.57""}"
2026-02-16T21:17:21.863416,SCENE-003,SCENE-003-SHOT-002,CRITIC_QA,PASS,0.00,"{""score"": ""0.48""}"
2026-02-16T21:17:22.396635,SCENE-001,SCENE-001-SHOT-001,IMAGE_GEN,SUCCESS,531.40,"{""seed"": 954852178}"
2026-02-16T21:17:23.403104,SCENE-001,SCENE-001-SHOT-001,VIDEO_GEN,SUCCESS,1006.17,"{""shot_type"": ""Wide"", ""lens"": ""24mm"", ""movement"": ""Slow Pan""}"
2026-02-16T21:17:23.934299,SCENE-002,SCENE-002-SHOT-001,IMAGE_GEN,SUCCESS,530.67,"{""seed"": 99266124}"
2026-02-16T21:17:24.937967,SCENE-002,SCENE-002-SHOT-001,VIDEO_GEN,SUCCESS,1003.32,"{""shot_type"": ""Wide"", ""lens"": ""35mm"", ""movement"": ""Tracking""}"
2026-02-16T21:17:25.465897,SCENE-002,SCENE-002-SHOT-002,IMAGE_GEN,SUCCESS,527.45,"{""seed"": 936275222}"
2026-02-16T21:17:26.471615,SCENE-002,SCENE-002-SHOT-002,VIDEO_GEN,SUCCESS,1005.41,"{""shot_type"": ""Medium"", ""lens"": ""35mm"", ""movement"": ""Tracking""}"
2026-02-16T21:17:27.002403,SCENE-003,SCENE-003-SHOT-001,IMAGE_GEN,SUCCESS,530.18,"{""seed"": 1559518410}"
2026-02-16T21:17:28.008966,SCENE-003,SCENE-003-SHOT-001,VIDEO_GEN,SUCCESS,1006.31,"{""shot_type"": ""Wide"", ""lens"": ""35mm"", ""movement"": ""Tracking""}"
2026-02-16T21:17:28.537512,SCENE-003,SCENE-003-SHOT-002,IMAGE_GEN,SUCCESS,528.08,"{""seed"": 1938627190}"
2026-02-16T21:17:29.544483,SCENE-003,SCENE-003-SHOT-002,VIDEO_GEN,SUCCESS,1006.58,"{""shot_type"": ""Medium"", ""lens"": ""35mm"", ""movement"": ""Tracking""}"
2026-02-16T21:17:29.547508,SCENE-001,SCENE-001-SHOT-001,CRITIC_QA,PASS,0.00,"{""score"": ""0.88""}"
2026-02-16T21:17:29.547706,SCENE-002,SCENE-002-SHOT-001,CRITIC_QA,PASS,0.00,"{""score"": ""0.88""}"
2026-02-16T21:17:29.547838,SCENE-002,SCENE-002-SHOT-002,CRITIC_QA,PASS,0.00,"{""score"": ""0.63""}"
2026-02-16T21:17:29.547959,SCENE-003,SCENE-003-SHOT-001,CRITIC_QA,FAIL,0.00,"{""score"": ""0.21"", ""reason"": ""visual_consistency_failure""}"
2026-02-16T21:17:29.548076,SCENE-003,SCENE-003-SHOT-002,CRITIC_QA,PASS,0.00,"{""score"": ""0.77""}"
2026-02-16T21:17:30.077831,SCENE-001,SCENE-001-SHOT-001,IMAGE_GEN,SUCCESS,527.78,"{""seed"": 954852178}"
2026-02-16T21:17:31.083936,SCENE-001,SCENE-001-SHOT-001,VIDEO_GEN,SUCCESS,1005.82,"{""shot_type"": ""Wide"", ""lens"": ""24mm"", ""movement"": ""Slow Pan""}"
2026-02-16T21:17:31.614250,SCENE-002,SCENE-002-SHOT-001,IMAGE_GEN,SUCCESS,529.53,"{""seed"": 99266124}"
2026-02-16T21:17:32.621199,SCENE-002,SCENE-002-SHOT-001,VIDEO_GEN,SUCCESS,1006.60,"{""shot_type"": ""Wide"", ""lens"": ""35mm"", ""movement"": ""Tracking""}"
2026-02-16T21:17:33.152081,SCENE-002,SCENE-002-SHOT-002,IMAGE_GEN,SUCCESS,530.31,"{""seed"": 936275222}"
2026-02-16T21:17:34.158804,SCENE-002,SCENE-002-SHOT-002,VIDEO_GEN,SUCCESS,1006.41,"{""shot_type"": ""Medium"", ""lens"": ""35mm"", ""movement"": ""Tracking""}"
2026-02-16T21:17:34.690493,SCENE-003,SCENE-003-SHOT-001,IMAGE_GEN,SUCCESS,531.14,"{""seed"": 1559518410}"
2026-02-16T21:17:35.697221,SCENE-003,SCENE-003-SHOT-001,VIDEO_GEN,SUCCESS,1006.38,"{""shot_type"": ""Wide"", ""lens"": ""35mm"", ""movement"": ""Tracking""}"
2026-02-16T21:17:36.226047,SCENE-003,SCENE-003-SHOT-002,IMAGE_GEN,SUCCESS,528.26,"{""seed"": 1938627190}"
2026-02-16T21:17:37.232845,SCENE-003,SCENE-003-SHOT-002,VIDEO_GEN,SUCCESS,1006.52,"{""shot_type"": ""Medium"", ""lens"": ""35mm"", ""movement"": ""Tracking""}"
2026-02-16T21:17:37.236549,SCENE-001,SCENE-001-SHOT-001,CRITIC_QA,FAIL,0.00,"{""score"": ""0.20"", ""reason"": ""visual_consistency_failure""}"
2026-02-16T21:17:37.236915,SCENE-002,SCENE-002-SHOT-001,CRITIC_QA,PASS,0.00,"{""score"": ""0.95""}"
2026-02-16T21:17:37.237113,SCENE-002,SCENE-002-SHOT-002,CRITIC_QA,PASS,0.00,"{""score"": ""0.48""}"
2026-02-16T21:17:37.237266,SCENE-003,SCENE-003-SHOT-001,CRITIC_QA,PASS,0.00,"{""score"": ""0.86""}"
2026-02-16T21:17:37.237407,SCENE-003,SCENE-003-SHOT-002,CRITIC_QA,PASS,0.00,"{""score"": ""0.54""}"
2026-02-16T21:17:37.770386,SCENE-001,SCENE-001-SHOT-001,IMAGE_GEN,SUCCESS,530.75,"{""seed"": 954852178}"
2026-02-16T21:17:38.777201,SCENE-001,SCENE-001-SHOT-001,VIDEO_GEN,SUCCESS,1006.59,"{""shot_type"": ""Wide"", ""lens"": ""24mm"", ""movement"": ""Slow Pan""}"
2026-02-16T21:17:39.308199,SCENE-002,SCENE-002-SHOT-001,IMAGE_GEN,SUCCESS,530.32,"{""seed"": 99266124}"
2026-02-16T21:17:40.314591,SCENE-002,SCENE-002-SHOT-001,VIDEO_GEN,SUCCESS,1006.07,"{""shot_type"": ""Wide"", ""lens"": ""35mm"", ""movement"": ""Tracking""}"
2026-02-16T21:17:40.842659,SCENE-002,SCENE-002-SHOT-002,IMAGE_GEN,SUCCESS,527.69,"{""seed"": 936275222}"
2026-02-16T21:17:41.849687,SCENE-002,SCENE-002-SHOT-002,VIDEO_GEN,SUCCESS,1006.72,"{""shot_type"": ""Medium"", ""lens"": ""35mm"", ""movement"": ""Tracking""}"
2026-02-16T21:17:42.379045,SCENE-003,SCENE-003-SHOT-001,IMAGE_GEN,SUCCESS,528.77,"{""seed"": 1559518410}"
2026-02-16T21:17:43.380044,SCENE-003,SCENE-003-SHOT-001,VIDEO_GEN,SUCCESS,1000.69,"{""shot_type"": ""Wide"", ""lens"": ""35mm"", ""movement"": ""Tracking""}"
2026-02-16T21:17:43.913390,SCENE-003,SCENE-003-SHOT-002,IMAGE_GEN,SUCCESS,533.07,"{""seed"": 1938627190}"
2026-02-16T21:17:44.920403,SCENE-003,SCENE-003-SHOT-002,VIDEO_GEN,SUCCESS,1006.73,"{""shot_type"": ""Medium"", ""lens"": ""35mm"", ""movement"": ""Tracking""}"
2026-02-16T21:17:44.923505,SCENE-001,SCENE-001-SHOT-001,CRITIC_QA,PASS,0.00,"{""score"": ""0.68""}"
2026-02-16T21:17:44.923704,SCENE-002,SCENE-002-SHOT-001,CRITIC_QA,PASS,0.00,"{""score"": ""0.82""}"
2026-02-16T21:17:44.923949,SCENE-002,SCENE-002-SHOT-002,CRITIC_QA,PASS,0.00,"{""score"": ""0.32""}"
2026-02-16T21:17:44.924085,SCENE-003,SCENE-003-SHOT-001,CRITIC_QA,PASS,0.00,"{""score"": ""0.49""}"
2026-02-16T21:17:44.924207,SCENE-003,SCENE-003-SHOT-002,CRITIC_QA,PASS,0.00,"{""score"": ""0.90""}"
2026-02-16T21:25:17.027759,SCENE-001,SCENE-001-SHOT-001,IMAGE_GEN,SUCCESS,557.08,"{""seed"": 2011861932}"
2026-02-16T21:25:18.035658,SCENE-001,SCENE-001-SHOT-001,VIDEO_GEN,SUCCESS,1007.53,"{""shot_type"": ""Wide"", ""lens"": ""24mm"", ""movement"": ""Slow Pan""}"
2026-02-16T21:25:18.567916,SCENE-002,SCENE-002-SHOT-001,IMAGE_GEN,SUCCESS,531.67,"{""seed"": 2142169240}"
2026-02-16T21:25:19.575716,SCENE-002,SCENE-002-SHOT-001,VIDEO_GEN,SUCCESS,1007.45,"{""shot_type"": ""Wide"", ""lens"": ""35mm"", ""movement"": ""Tracking""}"
2026-02-16T21:25:20.110388,SCENE-002,SCENE-002-SHOT-002,IMAGE_GEN,SUCCESS,534.06,"{""seed"": 1417424982}"
2026-02-16T21:25:21.117374,SCENE-002,SCENE-002-SHOT-002,VIDEO_GEN,SUCCESS,1006.68,"{""shot_type"": ""Medium"", ""lens"": ""35mm"", ""movement"": ""Tracking""}"
2026-02-16T21:25:21.641720,SCENE-003,SCENE-003-SHOT-001,IMAGE_GEN,SUCCESS,523.71,"{""seed"": 1313308739}"
2026-02-16T21:25:22.648601,SCENE-003,SCENE-003-SHOT-001,VIDEO_GEN,SUCCESS,1006.61,"{""shot_type"": ""Wide"", ""lens"": ""35mm"", ""movement"": ""Tracking""}"
2026-02-16T21:25:23.176226,SCENE-003,SCENE-003-SHOT-002,IMAGE_GEN,SUCCESS,526.96,"{""seed"": 1828254429}"
2026-02-16T21:25:24.177716,SCENE-003,SCENE-003-SHOT-002,VIDEO_GEN,SUCCESS,1001.12,"{""shot_type"": ""Medium"", ""lens"": ""35mm"", ""movement"": ""Tracking""}"
2026-02-16T21:25:26.488376,SCENE-001,SCENE-001-SHOT-001,CRITIC_QA,FAIL,0.00,"{""score"": ""0.32"", ""reason"": ""semantic_drift"", ""method"": ""semantic_similarity""}"
2026-02-16T21:25:26.659582,SCENE-002,SCENE-002-SHOT-001,CRITIC_QA,FAIL,0.00,"{""score"": ""0.35"", ""reason"": ""semantic_drift"", ""method"": ""semantic_similarity""}"
2026-02-16T21:25:26.844584,SCENE-002,SCENE-002-SHOT-002,CRITIC_QA,FAIL,0.00,"{""score"": ""0.35"", ""reason"": ""semantic_drift"", ""method"": ""semantic_similarity""}"
2026-02-16T21:25:26.878664,SCENE-003,SCENE-003-SHOT-001,CRITIC_QA,PASS,0.00,"{""score"": ""0.56"", ""method"": ""semantic_similarity""}"
2026-02-16T21:25:26.914312,SCENE-003,SCENE-003-SHOT-002,CRITIC_QA,PASS,0.00,"{""score"": ""0.56"", ""method"": ""semantic_similarity""}"
2026-02-16T21:25:27.448931,SCENE-001,SCENE-001-SHOT-001,IMAGE_GEN,SUCCESS,532.33,"{""seed"": 2011861932}"
2026-02-16T21:25:28.455291,SCENE-001,SCENE-001-SHOT-001,VIDEO_GEN,SUCCESS,1006.09,"{""shot_type"": ""Wide"", ""lens"": ""24mm"", ""movement"": ""Slow Pan""}"
2026-02-16T21:25:28.987220,SCENE-002,SCENE-002-SHOT-001,IMAGE_GEN,SUCCESS,531.41,"{""seed"": 2142169240}"
2026-02-16T21:25:29.993833,SCENE-002,SCENE-002-SHOT-001,VIDEO_GEN,SUCCESS,1006.31,"{""shot_type"": ""Wide"", ""lens"": ""35mm"", ""movement"": ""Tracking""}"
2026-02-16T21:25:30.521504,SCENE-002,SCENE-002-SHOT-002,IMAGE_GEN,SUCCESS,527.05,"{""seed"": 1417424982}"
2026-02-16T21:25:31.528142,SCENE-002,SCENE-002-SHOT-002,VIDEO_GEN,SUCCESS,1006.34,"{""shot_type"": ""Medium"", ""lens"": ""35mm"", ""movement"": ""Tracking""}"
2026-02-16T21:25:32.058607,SCENE-003,SCENE-003-SHOT-001,IMAGE_GEN,SUCCESS,529.95,"{""seed"": 1313308739}"
2026-02-16T21:25:33.065725,SCENE-003,SCENE-003-SHOT-001,VIDEO_GEN,SUCCESS,1006.79,"{""shot_type"": ""Wide"", ""lens"": ""35mm"", ""movement"": ""Tracking""}"
2026-02-16T21:25:33.605060,SCENE-003,SCENE-003-SHOT-002,IMAGE_GEN,SUCCESS,538.50,"{""seed"": 1828254429}"
2026-02-16T21:25:34.611613,SCENE-003,SCENE-003-SHOT-002,VIDEO_GEN,SUCCESS,1006.21,"{""shot_type"": ""Medium"", ""lens"": ""35mm"", ""movement"": ""Tracking""}"
2026-02-16T21:25:34.673472,SCENE-001,SCENE-001-SHOT-001,CRITIC_QA,FAIL,0.00,"{""score"": ""0.32"", ""reason"": ""semantic_drift"", ""method"": ""semantic_similarity""}"
2026-02-16T21:25:34.690455,SCENE-002,SCENE-002-SHOT-001,CRITIC_QA,FAIL,0.00,"{""score"": ""0.35"", ""reason"": ""semantic_drift"", ""method"": ""semantic_similarity""}"
2026-02-16T21:25:34.705336,SCENE-002,SCENE-002-SHOT-002,CRITIC_QA,FAIL,0.00,"{""score"": ""0.35"", ""reason"": ""semantic_drift"", ""method"": ""semantic_similarity""}"
2026-02-16T21:25:34.720930,SCENE-003,SCENE-003-SHOT-001,CRITIC_QA,PASS,0.00,"{""score"": ""0.56"", ""method"": ""semantic_similarity""}"
2026-02-16T21:25:34.736674,SCENE-003,SCENE-003-SHOT-002,CRITIC_QA,PASS,0.00,"{""score"": ""0.56"", ""method"": ""semantic_similarity""}"
2026-02-16T21:25:35.268616,SCENE-001,SCENE-001-SHOT-001,IMAGE_GEN,SUCCESS,530.69,"{""seed"": 2011861932}"
2026-02-16T21:25:36.275398,SCENE-001,SCENE-001-SHOT-001,VIDEO_GEN,SUCCESS,1006.49,"{""shot_type"": ""Wide"", ""lens"": ""24mm"", ""movement"": ""Slow Pan""}"
2026-02-16T21:25:36.809317,SCENE-002,SCENE-002-SHOT-001,IMAGE_GEN,SUCCESS,533.30,"{""seed"": 2142169240}"
2026-02-16T21:25:37.816247,SCENE-002,SCENE-002-SHOT-001,VIDEO_GEN,SUCCESS,1006.57,"{""shot_type"": ""Wide"", ""lens"": ""35mm"", ""movement"": ""Tracking""}"
2026-02-16T21:25:38.352360,SCENE-002,SCENE-002-SHOT-002,IMAGE_GEN,SUCCESS,535.46,"{""seed"": 1417424982}"
2026-02-16T21:25:39.358621,SCENE-002,SCENE-002-SHOT-002,VIDEO_GEN,SUCCESS,1006.05,"{""shot_type"": ""Medium"", ""lens"": ""35mm"", ""movement"": ""Tracking""}"
2026-02-16T21:25:39.888801,SCENE-003,SCENE-003-SHOT-001,IMAGE_GEN,SUCCESS,529.76,"{""seed"": 1313308739}"
2026-02-16T21:25:40.895190,SCENE-003,SCENE-003-SHOT-001,VIDEO_GEN,SUCCESS,1006.08,"{""shot_type"": ""Wide"", ""lens"": ""35mm"", ""movement"": ""Tracking""}"
2026-02-16T21:25:41.421736,SCENE-003,SCENE-003-SHOT-002,IMAGE_GEN,SUCCESS,526.11,"{""seed"": 1828254429}"
2026-02-16T21:25:42.428512,SCENE-003,SCENE-003-SHOT-002,VIDEO_GEN,SUCCESS,1006.43,"{""shot_type"": ""Medium"", ""lens"": ""35mm"", ""movement"": ""Tracking""}"
2026-02-16T21:25:42.495698,SCENE-001,SCENE-001-SHOT-001,CRITIC_QA,FAIL,0.00,"{""score"": ""0.32"", ""reason"": ""semantic_drift"", ""method"": ""semantic_similarity""}"
2026-02-16T21:25:42.511344,SCENE-002,SCENE-002-SHOT-001,CRITIC_QA,FAIL,0.00,"{""score"": ""0.35"", ""reason"": ""semantic_drift"", ""method"": ""semantic_similarity""}"
2026-02-16T21:25:42.529385,SCENE-002,SCENE-002-SHOT-002,CRITIC_QA,FAIL,0.00,"{""score"": ""0.35"", ""reason"": ""semantic_drift"", ""method"": ""semantic_similarity""}"
2026-02-16T21:25:42.544137,SCENE-003,SCENE-003-SHOT-001,CRITIC_QA,PASS,0.00,"{""score"": ""0.56"", ""method"": ""semantic_similarity""}"
2026-02-16T21:25:42.558673,SCENE-003,SCENE-003-SHOT-002,CRITIC_QA,PASS,0.00,"{""score"": ""0.56"", ""method"": ""semantic_similarity""}"
2026-02-16T21:25:43.092219,SCENE-001,SCENE-001-SHOT-001,IMAGE_GEN,SUCCESS,532.57,"{""seed"": 2011861932}"
2026-02-16T21:25:44.098044,SCENE-001,SCENE-001-SHOT-001,VIDEO_GEN,SUCCESS,1005.53,"{""shot_type"": ""Wide"", ""lens"": ""24mm"", ""movement"": ""Slow Pan""}"
2026-02-16T21:25:44.631861,SCENE-002,SCENE-002-SHOT-001,IMAGE_GEN,SUCCESS,533.58,"{""seed"": 2142169240}"
2026-02-16T21:25:45.638586,SCENE-002,SCENE-002-SHOT-001,VIDEO_GEN,SUCCESS,1006.36,"{""shot_type"": ""Wide"", ""lens"": ""35mm"", ""movement"": ""Tracking""}"
2026-02-16T21:25:46.164961,SCENE-002,SCENE-002-SHOT-002,IMAGE_GEN,SUCCESS,525.78,"{""seed"": 1417424982}"
2026-02-16T21:25:47.171309,SCENE-002,SCENE-002-SHOT-002,VIDEO_GEN,SUCCESS,1006.01,"{""shot_type"": ""Medium"", ""lens"": ""35mm"", ""movement"": ""Tracking""}"
2026-02-16T21:25:47.699974,SCENE-003,SCENE-003-SHOT-001,IMAGE_GEN,SUCCESS,528.07,"{""seed"": 1313308739}"
2026-02-16T21:25:48.706761,SCENE-003,SCENE-003-SHOT-001,VIDEO_GEN,SUCCESS,1006.48,"{""shot_type"": ""Wide"", ""lens"": ""35mm"", ""movement"": ""Tracking""}"
2026-02-16T21:25:49.233221,SCENE-003,SCENE-003-SHOT-002,IMAGE_GEN,SUCCESS,525.91,"{""seed"": 1828254429}"
2026-02-16T21:25:50.238873,SCENE-003,SCENE-003-SHOT-002,VIDEO_GEN,SUCCESS,1005.42,"{""shot_type"": ""Medium"", ""lens"": ""35mm"", ""movement"": ""Tracking""}"
2026-02-16T21:25:50.283168,SCENE-001,SCENE-001-SHOT-001,CRITIC_QA,FAIL,0.00,"{""score"": ""0.32"", ""reason"": ""semantic_drift"", ""method"": ""semantic_similarity""}"
2026-02-16T21:25:50.305208,SCENE-002,SCENE-002-SHOT-001,CRITIC_QA,FAIL,0.00,"{""score"": ""0.35"", ""reason"": ""semantic_drift"", ""method"": ""semantic_similarity""}"
2026-02-16T21:25:50.321591,SCENE-002,SCENE-002-SHOT-002,CRITIC_QA,FAIL,0.00,"{""score"": ""0.35"", ""reason"": ""semantic_drift"", ""method"": ""semantic_similarity""}"
2026-02-16T21:25:50.337465,SCENE-003,SCENE-003-SHOT-001,CRITIC_QA,PASS,0.00,"{""score"": ""0.56"", ""method"": ""semantic_similarity""}"
2026-02-16T21:25:50.353690,SCENE-003,SCENE-003-SHOT-002,CRITIC_QA,PASS,0.00,"{""score"": ""0.56"", ""method"": ""semantic_similarity""}"
2026-02-16T21:25:50.888485,SCENE-001,SCENE-001-SHOT-001,IMAGE_GEN,SUCCESS,533.36,"{""seed"": 2011861932}"
2026-02-16T21:25:51.890561,SCENE-001,SCENE-001-SHOT-001,VIDEO_GEN,SUCCESS,1001.74,"{""shot_type"": ""Wide"", ""lens"": ""24mm"", ""movement"": ""Slow Pan""}"
2026-02-16T21:25:52.418121,SCENE-002,SCENE-002-SHOT-001,IMAGE_GEN,SUCCESS,527.24,"{""seed"": 2142169240}"
2026-02-16T21:25:53.424016,SCENE-002,SCENE-002-SHOT-001,VIDEO_GEN,SUCCESS,1005.63,"{""shot_type"": ""Wide"", ""lens"": ""35mm"", ""movement"": ""Tracking""}"
2026-02-16T21:25:53.950477,SCENE-002,SCENE-002-SHOT-002,IMAGE_GEN,SUCCESS,526.06,"{""seed"": 1417424982}"
2026-02-16T21:25:54.957097,SCENE-002,SCENE-002-SHOT-002,VIDEO_GEN,SUCCESS,1006.35,"{""shot_type"": ""Medium"", ""lens"": ""35mm"", ""movement"": ""Tracking""}"
2026-02-16T21:25:55.488132,SCENE-003,SCENE-003-SHOT-001,IMAGE_GEN,SUCCESS,530.40,"{""seed"": 1313308739}"
2026-02-16T21:25:56.494456,SCENE-003,SCENE-003-SHOT-001,VIDEO_GEN,SUCCESS,1005.98,"{""shot_type"": ""Wide"", ""lens"": ""35mm"", ""movement"": ""Tracking""}"
2026-02-16T21:25:57.043701,SCENE-003,SCENE-003-SHOT-002,IMAGE_GEN,SUCCESS,548.66,"{""seed"": 1828254429}"
2026-02-16T21:25:58.049694,SCENE-003,SCENE-003-SHOT-002,VIDEO_GEN,SUCCESS,1005.74,"{""shot_type"": ""Medium"", ""lens"": ""35mm"", ""movement"": ""Tracking""}"
2026-02-16T21:25:58.286986,SCENE-001,SCENE-001-SHOT-001,CRITIC_QA,FAIL,0.00,"{""score"": ""0.32"", ""reason"": ""semantic_drift"", ""method"": ""semantic_similarity""}"
2026-02-16T21:25:58.303829,SCENE-002,SCENE-002-SHOT-001,CRITIC_QA,FAIL,0.00,"{""score"": ""0.35"", ""reason"": ""semantic_drift"", ""method"": ""semantic_similarity""}"
2026-02-16T21:25:58.317838,SCENE-002,SCENE-002-SHOT-002,CRITIC_QA,FAIL,0.00,"{""score"": ""0.35"", ""reason"": ""semantic_drift"", ""method"": ""semantic_similarity""}"
2026-02-16T21:25:58.332471,SCENE-003,SCENE-003-SHOT-001,CRITIC_QA,PASS,0.00,"{""score"": ""0.56"", ""method"": ""semantic_similarity""}"
2026-02-16T21:25:58.347304,SCENE-003,SCENE-003-SHOT-002,CRITIC_QA,PASS,0.00,"{""score"": ""0.56"", ""method"": ""semantic_similarity""}"
2026-02-16T21:25:58.897664,SCENE-001,SCENE-001-SHOT-001,IMAGE_GEN,SUCCESS,537.87,"{""seed"": 2011861932}"
2026-02-16T21:25:59.904780,SCENE-001,SCENE-001-SHOT-001,VIDEO_GEN,SUCCESS,1006.62,"{""shot_type"": ""Wide"", ""lens"": ""24mm"", ""movement"": ""Slow Pan""}"
2026-02-16T21:26:00.442078,SCENE-002,SCENE-002-SHOT-001,IMAGE_GEN,SUCCESS,536.60,"{""seed"": 2142169240}"
2026-02-16T21:26:01.448857,SCENE-002,SCENE-002-SHOT-001,VIDEO_GEN,SUCCESS,1006.31,"{""shot_type"": ""Wide"", ""lens"": ""35mm"", ""movement"": ""Tracking""}"
2026-02-16T21:26:01.980616,SCENE-002,SCENE-002-SHOT-002,IMAGE_GEN,SUCCESS,531.12,"{""seed"": 1417424982}"
2026-02-16T21:26:02.987449,SCENE-002,SCENE-002-SHOT-002,VIDEO_GEN,SUCCESS,1006.48,"{""shot_type"": ""Medium"", ""lens"": ""35mm"", ""movement"": ""Tracking""}"
2026-02-16T21:26:03.515087,SCENE-003,SCENE-003-SHOT-001,IMAGE_GEN,SUCCESS,527.01,"{""seed"": 1313308739}"
2026-02-16T21:26:04.521653,SCENE-003,SCENE-003-SHOT-001,VIDEO_GEN,SUCCESS,1006.27,"{""shot_type"": ""Wide"", ""lens"": ""35mm"", ""movement"": ""Tracking""}"
2026-02-16T21:26:05.054839,SCENE-003,SCENE-003-SHOT-002,IMAGE_GEN,SUCCESS,532.49,"{""seed"": 1828254429}"
2026-02-16T21:26:06.061675,SCENE-003,SCENE-003-SHOT-002,VIDEO_GEN,SUCCESS,1006.48,"{""shot_type"": ""Medium"", ""lens"": ""35mm"", ""movement"": ""Tracking""}"
2026-02-16T21:26:06.208492,SCENE-001,SCENE-001-SHOT-001,CRITIC_QA,FAIL,0.00,"{""score"": ""0.32"", ""reason"": ""semantic_drift"", ""method"": ""semantic_similarity""}"
2026-02-16T21:26:06.223667,SCENE-002,SCENE-002-SHOT-001,CRITIC_QA,FAIL,0.00,"{""score"": ""0.35"", ""reason"": ""semantic_drift"", ""method"": ""semantic_similarity""}"
2026-02-16T21:26:06.236890,SCENE-002,SCENE-002-SHOT-002,CRITIC_QA,FAIL,0.00,"{""score"": ""0.35"", ""reason"": ""semantic_drift"", ""method"": ""semantic_similarity""}"
2026-02-16T21:26:06.251013,SCENE-003,SCENE-003-SHOT-001,CRITIC_QA,PASS,0.00,"{""score"": ""0.56"", ""method"": ""semantic_similarity""}"
2026-02-16T21:26:06.265243,SCENE-003,SCENE-003-SHOT-002,CRITIC_QA,PASS,0.00,"{""score"": ""0.56"", ""method"": ""semantic_similarity""}"
2026-02-16T21:26:06.798329,SCENE-001,SCENE-001-SHOT-001,IMAGE_GEN,SUCCESS,532.16,"{""seed"": 2011861932}"
2026-02-16T21:26:07.805105,SCENE-001,SCENE-001-SHOT-001,VIDEO_GEN,SUCCESS,1006.55,"{""shot_type"": ""Wide"", ""lens"": ""24mm"", ""movement"": ""Slow Pan""}"
2026-02-16T21:26:08.334382,SCENE-002,SCENE-002-SHOT-001,IMAGE_GEN,SUCCESS,528.66,"{""seed"": 2142169240}"
2026-02-16T21:26:09.335231,SCENE-002,SCENE-002-SHOT-001,VIDEO_GEN,SUCCESS,1000.57,"{""shot_type"": ""Wide"", ""lens"": ""35mm"", ""movement"": ""Tracking""}"
2026-02-16T21:26:09.867944,SCENE-002,SCENE-002-SHOT-002,IMAGE_GEN,SUCCESS,532.52,"{""seed"": 1417424982}"
2026-02-16T21:26:10.874852,SCENE-002,SCENE-002-SHOT-002,VIDEO_GEN,SUCCESS,1006.49,"{""shot_type"": ""Medium"", ""lens"": ""35mm"", ""movement"": ""Tracking""}"
2026-02-16T21:26:11.404410,SCENE-003,SCENE-003-SHOT-001,IMAGE_GEN,SUCCESS,528.77,"{""seed"": 1313308739}"
2026-02-16T21:26:12.410504,SCENE-003,SCENE-003-SHOT-001,VIDEO_GEN,SUCCESS,1005.75,"{""shot_type"": ""Wide"", ""lens"": ""35mm"", ""movement"": ""Tracking""}"
2026-02-16T21:26:12.945032,SCENE-003,SCENE-003-SHOT-002,IMAGE_GEN,SUCCESS,534.17,"{""seed"": 1828254429}"
2026-02-16T21:26:13.950777,SCENE-003,SCENE-003-SHOT-002,VIDEO_GEN,SUCCESS,1005.50,"{""shot_type"": ""Medium"", ""lens"": ""35mm"", ""movement"": ""Tracking""}"
2026-02-16T21:26:14.206154,SCENE-001,SCENE-001-SHOT-001,CRITIC_QA,FAIL,0.00,"{""score"": ""0.32"", ""reason"": ""semantic_drift"", ""method"": ""semantic_similarity""}"
2026-02-16T21:26:14.222897,SCENE-002,SCENE-002-SHOT-001,CRITIC_QA,FAIL,0.00,"{""score"": ""0.35"", ""reason"": ""semantic_drift"", ""method"": ""semantic_similarity""}"
2026-02-16T21:26:14.246465,SCENE-002,SCENE-002-SHOT-002,CRITIC_QA,FAIL,0.00,"{""score"": ""0.35"", ""reason"": ""semantic_drift"", ""method"": ""semantic_similarity""}"
2026-02-16T21:26:14.263874,SCENE-003,SCENE-003-SHOT-001,CRITIC_QA,PASS,0.00,"{""score"": ""0.56"", ""method"": ""semantic_similarity""}"
2026-02-16T21:26:14.279072,SCENE-003,SCENE-003-SHOT-002,CRITIC_QA,PASS,0.00,"{""score"": ""0.56"", ""method"": ""semantic_similarity""}"
2026-02-16T21:26:14.822563,SCENE-001,SCENE-001-SHOT-001,IMAGE_GEN,SUCCESS,542.35,"{""seed"": 2011861932}"
2026-02-16T21:26:15.829054,SCENE-001,SCENE-001-SHOT-001,VIDEO_GEN,SUCCESS,1006.10,"{""shot_type"": ""Wide"", ""lens"": ""24mm"", ""movement"": ""Slow Pan""}"
2026-02-16T21:26:16.356222,SCENE-002,SCENE-002-SHOT-001,IMAGE_GEN,SUCCESS,526.65,"{""seed"": 2142169240}"
2026-02-16T21:26:17.362973,SCENE-002,SCENE-002-SHOT-001,VIDEO_GEN,SUCCESS,1006.41,"{""shot_type"": ""Wide"", ""lens"": ""35mm"", ""movement"": ""Tracking""}"
2026-02-16T21:26:17.895761,SCENE-002,SCENE-002-SHOT-002,IMAGE_GEN,SUCCESS,532.20,"{""seed"": 1417424982}"
2026-02-16T21:26:18.902478,SCENE-002,SCENE-002-SHOT-002,VIDEO_GEN,SUCCESS,1006.38,"{""shot_type"": ""Medium"", ""lens"": ""35mm"", ""movement"": ""Tracking""}"
2026-02-16T21:26:19.431645,SCENE-003,SCENE-003-SHOT-001,IMAGE_GEN,SUCCESS,528.56,"{""seed"": 1313308739}"
2026-02-16T21:26:20.438258,SCENE-003,SCENE-003-SHOT-001,VIDEO_GEN,SUCCESS,1006.34,"{""shot_type"": ""Wide"", ""lens"": ""35mm"", ""movement"": ""Tracking""}"
2026-02-16T21:26:20.966829,SCENE-003,SCENE-003-SHOT-002,IMAGE_GEN,SUCCESS,527.97,"{""seed"": 1828254429}"
2026-02-16T21:26:21.973651,SCENE-003,SCENE-003-SHOT-002,VIDEO_GEN,SUCCESS,1006.52,"{""shot_type"": ""Medium"", ""lens"": ""35mm"", ""movement"": ""Tracking""}"
2026-02-16T21:26:22.081219,SCENE-001,SCENE-001-SHOT-001,CRITIC_QA,FAIL,0.00,"{""score"": ""0.32"", ""reason"": ""semantic_drift"", ""method"": ""semantic_similarity""}"
2026-02-16T21:26:22.096621,SCENE-002,SCENE-002-SHOT-001,CRITIC_QA,FAIL,0.00,"{""score"": ""0.35"", ""reason"": ""semantic_drift"", ""method"": ""semantic_similarity""}"
2026-02-16T21:26:22.110557,SCENE-002,SCENE-002-SHOT-002,CRITIC_QA,FAIL,0.00,"{""score"": ""0.35"", ""reason"": ""semantic_drift"", ""method"": ""semantic_similarity""}"
2026-02-16T21:26:22.125548,SCENE-003,SCENE-003-SHOT-001,CRITIC_QA,PASS,0.00,"{""score"": ""0.56"", ""method"": ""semantic_similarity""}"
2026-02-16T21:26:22.141371,SCENE-003,SCENE-003-SHOT-002,CRITIC_QA,PASS,0.00,"{""score"": ""0.56"", ""method"": ""semantic_similarity""}"
2026-02-16T21:26:22.676487,SCENE-001,SCENE-001-SHOT-001,IMAGE_GEN,SUCCESS,534.07,"{""seed"": 2011861932}"
2026-02-16T21:26:23.683031,SCENE-001,SCENE-001-SHOT-001,VIDEO_GEN,SUCCESS,1006.24,"{""shot_type"": ""Wide"", ""lens"": ""24mm"", ""movement"": ""Slow Pan""}"
2026-02-16T21:26:24.203976,SCENE-002,SCENE-002-SHOT-001,IMAGE_GEN,SUCCESS,520.51,"{""seed"": 2142169240}"
2026-02-16T21:26:25.210512,SCENE-002,SCENE-002-SHOT-001,VIDEO_GEN,SUCCESS,1006.35,"{""shot_type"": ""Wide"", ""lens"": ""35mm"", ""movement"": ""Tracking""}"
2026-02-16T21:26:25.735435,SCENE-002,SCENE-002-SHOT-002,IMAGE_GEN,SUCCESS,524.32,"{""seed"": 1417424982}"
2026-02-16T21:26:26.741835,SCENE-002,SCENE-002-SHOT-002,VIDEO_GEN,SUCCESS,1006.12,"{""shot_type"": ""Medium"", ""lens"": ""35mm"", ""movement"": ""Tracking""}"
2026-02-16T21:26:27.265874,SCENE-003,SCENE-003-SHOT-001,IMAGE_GEN,SUCCESS,523.65,"{""seed"": 1313308739}"
2026-02-16T21:26:28.272822,SCENE-003,SCENE-003-SHOT-001,VIDEO_GEN,SUCCESS,1006.71,"{""shot_type"": ""Wide"", ""lens"": ""35mm"", ""movement"": ""Tracking""}"
2026-02-16T21:26:28.801983,SCENE-003,SCENE-003-SHOT-002,IMAGE_GEN,SUCCESS,528.65,"{""seed"": 1828254429}"
2026-02-16T21:26:29.808587,SCENE-003,SCENE-003-SHOT-002,VIDEO_GEN,SUCCESS,1006.30,"{""shot_type"": ""Medium"", ""lens"": ""35mm"", ""movement"": ""Tracking""}"
2026-02-16T21:26:29.935133,SCENE-001,SCENE-001-SHOT-001,CRITIC_QA,FAIL,0.00,"{""score"": ""0.32"", ""reason"": ""semantic_drift"", ""method"": ""semantic_similarity""}"
2026-02-16T21:26:29.949993,SCENE-002,SCENE-002-SHOT-001,CRITIC_QA,FAIL,0.00,"{""score"": ""0.35"", ""reason"": ""semantic_drift"", ""method"": ""semantic_similarity""}"
2026-02-16T21:26:29.964562,SCENE-002,SCENE-002-SHOT-002,CRITIC_QA,FAIL,0.00,"{""score"": ""0.35"", ""reason"": ""semantic_drift"", ""method"": ""semantic_similarity""}"
2026-02-16T21:26:29.979304,SCENE-003,SCENE-003-SHOT-001,CRITIC_QA,PASS,0.00,"{""score"": ""0.56"", ""method"": ""semantic_similarity""}"
2026-02-16T21:26:29.993423,SCENE-003,SCENE-003-SHOT-002,CRITIC_QA,PASS,0.00,"{""score"": ""0.56"", ""method"": ""semantic_similarity""}"
2026-02-16T21:26:30.528376,SCENE-001,SCENE-001-SHOT-001,IMAGE_GEN,SUCCESS,533.75,"{""seed"": 2011861932}"
2026-02-16T21:26:31.535175,SCENE-001,SCENE-001-SHOT-001,VIDEO_GEN,SUCCESS,1006.43,"{""shot_type"": ""Wide"", ""lens"": ""24mm"", ""movement"": ""Slow Pan""}"
2026-02-16T21:26:32.071464,SCENE-002,SCENE-002-SHOT-001,IMAGE_GEN,SUCCESS,535.56,"{""seed"": 2142169240}"
2026-02-16T21:26:33.078222,SCENE-002,SCENE-002-SHOT-001,VIDEO_GEN,SUCCESS,1006.41,"{""shot_type"": ""Wide"", ""lens"": ""35mm"", ""movement"": ""Tracking""}"
2026-02-16T21:26:33.609419,SCENE-002,SCENE-002-SHOT-002,IMAGE_GEN,SUCCESS,530.33,"{""seed"": 1417424982}"
2026-02-16T21:26:34.615961,SCENE-002,SCENE-002-SHOT-002,VIDEO_GEN,SUCCESS,1006.20,"{""shot_type"": ""Medium"", ""lens"": ""35mm"", ""movement"": ""Tracking""}"
2026-02-16T21:26:35.145277,SCENE-003,SCENE-003-SHOT-001,IMAGE_GEN,SUCCESS,528.76,"{""seed"": 1313308739}"
2026-02-16T21:26:36.151937,SCENE-003,SCENE-003-SHOT-001,VIDEO_GEN,SUCCESS,1006.35,"{""shot_type"": ""Wide"", ""lens"": ""35mm"", ""movement"": ""Tracking""}"
2026-02-16T21:26:36.676438,SCENE-003,SCENE-003-SHOT-002,IMAGE_GEN,SUCCESS,523.92,"{""seed"": 1828254429}"
2026-02-16T21:26:37.682803,SCENE-003,SCENE-003-SHOT-002,VIDEO_GEN,SUCCESS,1006.06,"{""shot_type"": ""Medium"", ""lens"": ""35mm"", ""movement"": ""Tracking""}"
2026-02-16T21:26:37.760339,SCENE-001,SCENE-001-SHOT-001,CRITIC_QA,FAIL,0.00,"{""score"": ""0.32"", ""reason"": ""semantic_drift"", ""method"": ""semantic_similarity""}"
2026-02-16T21:26:37.777413,SCENE-002,SCENE-002-SHOT-001,CRITIC_QA,FAIL,0.00,"{""score"": ""0.35"", ""reason"": ""semantic_drift"", ""method"": ""semantic_similarity""}"
2026-02-16T21:26:37.791646,SCENE-002,SCENE-002-SHOT-002,CRITIC_QA,FAIL,0.00,"{""score"": ""0.35"", ""reason"": ""semantic_drift"", ""method"": ""semantic_similarity""}"
2026-02-16T21:26:37.807516,SCENE-003,SCENE-003-SHOT-001,CRITIC_QA,PASS,0.00,"{""score"": ""0.56"", ""method"": ""semantic_similarity""}"
2026-02-16T21:26:37.822892,SCENE-003,SCENE-003-SHOT-002,CRITIC_QA,PASS,0.00,"{""score"": ""0.56"", ""method"": ""semantic_similarity""}"
2026-02-16T21:26:38.349074,SCENE-001,SCENE-001-SHOT-001,IMAGE_GEN,SUCCESS,525.11,"{""seed"": 2011861932}"
2026-02-16T21:26:39.352546,SCENE-001,SCENE-001-SHOT-001,VIDEO_GEN,SUCCESS,1003.12,"{""shot_type"": ""Wide"", ""lens"": ""24mm"", ""movement"": ""Slow Pan""}"
2026-02-16T21:26:39.880326,SCENE-002,SCENE-002-SHOT-001,IMAGE_GEN,SUCCESS,527.31,"{""seed"": 2142169240}"
2026-02-16T21:26:40.887126,SCENE-002,SCENE-002-SHOT-001,VIDEO_GEN,SUCCESS,1006.46,"{""shot_type"": ""Wide"", ""lens"": ""35mm"", ""movement"": ""Tracking""}"
2026-02-16T21:26:41.419811,SCENE-002,SCENE-002-SHOT-002,IMAGE_GEN,SUCCESS,532.08,"{""seed"": 1417424982}"
2026-02-16T21:26:42.426408,SCENE-002,SCENE-002-SHOT-002,VIDEO_GEN,SUCCESS,1006.30,"{""shot_type"": ""Medium"", ""lens"": ""35mm"", ""movement"": ""Tracking""}"
2026-02-16T21:26:42.955789,SCENE-003,SCENE-003-SHOT-001,IMAGE_GEN,SUCCESS,528.75,"{""seed"": 1313308739}"
2026-02-16T21:26:43.962643,SCENE-003,SCENE-003-SHOT-001,VIDEO_GEN,SUCCESS,1006.45,"{""shot_type"": ""Wide"", ""lens"": ""35mm"", ""movement"": ""Tracking""}"
2026-02-16T21:26:44.492205,SCENE-003,SCENE-003-SHOT-002,IMAGE_GEN,SUCCESS,528.97,"{""seed"": 1828254429}"
2026-02-16T21:26:45.499475,SCENE-003,SCENE-003-SHOT-002,VIDEO_GEN,SUCCESS,1006.53,"{""shot_type"": ""Medium"", ""lens"": ""35mm"", ""movement"": ""Tracking""}"
2026-02-16T21:26:45.585540,SCENE-001,SCENE-001-SHOT-001,CRITIC_QA,FAIL,0.00,"{""score"": ""0.32"", ""reason"": ""semantic_drift"", ""method"": ""semantic_similarity""}"
2026-02-16T21:26:45.601025,SCENE-002,SCENE-002-SHOT-001,CRITIC_QA,FAIL,0.00,"{""score"": ""0.35"", ""reason"": ""semantic_drift"", ""method"": ""semantic_similarity""}"
2026-02-16T21:26:45.615424,SCENE-002,SCENE-002-SHOT-002,CRITIC_QA,FAIL,0.00,"{""score"": ""0.35"", ""reason"": ""semantic_drift"", ""method"": ""semantic_similarity""}"
2026-02-16T21:26:45.630264,SCENE-003,SCENE-003-SHOT-001,CRITIC_QA,PASS,0.00,"{""score"": ""0.56"", ""method"": ""semantic_similarity""}"
2026-02-16T21:26:45.645711,SCENE-003,SCENE-003-SHOT-002,CRITIC_QA,PASS,0.00,"{""score"": ""0.56"", ""method"": ""semantic_similarity""}"
2026-02-16T21:26:46.180826,SCENE-001,SCENE-001-SHOT-001,IMAGE_GEN,SUCCESS,533.68,"{""seed"": 2011861932}"
2026-02-16T21:26:47.186292,SCENE-001,SCENE-001-SHOT-001,VIDEO_GEN,SUCCESS,1005.17,"{""shot_type"": ""Wide"", ""lens"": ""24mm"", ""movement"": ""Slow Pan""}"
2026-02-16T21:26:47.717093,SCENE-002,SCENE-002-SHOT-001,IMAGE_GEN,SUCCESS,530.16,"{""seed"": 2142169240}"
2026-02-16T21:26:48.722897,SCENE-002,SCENE-002-SHOT-001,VIDEO_GEN,SUCCESS,1005.50,"{""shot_type"": ""Wide"", ""lens"": ""35mm"", ""movement"": ""Tracking""}"
2026-02-16T21:26:49.245081,SCENE-002,SCENE-002-SHOT-002,IMAGE_GEN,SUCCESS,521.57,"{""seed"": 1417424982}"
2026-02-16T21:26:50.251741,SCENE-002,SCENE-002-SHOT-002,VIDEO_GEN,SUCCESS,1006.45,"{""shot_type"": ""Medium"", ""lens"": ""35mm"", ""movement"": ""Tracking""}"
2026-02-16T21:26:50.781050,SCENE-003,SCENE-003-SHOT-001,IMAGE_GEN,SUCCESS,528.67,"{""seed"": 1313308739}"
2026-02-16T21:26:51.787969,SCENE-003,SCENE-003-SHOT-001,VIDEO_GEN,SUCCESS,1006.56,"{""shot_type"": ""Wide"", ""lens"": ""35mm"", ""movement"": ""Tracking""}"
2026-02-16T21:26:52.311254,SCENE-003,SCENE-003-SHOT-002,IMAGE_GEN,SUCCESS,522.65,"{""seed"": 1828254429}"
2026-02-16T21:26:53.318043,SCENE-003,SCENE-003-SHOT-002,VIDEO_GEN,SUCCESS,1006.49,"{""shot_type"": ""Medium"", ""lens"": ""35mm"", ""movement"": ""Tracking""}"
2026-02-16T21:26:53.381511,SCENE-001,SCENE-001-SHOT-001,CRITIC_QA,FAIL,0.00,"{""score"": ""0.32"", ""reason"": ""semantic_drift"", ""method"": ""semantic_similarity""}"
2026-02-16T21:26:53.397241,SCENE-002,SCENE-002-SHOT-001,CRITIC_QA,FAIL,0.00,"{""score"": ""0.35"", ""reason"": ""semantic_drift"", ""method"": ""semantic_similarity""}"
2026-02-16T21:26:53.411820,SCENE-002,SCENE-002-SHOT-002,CRITIC_QA,FAIL,0.00,"{""score"": ""0.35"", ""reason"": ""semantic_drift"", ""method"": ""semantic_similarity""}"
2026-02-16T21:26:53.426914,SCENE-003,SCENE-003-SHOT-001,CRITIC_QA,PASS,0.00,"{""score"": ""0.56"", ""method"": ""semantic_similarity""}"
2026-02-16T21:26:53.443528,SCENE-003,SCENE-003-SHOT-002,CRITIC_QA,PASS,0.00,"{""score"": ""0.56"", ""method"": ""semantic_similarity""}"
2026-02-16T21:26:53.978112,SCENE-001,SCENE-001-SHOT-001,IMAGE_GEN,SUCCESS,533.43,"{""seed"": 2011861932}"
2026-02-16T21:26:54.984899,SCENE-001,SCENE-001-SHOT-001,VIDEO_GEN,SUCCESS,1006.48,"{""shot_type"": ""Wide"", ""lens"": ""24mm"", ""movement"": ""Slow Pan""}"
2026-02-16T21:26:55.517762,SCENE-002,SCENE-002-SHOT-001,IMAGE_GEN,SUCCESS,532.20,"{""seed"": 2142169240}"
2026-02-16T21:26:56.524751,SCENE-002,SCENE-002-SHOT-001,VIDEO_GEN,SUCCESS,1006.65,"{""shot_type"": ""Wide"", ""lens"": ""35mm"", ""movement"": ""Tracking""}"
2026-02-16T21:26:57.055630,SCENE-002,SCENE-002-SHOT-002,IMAGE_GEN,SUCCESS,530.25,"{""seed"": 1417424982}"
2026-02-16T21:26:58.062523,SCENE-002,SCENE-002-SHOT-002,VIDEO_GEN,SUCCESS,1006.54,"{""shot_type"": ""Medium"", ""lens"": ""35mm"", ""movement"": ""Tracking""}"
2026-02-16T21:26:58.591560,SCENE-003,SCENE-003-SHOT-001,IMAGE_GEN,SUCCESS,528.40,"{""seed"": 1313308739}"
2026-02-16T21:26:59.597884,SCENE-003,SCENE-003-SHOT-001,VIDEO_GEN,SUCCESS,1005.91,"{""shot_type"": ""Wide"", ""lens"": ""35mm"", ""movement"": ""Tracking""}"
2026-02-16T21:27:00.131567,SCENE-003,SCENE-003-SHOT-002,IMAGE_GEN,SUCCESS,533.26,"{""seed"": 1828254429}"
2026-02-16T21:27:01.136029,SCENE-003,SCENE-003-SHOT-002,VIDEO_GEN,SUCCESS,1003.37,"{""shot_type"": ""Medium"", ""lens"": ""35mm"", ""movement"": ""Tracking""}"
2026-02-16T21:27:01.233922,SCENE-001,SCENE-001-SHOT-001,CRITIC_QA,FAIL,0.00,"{""score"": ""0.32"", ""reason"": ""semantic_drift"", ""method"": ""semantic_similarity""}"
2026-02-16T21:27:01.249358,SCENE-002,SCENE-002-SHOT-001,CRITIC_QA,FAIL,0.00,"{""score"": ""0.35"", ""reason"": ""semantic_drift"", ""method"": ""semantic_similarity""}"
2026-02-16T21:27:01.263695,SCENE-002,SCENE-002-SHOT-002,CRITIC_QA,FAIL,0.00,"{""score"": ""0.35"", ""reason"": ""semantic_drift"", ""method"": ""semantic_similarity""}"
2026-02-16T21:27:01.278782,SCENE-003,SCENE-003-SHOT-001,CRITIC_QA,PASS,0.00,"{""score"": ""0.56"", ""method"": ""semantic_similarity""}"
2026-02-16T21:27:01.293240,SCENE-003,SCENE-003-SHOT-002,CRITIC_QA,PASS,0.00,"{""score"": ""0.56"", ""method"": ""semantic_similarity""}"
2026-02-16T21:27:01.827898,SCENE-001,SCENE-001-SHOT-001,IMAGE_GEN,SUCCESS,533.39,"{""seed"": 2011861932}"
2026-02-16T21:27:02.834356,SCENE-001,SCENE-001-SHOT-001,VIDEO_GEN,SUCCESS,1006.15,"{""shot_type"": ""Wide"", ""lens"": ""24mm"", ""movement"": ""Slow Pan""}"
2026-02-16T21:27:03.367609,SCENE-002,SCENE-002-SHOT-001,IMAGE_GEN,SUCCESS,532.59,"{""seed"": 2142169240}"
2026-02-16T21:27:04.374244,SCENE-002,SCENE-002-SHOT-001,VIDEO_GEN,SUCCESS,1006.34,"{""shot_type"": ""Wide"", ""lens"": ""35mm"", ""movement"": ""Tracking""}"
2026-02-16T21:27:04.901446,SCENE-002,SCENE-002-SHOT-002,IMAGE_GEN,SUCCESS,526.74,"{""seed"": 1417424982}"
2026-02-16T21:27:05.907558,SCENE-002,SCENE-002-SHOT-002,VIDEO_GEN,SUCCESS,1005.76,"{""shot_type"": ""Medium"", ""lens"": ""35mm"", ""movement"": ""Tracking""}"
2026-02-16T21:27:06.436596,SCENE-003,SCENE-003-SHOT-001,IMAGE_GEN,SUCCESS,528.55,"{""seed"": 1313308739}"
2026-02-16T21:27:07.443607,SCENE-003,SCENE-003-SHOT-001,VIDEO_GEN,SUCCESS,1006.60,"{""shot_type"": ""Wide"", ""lens"": ""35mm"", ""movement"": ""Tracking""}"
2026-02-16T21:27:07.972212,SCENE-003,SCENE-003-SHOT-002,IMAGE_GEN,SUCCESS,527.85,"{""seed"": 1828254429}"
2026-02-16T21:27:08.978787,SCENE-003,SCENE-003-SHOT-002,VIDEO_GEN,SUCCESS,1006.31,"{""shot_type"": ""Medium"", ""lens"": ""35mm"", ""movement"": ""Tracking""}"
2026-02-16T21:27:09.060752,SCENE-001,SCENE-001-SHOT-001,CRITIC_QA,FAIL,0.00,"{""score"": ""0.32"", ""reason"": ""semantic_drift"", ""method"": ""semantic_similarity""}"
2026-02-16T21:27:09.075837,SCENE-002,SCENE-002-SHOT-001,CRITIC_QA,FAIL,0.00,"{""score"": ""0.35"", ""reason"": ""semantic_drift"", ""method"": ""semantic_similarity""}"
2026-02-16T21:27:09.089792,SCENE-002,SCENE-002-SHOT-002,CRITIC_QA,FAIL,0.00,"{""score"": ""0.35"", ""reason"": ""semantic_drift"", ""method"": ""semantic_similarity""}"
2026-02-16T21:27:09.105911,SCENE-003,SCENE-003-SHOT-001,CRITIC_QA,PASS,0.00,"{""score"": ""0.56"", ""method"": ""semantic_similarity""}"
2026-02-16T21:27:09.121016,SCENE-003,SCENE-003-SHOT-002,CRITIC_QA,PASS,0.00,"{""score"": ""0.56"", ""method"": ""semantic_similarity""}"
2026-02-16T21:27:09.655777,SCENE-001,SCENE-001-SHOT-001,IMAGE_GEN,SUCCESS,533.79,"{""seed"": 2011861932}"
2026-02-16T21:27:10.662661,SCENE-001,SCENE-001-SHOT-001,VIDEO_GEN,SUCCESS,1006.64,"{""shot_type"": ""Wide"", ""lens"": ""24mm"", ""movement"": ""Slow Pan""}"
2026-02-16T21:27:11.191574,SCENE-002,SCENE-002-SHOT-001,IMAGE_GEN,SUCCESS,528.35,"{""seed"": 2142169240}"
2026-02-16T21:27:12.198137,SCENE-002,SCENE-002-SHOT-001,VIDEO_GEN,SUCCESS,1006.31,"{""shot_type"": ""Wide"", ""lens"": ""35mm"", ""movement"": ""Tracking""}"
2026-02-16T21:27:12.730945,SCENE-002,SCENE-002-SHOT-002,IMAGE_GEN,SUCCESS,532.33,"{""seed"": 1417424982}"
2026-02-16T21:27:13.737762,SCENE-002,SCENE-002-SHOT-002,VIDEO_GEN,SUCCESS,1006.38,"{""shot_type"": ""Medium"", ""lens"": ""35mm"", ""movement"": ""Tracking""}"
2026-02-16T21:27:14.257324,SCENE-003,SCENE-003-SHOT-001,IMAGE_GEN,SUCCESS,518.98,"{""seed"": 1313308739}"
2026-02-16T21:27:15.263914,SCENE-003,SCENE-003-SHOT-001,VIDEO_GEN,SUCCESS,1006.38,"{""shot_type"": ""Wide"", ""lens"": ""35mm"", ""movement"": ""Tracking""}"
2026-02-16T21:27:15.797453,SCENE-003,SCENE-003-SHOT-002,IMAGE_GEN,SUCCESS,532.99,"{""seed"": 1828254429}"
2026-02-16T21:27:16.804104,SCENE-003,SCENE-003-SHOT-002,VIDEO_GEN,SUCCESS,1006.34,"{""shot_type"": ""Medium"", ""lens"": ""35mm"", ""movement"": ""Tracking""}"
2026-02-16T21:27:16.869192,SCENE-001,SCENE-001-SHOT-001,CRITIC_QA,FAIL,0.00,"{""score"": ""0.32"", ""reason"": ""semantic_drift"", ""method"": ""semantic_similarity""}"
2026-02-16T21:27:16.884722,SCENE-002,SCENE-002-SHOT-001,CRITIC_QA,FAIL,0.00,"{""score"": ""0.35"", ""reason"": ""semantic_drift"", ""method"": ""semantic_similarity""}"
2026-02-16T21:27:16.899961,SCENE-002,SCENE-002-SHOT-002,CRITIC_QA,FAIL,0.00,"{""score"": ""0.35"", ""reason"": ""semantic_drift"", ""method"": ""semantic_similarity""}"
2026-02-16T21:27:16.915329,SCENE-003,SCENE-003-SHOT-001,CRITIC_QA,PASS,0.00,"{""score"": ""0.56"", ""method"": ""semantic_similarity""}"
2026-02-16T21:27:16.928178,SCENE-003,SCENE-003-SHOT-002,CRITIC_QA,PASS,0.00,"{""score"": ""0.56"", ""method"": ""semantic_similarity""}"
2026-02-16T21:27:17.459875,SCENE-001,SCENE-001-SHOT-001,IMAGE_GEN,SUCCESS,530.56,"{""seed"": 2011861932}"
2026-02-16T21:27:18.466638,SCENE-001,SCENE-001-SHOT-001,VIDEO_GEN,SUCCESS,1006.45,"{""shot_type"": ""Wide"", ""lens"": ""24mm"", ""movement"": ""Slow Pan""}"
2026-02-16T21:27:18.991122,SCENE-002,SCENE-002-SHOT-001,IMAGE_GEN,SUCCESS,523.92,"{""seed"": 2142169240}"
2026-02-16T21:27:19.997816,SCENE-002,SCENE-002-SHOT-001,VIDEO_GEN,SUCCESS,1006.48,"{""shot_type"": ""Wide"", ""lens"": ""35mm"", ""movement"": ""Tracking""}"
2026-02-16T21:27:20.525232,SCENE-002,SCENE-002-SHOT-002,IMAGE_GEN,SUCCESS,526.70,"{""seed"": 1417424982}"
2026-02-16T21:27:21.531879,SCENE-002,SCENE-002-SHOT-002,VIDEO_GEN,SUCCESS,1006.32,"{""shot_type"": ""Medium"", ""lens"": ""35mm"", ""movement"": ""Tracking""}"
2026-02-16T21:27:22.060723,SCENE-003,SCENE-003-SHOT-001,IMAGE_GEN,SUCCESS,528.27,"{""seed"": 1313308739}"
2026-02-16T21:27:23.067614,SCENE-003,SCENE-003-SHOT-001,VIDEO_GEN,SUCCESS,1006.53,"{""shot_type"": ""Wide"", ""lens"": ""35mm"", ""movement"": ""Tracking""}"
2026-02-16T21:27:23.600755,SCENE-003,SCENE-003-SHOT-002,IMAGE_GEN,SUCCESS,532.53,"{""seed"": 1828254429}"
2026-02-16T21:27:24.607665,SCENE-003,SCENE-003-SHOT-002,VIDEO_GEN,SUCCESS,1006.52,"{""shot_type"": ""Medium"", ""lens"": ""35mm"", ""movement"": ""Tracking""}"
2026-02-16T21:27:24.685656,SCENE-001,SCENE-001-SHOT-001,CRITIC_QA,FAIL,0.00,"{""score"": ""0.32"", ""reason"": ""semantic_drift"", ""method"": ""semantic_similarity""}"
2026-02-16T21:27:24.700609,SCENE-002,SCENE-002-SHOT-001,CRITIC_QA,FAIL,0.00,"{""score"": ""0.35"", ""reason"": ""semantic_drift"", ""method"": ""semantic_similarity""}"
2026-02-16T21:27:24.715271,SCENE-002,SCENE-002-SHOT-002,CRITIC_QA,FAIL,0.00,"{""score"": ""0.35"", ""reason"": ""semantic_drift"", ""method"": ""semantic_similarity""}"
2026-02-16T21:27:24.730580,SCENE-003,SCENE-003-SHOT-001,CRITIC_QA,PASS,0.00,"{""score"": ""0.56"", ""method"": ""semantic_similarity""}"
2026-02-16T21:27:24.745983,SCENE-003,SCENE-003-SHOT-002,CRITIC_QA,PASS,0.00,"{""score"": ""0.56"", ""method"": ""semantic_similarity""}"
2026-02-16T21:27:25.279878,SCENE-001,SCENE-001-SHOT-001,IMAGE_GEN,SUCCESS,532.85,"{""seed"": 2011861932}"
2026-02-16T21:27:26.286943,SCENE-001,SCENE-001-SHOT-001,VIDEO_GEN,SUCCESS,1006.62,"{""shot_type"": ""Wide"", ""lens"": ""24mm"", ""movement"": ""Slow Pan""}"
2026-02-16T21:27:26.811307,SCENE-002,SCENE-002-SHOT-001,IMAGE_GEN,SUCCESS,523.74,"{""seed"": 2142169240}"
2026-02-16T21:27:27.818004,SCENE-002,SCENE-002-SHOT-001,VIDEO_GEN,SUCCESS,1006.48,"{""shot_type"": ""Wide"", ""lens"": ""35mm"", ""movement"": ""Tracking""}"
2026-02-16T21:27:28.351066,SCENE-002,SCENE-002-SHOT-002,IMAGE_GEN,SUCCESS,532.48,"{""seed"": 1417424982}"
2026-02-16T21:27:29.357464,SCENE-002,SCENE-002-SHOT-002,VIDEO_GEN,SUCCESS,1006.07,"{""shot_type"": ""Medium"", ""lens"": ""35mm"", ""movement"": ""Tracking""}"
2026-02-16T21:27:29.890810,SCENE-003,SCENE-003-SHOT-001,IMAGE_GEN,SUCCESS,532.90,"{""seed"": 1313308739}"
2026-02-16T21:27:30.897735,SCENE-003,SCENE-003-SHOT-001,VIDEO_GEN,SUCCESS,1006.59,"{""shot_type"": ""Wide"", ""lens"": ""35mm"", ""movement"": ""Tracking""}"
2026-02-16T21:27:31.425454,SCENE-003,SCENE-003-SHOT-002,IMAGE_GEN,SUCCESS,527.10,"{""seed"": 1828254429}"
2026-02-16T21:27:32.432744,SCENE-003,SCENE-003-SHOT-002,VIDEO_GEN,SUCCESS,1006.99,"{""shot_type"": ""Medium"", ""lens"": ""35mm"", ""movement"": ""Tracking""}"
2026-02-16T21:27:32.496687,SCENE-001,SCENE-001-SHOT-001,CRITIC_QA,FAIL,0.00,"{""score"": ""0.32"", ""reason"": ""semantic_drift"", ""method"": ""semantic_similarity""}"
2026-02-16T21:27:32.512466,SCENE-002,SCENE-002-SHOT-001,CRITIC_QA,FAIL,0.00,"{""score"": ""0.35"", ""reason"": ""semantic_drift"", ""method"": ""semantic_similarity""}"
2026-02-16T21:27:32.526361,SCENE-002,SCENE-002-SHOT-002,CRITIC_QA,FAIL,0.00,"{""score"": ""0.35"", ""reason"": ""semantic_drift"", ""method"": ""semantic_similarity""}"
2026-02-16T21:27:32.541609,SCENE-003,SCENE-003-SHOT-001,CRITIC_QA,PASS,0.00,"{""score"": ""0.56"", ""method"": ""semantic_similarity""}"
2026-02-16T21:27:32.556999,SCENE-003,SCENE-003-SHOT-002,CRITIC_QA,PASS,0.00,"{""score"": ""0.56"", ""method"": ""semantic_similarity""}"
2026-02-16T21:27:33.087049,SCENE-001,SCENE-001-SHOT-001,IMAGE_GEN,SUCCESS,528.97,"{""seed"": 2011861932}"
2026-02-16T21:27:34.093861,SCENE-001,SCENE-001-SHOT-001,VIDEO_GEN,SUCCESS,1006.58,"{""shot_type"": ""Wide"", ""lens"": ""24mm"", ""movement"": ""Slow Pan""}"
2026-02-16T21:27:34.622608,SCENE-002,SCENE-002-SHOT-001,IMAGE_GEN,SUCCESS,528.14,"{""seed"": 2142169240}"
2026-02-16T21:27:35.629305,SCENE-002,SCENE-002-SHOT-001,VIDEO_GEN,SUCCESS,1006.40,"{""shot_type"": ""Wide"", ""lens"": ""35mm"", ""movement"": ""Tracking""}"
2026-02-16T21:27:36.163442,SCENE-002,SCENE-002-SHOT-002,IMAGE_GEN,SUCCESS,533.59,"{""seed"": 1417424982}"
2026-02-16T21:27:37.169746,SCENE-002,SCENE-002-SHOT-002,VIDEO_GEN,SUCCESS,1005.98,"{""shot_type"": ""Medium"", ""lens"": ""35mm"", ""movement"": ""Tracking""}"
2026-02-16T21:27:37.702740,SCENE-003,SCENE-003-SHOT-001,IMAGE_GEN,SUCCESS,532.57,"{""seed"": 1313308739}"
2026-02-16T21:27:38.709366,SCENE-003,SCENE-003-SHOT-001,VIDEO_GEN,SUCCESS,1006.27,"{""shot_type"": ""Wide"", ""lens"": ""35mm"", ""movement"": ""Tracking""}"
2026-02-16T21:27:39.224492,SCENE-003,SCENE-003-SHOT-002,IMAGE_GEN,SUCCESS,514.69,"{""seed"": 1828254429}"
2026-02-16T21:27:40.231313,SCENE-003,SCENE-003-SHOT-002,VIDEO_GEN,SUCCESS,1006.61,"{""shot_type"": ""Medium"", ""lens"": ""35mm"", ""movement"": ""Tracking""}"
2026-02-16T21:27:40.295808,SCENE-001,SCENE-001-SHOT-001,CRITIC_QA,FAIL,0.00,"{""score"": ""0.32"", ""reason"": ""semantic_drift"", ""method"": ""semantic_similarity""}"
2026-02-16T21:27:40.311558,SCENE-002,SCENE-002-SHOT-001,CRITIC_QA,FAIL,0.00,"{""score"": ""0.35"", ""reason"": ""semantic_drift"", ""method"": ""semantic_similarity""}"
2026-02-16T21:27:40.326070,SCENE-002,SCENE-002-SHOT-002,CRITIC_QA,FAIL,0.00,"{""score"": ""0.35"", ""reason"": ""semantic_drift"", ""method"": ""semantic_similarity""}"
2026-02-16T21:27:40.341311,SCENE-003,SCENE-003-SHOT-001,CRITIC_QA,PASS,0.00,"{""score"": ""0.56"", ""method"": ""semantic_similarity""}"
2026-02-16T21:27:40.356256,SCENE-003,SCENE-003-SHOT-002,CRITIC_QA,PASS,0.00,"{""score"": ""0.56"", ""method"": ""semantic_similarity""}"
2026-02-16T21:27:40.893370,SCENE-001,SCENE-001-SHOT-001,IMAGE_GEN,SUCCESS,535.97,"{""seed"": 2011861932}"
2026-02-16T21:27:41.900356,SCENE-001,SCENE-001-SHOT-001,VIDEO_GEN,SUCCESS,1006.68,"{""shot_type"": ""Wide"", ""lens"": ""24mm"", ""movement"": ""Slow Pan""}"
2026-02-16T21:27:42.430255,SCENE-002,SCENE-002-SHOT-001,IMAGE_GEN,SUCCESS,529.22,"{""seed"": 2142169240}"
2026-02-16T21:27:43.437182,SCENE-002,SCENE-002-SHOT-001,VIDEO_GEN,SUCCESS,1006.57,"{""shot_type"": ""Wide"", ""lens"": ""35mm"", ""movement"": ""Tracking""}"
2026-02-16T21:27:43.961763,SCENE-002,SCENE-002-SHOT-002,IMAGE_GEN,SUCCESS,523.95,"{""seed"": 1417424982}"
2026-02-16T21:27:44.968128,SCENE-002,SCENE-002-SHOT-002,VIDEO_GEN,SUCCESS,1006.09,"{""shot_type"": ""Medium"", ""lens"": ""35mm"", ""movement"": ""Tracking""}"
2026-02-16T21:27:45.498552,SCENE-003,SCENE-003-SHOT-001,IMAGE_GEN,SUCCESS,529.93,"{""seed"": 1313308739}"
2026-02-16T21:27:46.505313,SCENE-003,SCENE-003-SHOT-001,VIDEO_GEN,SUCCESS,1006.44,"{""shot_type"": ""Wide"", ""lens"": ""35mm"", ""movement"": ""Tracking""}"
2026-02-16T21:27:47.036139,SCENE-003,SCENE-003-SHOT-002,IMAGE_GEN,SUCCESS,530.20,"{""seed"": 1828254429}"
2026-02-16T21:27:48.042896,SCENE-003,SCENE-003-SHOT-002,VIDEO_GEN,SUCCESS,1006.28,"{""shot_type"": ""Medium"", ""lens"": ""35mm"", ""movement"": ""Tracking""}"
2026-02-16T21:27:48.112864,SCENE-001,SCENE-001-SHOT-001,CRITIC_QA,FAIL,0.00,"{""score"": ""0.32"", ""reason"": ""semantic_drift"", ""method"": ""semantic_similarity""}"
2026-02-16T21:27:48.134672,SCENE-002,SCENE-002-SHOT-001,CRITIC_QA,FAIL,0.00,"{""score"": ""0.35"", ""reason"": ""semantic_drift"", ""method"": ""semantic_similarity""}"
2026-02-16T21:27:48.149369,SCENE-002,SCENE-002-SHOT-002,CRITIC_QA,FAIL,0.00,"{""score"": ""0.35"", ""reason"": ""semantic_drift"", ""method"": ""semantic_similarity""}"
2026-02-16T21:27:48.164535,SCENE-003,SCENE-003-SHOT-001,CRITIC_QA,PASS,0.00,"{""score"": ""0.56"", ""method"": ""semantic_similarity""}"
2026-02-16T21:27:48.178922,SCENE-003,SCENE-003-SHOT-002,CRITIC_QA,PASS,0.00,"{""score"": ""0.56"", ""method"": ""semantic_similarity""}"
2026-02-16T21:27:48.712393,SCENE-001,SCENE-001-SHOT-001,IMAGE_GEN,SUCCESS,532.45,"{""seed"": 2011861932}"
2026-02-16T21:27:49.718598,SCENE-001,SCENE-001-SHOT-001,VIDEO_GEN,SUCCESS,1005.90,"{""shot_type"": ""Wide"", ""lens"": ""24mm"", ""movement"": ""Slow Pan""}"
2026-02-16T21:27:50.252541,SCENE-002,SCENE-002-SHOT-001,IMAGE_GEN,SUCCESS,533.58,"{""seed"": 2142169240}"
2026-02-16T21:27:51.257659,SCENE-002,SCENE-002-SHOT-001,VIDEO_GEN,SUCCESS,1004.77,"{""shot_type"": ""Wide"", ""lens"": ""35mm"", ""movement"": ""Tracking""}"
2026-02-16T21:27:51.778399,SCENE-002,SCENE-002-SHOT-002,IMAGE_GEN,SUCCESS,520.44,"{""seed"": 1417424982}"
2026-02-16T21:27:52.784921,SCENE-002,SCENE-002-SHOT-002,VIDEO_GEN,SUCCESS,1006.32,"{""shot_type"": ""Medium"", ""lens"": ""35mm"", ""movement"": ""Tracking""}"
2026-02-16T21:27:53.313959,SCENE-003,SCENE-003-SHOT-001,IMAGE_GEN,SUCCESS,528.43,"{""seed"": 1313308739}"
2026-02-16T21:27:54.320184,SCENE-003,SCENE-003-SHOT-001,VIDEO_GEN,SUCCESS,1005.92,"{""shot_type"": ""Wide"", ""lens"": ""35mm"", ""movement"": ""Tracking""}"
2026-02-16T21:27:54.851800,SCENE-003,SCENE-003-SHOT-002,IMAGE_GEN,SUCCESS,531.28,"{""seed"": 1828254429}"
2026-02-16T21:27:55.858540,SCENE-003,SCENE-003-SHOT-002,VIDEO_GEN,SUCCESS,1006.42,"{""shot_type"": ""Medium"", ""lens"": ""35mm"", ""movement"": ""Tracking""}"
2026-02-16T21:27:55.927616,SCENE-001,SCENE-001-SHOT-001,CRITIC_QA,FAIL,0.00,"{""score"": ""0.32"", ""reason"": ""semantic_drift"", ""method"": ""semantic_similarity""}"
2026-02-16T21:27:55.943305,SCENE-002,SCENE-002-SHOT-001,CRITIC_QA,FAIL,0.00,"{""score"": ""0.35"", ""reason"": ""semantic_drift"", ""method"": ""semantic_similarity""}"
2026-02-16T21:27:55.957505,SCENE-002,SCENE-002-SHOT-002,CRITIC_QA,FAIL,0.00,"{""score"": ""0.35"", ""reason"": ""semantic_drift"", ""method"": ""semantic_similarity""}"
2026-02-16T21:27:55.973135,SCENE-003,SCENE-003-SHOT-001,CRITIC_QA,PASS,0.00,"{""score"": ""0.56"", ""method"": ""semantic_similarity""}"
2026-02-16T21:27:55.989102,SCENE-003,SCENE-003-SHOT-002,CRITIC_QA,PASS,0.00,"{""score"": ""0.56"", ""method"": ""semantic_similarity""}"
2026-02-16T21:27:56.523727,SCENE-001,SCENE-001-SHOT-001,IMAGE_GEN,SUCCESS,533.54,"{""seed"": 2011861932}"
2026-02-16T21:27:57.530608,SCENE-001,SCENE-001-SHOT-001,VIDEO_GEN,SUCCESS,1006.55,"{""shot_type"": ""Wide"", ""lens"": ""24mm"", ""movement"": ""Slow Pan""}"
2026-02-16T21:27:58.062968,SCENE-002,SCENE-002-SHOT-001,IMAGE_GEN,SUCCESS,531.75,"{""seed"": 2142169240}"
2026-02-16T21:27:59.069351,SCENE-002,SCENE-002-SHOT-001,VIDEO_GEN,SUCCESS,1006.08,"{""shot_type"": ""Wide"", ""lens"": ""35mm"", ""movement"": ""Tracking""}"
2026-02-16T21:27:59.602908,SCENE-002,SCENE-002-SHOT-002,IMAGE_GEN,SUCCESS,532.98,"{""seed"": 1417424982}"
2026-02-16T21:28:00.609851,SCENE-002,SCENE-002-SHOT-002,VIDEO_GEN,SUCCESS,1006.59,"{""shot_type"": ""Medium"", ""lens"": ""35mm"", ""movement"": ""Tracking""}"
2026-02-16T21:28:01.135655,SCENE-003,SCENE-003-SHOT-001,IMAGE_GEN,SUCCESS,525.20,"{""seed"": 1313308739}"
2026-02-16T21:28:02.142256,SCENE-003,SCENE-003-SHOT-001,VIDEO_GEN,SUCCESS,1006.34,"{""shot_type"": ""Wide"", ""lens"": ""35mm"", ""movement"": ""Tracking""}"
2026-02-16T21:28:02.676266,SCENE-003,SCENE-003-SHOT-002,IMAGE_GEN,SUCCESS,533.45,"{""seed"": 1828254429}"
2026-02-16T21:28:03.682487,SCENE-003,SCENE-003-SHOT-002,VIDEO_GEN,SUCCESS,1005.92,"{""shot_type"": ""Medium"", ""lens"": ""35mm"", ""movement"": ""Tracking""}"
2026-02-16T21:28:03.772264,SCENE-001,SCENE-001-SHOT-001,CRITIC_QA,FAIL,0.00,"{""score"": ""0.32"", ""reason"": ""semantic_drift"", ""method"": ""semantic_similarity""}"
2026-02-16T21:28:03.787213,SCENE-002,SCENE-002-SHOT-001,CRITIC_QA,FAIL,0.00,"{""score"": ""0.35"", ""reason"": ""semantic_drift"", ""method"": ""semantic_similarity""}"
2026-02-16T21:28:03.801454,SCENE-002,SCENE-002-SHOT-002,CRITIC_QA,FAIL,0.00,"{""score"": ""0.35"", ""reason"": ""semantic_drift"", ""method"": ""semantic_similarity""}"
2026-02-16T21:28:03.816972,SCENE-003,SCENE-003-SHOT-001,CRITIC_QA,PASS,0.00,"{""score"": ""0.56"", ""method"": ""semantic_similarity""}"
2026-02-16T21:28:03.832404,SCENE-003,SCENE-003-SHOT-002,CRITIC_QA,PASS,0.00,"{""score"": ""0.56"", ""method"": ""semantic_similarity""}"
2026-02-16T21:28:04.366178,SCENE-001,SCENE-001-SHOT-001,IMAGE_GEN,SUCCESS,532.61,"{""seed"": 2011861932}"
2026-02-16T21:28:05.373339,SCENE-001,SCENE-001-SHOT-001,VIDEO_GEN,SUCCESS,1006.75,"{""shot_type"": ""Wide"", ""lens"": ""24mm"", ""movement"": ""Slow Pan""}"
2026-02-16T21:28:05.903364,SCENE-002,SCENE-002-SHOT-001,IMAGE_GEN,SUCCESS,529.47,"{""seed"": 2142169240}"
2026-02-16T21:28:06.910239,SCENE-002,SCENE-002-SHOT-001,VIDEO_GEN,SUCCESS,1006.52,"{""shot_type"": ""Wide"", ""lens"": ""35mm"", ""movement"": ""Tracking""}"
2026-02-16T21:28:07.435642,SCENE-002,SCENE-002-SHOT-002,IMAGE_GEN,SUCCESS,524.78,"{""seed"": 1417424982}"
2026-02-16T21:28:08.442348,SCENE-002,SCENE-002-SHOT-002,VIDEO_GEN,SUCCESS,1006.45,"{""shot_type"": ""Medium"", ""lens"": ""35mm"", ""movement"": ""Tracking""}"
2026-02-16T21:28:08.974921,SCENE-003,SCENE-003-SHOT-001,IMAGE_GEN,SUCCESS,531.91,"{""seed"": 1313308739}"
2026-02-16T21:28:09.981674,SCENE-003,SCENE-003-SHOT-001,VIDEO_GEN,SUCCESS,1006.42,"{""shot_type"": ""Wide"", ""lens"": ""35mm"", ""movement"": ""Tracking""}"
2026-02-16T21:28:10.506716,SCENE-003,SCENE-003-SHOT-002,IMAGE_GEN,SUCCESS,524.44,"{""seed"": 1828254429}"
2026-02-16T21:28:11.513446,SCENE-003,SCENE-003-SHOT-002,VIDEO_GEN,SUCCESS,1006.47,"{""shot_type"": ""Medium"", ""lens"": ""35mm"", ""movement"": ""Tracking""}"
2026-02-16T21:28:11.585140,SCENE-001,SCENE-001-SHOT-001,CRITIC_QA,FAIL,0.00,"{""score"": ""0.32"", ""reason"": ""semantic_drift"", ""method"": ""semantic_similarity""}"
2026-02-16T21:28:11.600900,SCENE-002,SCENE-002-SHOT-001,CRITIC_QA,FAIL,0.00,"{""score"": ""0.35"", ""reason"": ""semantic_drift"", ""method"": ""semantic_similarity""}"
2026-02-16T21:28:11.615621,SCENE-002,SCENE-002-SHOT-002,CRITIC_QA,FAIL,0.00,"{""score"": ""0.35"", ""reason"": ""semantic_drift"", ""method"": ""semantic_similarity""}"
2026-02-16T21:28:11.631213,SCENE-003,SCENE-003-SHOT-001,CRITIC_QA,PASS,0.00,"{""score"": ""0.56"", ""method"": ""semantic_similarity""}"
2026-02-16T21:28:11.646686,SCENE-003,SCENE-003-SHOT-002,CRITIC_QA,PASS,0.00,"{""score"": ""0.56"", ""method"": ""semantic_similarity""}"
2026-02-16T21:28:12.177765,SCENE-001,SCENE-001-SHOT-001,IMAGE_GEN,SUCCESS,529.68,"{""seed"": 2011861932}"
2026-02-16T21:28:13.184301,SCENE-001,SCENE-001-SHOT-001,VIDEO_GEN,SUCCESS,1006.26,"{""shot_type"": ""Wide"", ""lens"": ""24mm"", ""movement"": ""Slow Pan""}"
2026-02-16T21:28:13.714297,SCENE-002,SCENE-002-SHOT-001,IMAGE_GEN,SUCCESS,529.51,"{""seed"": 2142169240}"
2026-02-16T21:28:14.721221,SCENE-002,SCENE-002-SHOT-001,VIDEO_GEN,SUCCESS,1006.60,"{""shot_type"": ""Wide"", ""lens"": ""35mm"", ""movement"": ""Tracking""}"
2026-02-16T21:28:15.250113,SCENE-002,SCENE-002-SHOT-002,IMAGE_GEN,SUCCESS,528.31,"{""seed"": 1417424982}"
2026-02-16T21:28:16.256865,SCENE-002,SCENE-002-SHOT-002,VIDEO_GEN,SUCCESS,1006.40,"{""shot_type"": ""Medium"", ""lens"": ""35mm"", ""movement"": ""Tracking""}"
2026-02-16T21:28:16.785498,SCENE-003,SCENE-003-SHOT-001,IMAGE_GEN,SUCCESS,528.07,"{""seed"": 1313308739}"
2026-02-16T21:28:17.792308,SCENE-003,SCENE-003-SHOT-001,VIDEO_GEN,SUCCESS,1006.38,"{""shot_type"": ""Wide"", ""lens"": ""35mm"", ""movement"": ""Tracking""}"
2026-02-16T21:28:18.317897,SCENE-003,SCENE-003-SHOT-002,IMAGE_GEN,SUCCESS,524.99,"{""seed"": 1828254429}"
2026-02-16T21:28:19.320858,SCENE-003,SCENE-003-SHOT-002,VIDEO_GEN,SUCCESS,1002.69,"{""shot_type"": ""Medium"", ""lens"": ""35mm"", ""movement"": ""Tracking""}"
2026-02-16T21:28:19.375214,SCENE-001,SCENE-001-SHOT-001,CRITIC_QA,FAIL,0.00,"{""score"": ""0.32"", ""reason"": ""semantic_drift"", ""method"": ""semantic_similarity""}"
2026-02-16T21:28:19.391213,SCENE-002,SCENE-002-SHOT-001,CRITIC_QA,FAIL,0.00,"{""score"": ""0.35"", ""reason"": ""semantic_drift"", ""method"": ""semantic_similarity""}"
2026-02-16T21:28:19.405913,SCENE-002,SCENE-002-SHOT-002,CRITIC_QA,FAIL,0.00,"{""score"": ""0.35"", ""reason"": ""semantic_drift"", ""method"": ""semantic_similarity""}"
2026-02-16T21:28:19.421244,SCENE-003,SCENE-003-SHOT-001,CRITIC_QA,PASS,0.00,"{""score"": ""0.56"", ""method"": ""semantic_similarity""}"
2026-02-16T21:28:19.436604,SCENE-003,SCENE-003-SHOT-002,CRITIC_QA,PASS,0.00,"{""score"": ""0.56"", ""method"": ""semantic_similarity""}"
2026-02-16T21:28:19.969330,SCENE-001,SCENE-001-SHOT-001,IMAGE_GEN,SUCCESS,531.61,"{""seed"": 2011861932}"
2026-02-16T21:28:20.976037,SCENE-001,SCENE-001-SHOT-001,VIDEO_GEN,SUCCESS,1006.48,"{""shot_type"": ""Wide"", ""lens"": ""24mm"", ""movement"": ""Slow Pan""}"
2026-02-16T21:28:21.500058,SCENE-002,SCENE-002-SHOT-001,IMAGE_GEN,SUCCESS,523.41,"{""seed"": 2142169240}"
2026-02-16T21:28:22.506903,SCENE-002,SCENE-002-SHOT-001,VIDEO_GEN,SUCCESS,1006.62,"{""shot_type"": ""Wide"", ""lens"": ""35mm"", ""movement"": ""Tracking""}"
2026-02-16T21:28:23.037505,SCENE-002,SCENE-002-SHOT-002,IMAGE_GEN,SUCCESS,529.99,"{""seed"": 1417424982}"
2026-02-16T21:28:24.044175,SCENE-002,SCENE-002-SHOT-002,VIDEO_GEN,SUCCESS,1006.38,"{""shot_type"": ""Medium"", ""lens"": ""35mm"", ""movement"": ""Tracking""}"
2026-02-16T21:28:24.573003,SCENE-003,SCENE-003-SHOT-001,IMAGE_GEN,SUCCESS,528.14,"{""seed"": 1313308739}"
2026-02-16T21:28:25.579778,SCENE-003,SCENE-003-SHOT-001,VIDEO_GEN,SUCCESS,1006.46,"{""shot_type"": ""Wide"", ""lens"": ""35mm"", ""movement"": ""Tracking""}"
2026-02-16T21:28:26.108974,SCENE-003,SCENE-003-SHOT-002,IMAGE_GEN,SUCCESS,528.61,"{""seed"": 1828254429}"
2026-02-16T21:28:27.115591,SCENE-003,SCENE-003-SHOT-002,VIDEO_GEN,SUCCESS,1006.29,"{""shot_type"": ""Medium"", ""lens"": ""35mm"", ""movement"": ""Tracking""}"
2026-02-16T21:28:27.182948,SCENE-001,SCENE-001-SHOT-001,CRITIC_QA,FAIL,0.00,"{""score"": ""0.32"", ""reason"": ""semantic_drift"", ""method"": ""semantic_similarity""}"
2026-02-16T21:28:27.198652,SCENE-002,SCENE-002-SHOT-001,CRITIC_QA,FAIL,0.00,"{""score"": ""0.35"", ""reason"": ""semantic_drift"", ""method"": ""semantic_similarity""}"
2026-02-16T21:28:27.213319,SCENE-002,SCENE-002-SHOT-002,CRITIC_QA,FAIL,0.00,"{""score"": ""0.35"", ""reason"": ""semantic_drift"", ""method"": ""semantic_similarity""}"
2026-02-16T21:28:27.228095,SCENE-003,SCENE-003-SHOT-001,CRITIC_QA,PASS,0.00,"{""score"": ""0.56"", ""method"": ""semantic_similarity""}"
2026-02-16T21:28:27.244803,SCENE-003,SCENE-003-SHOT-002,CRITIC_QA,PASS,0.00,"{""score"": ""0.56"", ""method"": ""semantic_similarity""}"
2026-02-16T21:28:27.778189,SCENE-001,SCENE-001-SHOT-001,IMAGE_GEN,SUCCESS,532.20,"{""seed"": 2011861932}"
2026-02-16T21:28:28.785088,SCENE-001,SCENE-001-SHOT-001,VIDEO_GEN,SUCCESS,1006.61,"{""shot_type"": ""Wide"", ""lens"": ""24mm"", ""movement"": ""Slow Pan""}"
2026-02-16T21:28:29.308184,SCENE-002,SCENE-002-SHOT-001,IMAGE_GEN,SUCCESS,522.49,"{""seed"": 2142169240}"
2026-02-16T21:28:30.314511,SCENE-002,SCENE-002-SHOT-001,VIDEO_GEN,SUCCESS,1006.12,"{""shot_type"": ""Wide"", ""lens"": ""35mm"", ""movement"": ""Tracking""}"
2026-02-16T21:28:30.845837,SCENE-002,SCENE-002-SHOT-002,IMAGE_GEN,SUCCESS,530.93,"{""seed"": 1417424982}"
2026-02-16T21:28:31.852553,SCENE-002,SCENE-002-SHOT-002,VIDEO_GEN,SUCCESS,1006.44,"{""shot_type"": ""Medium"", ""lens"": ""35mm"", ""movement"": ""Tracking""}"
2026-02-16T21:28:32.385521,SCENE-003,SCENE-003-SHOT-001,IMAGE_GEN,SUCCESS,532.39,"{""seed"": 1313308739}"
2026-02-16T21:28:33.391299,SCENE-003,SCENE-003-SHOT-001,VIDEO_GEN,SUCCESS,1005.47,"{""shot_type"": ""Wide"", ""lens"": ""35mm"", ""movement"": ""Tracking""}"
2026-02-16T21:28:33.925383,SCENE-003,SCENE-003-SHOT-002,IMAGE_GEN,SUCCESS,533.91,"{""seed"": 1828254429}"
2026-02-16T21:28:34.932047,SCENE-003,SCENE-003-SHOT-002,VIDEO_GEN,SUCCESS,1006.39,"{""shot_type"": ""Medium"", ""lens"": ""35mm"", ""movement"": ""Tracking""}"
2026-02-16T21:28:34.993722,SCENE-001,SCENE-001-SHOT-001,CRITIC_QA,FAIL,0.00,"{""score"": ""0.32"", ""reason"": ""semantic_drift"", ""method"": ""semantic_similarity""}"
2026-02-16T21:28:35.010314,SCENE-002,SCENE-002-SHOT-001,CRITIC_QA,FAIL,0.00,"{""score"": ""0.35"", ""reason"": ""semantic_drift"", ""method"": ""semantic_similarity""}"
2026-02-16T21:28:35.024634,SCENE-002,SCENE-002-SHOT-002,CRITIC_QA,FAIL,0.00,"{""score"": ""0.35"", ""reason"": ""semantic_drift"", ""method"": ""semantic_similarity""}"
2026-02-16T21:28:35.039967,SCENE-003,SCENE-003-SHOT-001,CRITIC_QA,PASS,0.00,"{""score"": ""0.56"", ""method"": ""semantic_similarity""}"
2026-02-16T21:28:35.055896,SCENE-003,SCENE-003-SHOT-002,CRITIC_QA,PASS,0.00,"{""score"": ""0.56"", ""method"": ""semantic_similarity""}"
2026-02-16T21:28:35.590358,SCENE-001,SCENE-001-SHOT-001,IMAGE_GEN,SUCCESS,533.33,"{""seed"": 2011861932}"
2026-02-16T21:28:36.597440,SCENE-001,SCENE-001-SHOT-001,VIDEO_GEN,SUCCESS,1006.80,"{""shot_type"": ""Wide"", ""lens"": ""24mm"", ""movement"": ""Slow Pan""}"
2026-02-16T21:28:37.128657,SCENE-002,SCENE-002-SHOT-001,IMAGE_GEN,SUCCESS,530.60,"{""seed"": 2142169240}"
2026-02-16T21:28:38.135480,SCENE-002,SCENE-002-SHOT-001,VIDEO_GEN,SUCCESS,1006.48,"{""shot_type"": ""Wide"", ""lens"": ""35mm"", ""movement"": ""Tracking""}"
2026-02-16T21:28:38.665107,SCENE-002,SCENE-002-SHOT-002,IMAGE_GEN,SUCCESS,529.05,"{""seed"": 1417424982}"
2026-02-16T21:28:39.671370,SCENE-002,SCENE-002-SHOT-002,VIDEO_GEN,SUCCESS,1006.01,"{""shot_type"": ""Medium"", ""lens"": ""35mm"", ""movement"": ""Tracking""}"
2026-02-16T21:28:40.198244,SCENE-003,SCENE-003-SHOT-001,IMAGE_GEN,SUCCESS,526.36,"{""seed"": 1313308739}"
2026-02-16T21:28:41.204659,SCENE-003,SCENE-003-SHOT-001,VIDEO_GEN,SUCCESS,1006.20,"{""shot_type"": ""Wide"", ""lens"": ""35mm"", ""movement"": ""Tracking""}"
2026-02-16T21:28:41.736032,SCENE-003,SCENE-003-SHOT-002,IMAGE_GEN,SUCCESS,530.85,"{""seed"": 1828254429}"
2026-02-16T21:28:42.742716,SCENE-003,SCENE-003-SHOT-002,VIDEO_GEN,SUCCESS,1006.33,"{""shot_type"": ""Medium"", ""lens"": ""35mm"", ""movement"": ""Tracking""}"
2026-02-16T21:28:42.811349,SCENE-001,SCENE-001-SHOT-001,CRITIC_QA,FAIL,0.00,"{""score"": ""0.32"", ""reason"": ""semantic_drift"", ""method"": ""semantic_similarity""}"
2026-02-16T21:28:42.826796,SCENE-002,SCENE-002-SHOT-001,CRITIC_QA,FAIL,0.00,"{""score"": ""0.35"", ""reason"": ""semantic_drift"", ""method"": ""semantic_similarity""}"
2026-02-16T21:28:42.840773,SCENE-002,SCENE-002-SHOT-002,CRITIC_QA,FAIL,0.00,"{""score"": ""0.35"", ""reason"": ""semantic_drift"", ""method"": ""semantic_similarity""}"
2026-02-16T21:28:42.856125,SCENE-003,SCENE-003-SHOT-001,CRITIC_QA,PASS,0.00,"{""score"": ""0.56"", ""method"": ""semantic_similarity""}"
2026-02-16T21:28:42.871490,SCENE-003,SCENE-003-SHOT-002,CRITIC_QA,PASS,0.00,"{""score"": ""0.56"", ""method"": ""semantic_similarity""}"
2026-02-16T21:28:43.404423,SCENE-001,SCENE-001-SHOT-001,IMAGE_GEN,SUCCESS,531.86,"{""seed"": 2011861932}"
2026-02-16T21:28:44.411226,SCENE-001,SCENE-001-SHOT-001,VIDEO_GEN,SUCCESS,1006.46,"{""shot_type"": ""Wide"", ""lens"": ""24mm"", ""movement"": ""Slow Pan""}"
2026-02-16T21:28:44.940321,SCENE-002,SCENE-002-SHOT-001,IMAGE_GEN,SUCCESS,528.50,"{""seed"": 2142169240}"
2026-02-16T21:28:45.945993,SCENE-002,SCENE-002-SHOT-001,VIDEO_GEN,SUCCESS,1005.42,"{""shot_type"": ""Wide"", ""lens"": ""35mm"", ""movement"": ""Tracking""}"
2026-02-16T21:28:46.480094,SCENE-002,SCENE-002-SHOT-002,IMAGE_GEN,SUCCESS,533.78,"{""seed"": 1417424982}"
2026-02-16T21:28:47.487006,SCENE-002,SCENE-002-SHOT-002,VIDEO_GEN,SUCCESS,1006.53,"{""shot_type"": ""Medium"", ""lens"": ""35mm"", ""movement"": ""Tracking""}"
2026-02-16T21:28:48.013339,SCENE-003,SCENE-003-SHOT-001,IMAGE_GEN,SUCCESS,525.77,"{""seed"": 1313308739}"
2026-02-16T21:28:49.019613,SCENE-003,SCENE-003-SHOT-001,VIDEO_GEN,SUCCESS,1006.04,"{""shot_type"": ""Wide"", ""lens"": ""35mm"", ""movement"": ""Tracking""}"
2026-02-16T21:28:49.555350,SCENE-003,SCENE-003-SHOT-002,IMAGE_GEN,SUCCESS,535.34,"{""seed"": 1828254429}"
2026-02-16T21:28:50.561571,SCENE-003,SCENE-003-SHOT-002,VIDEO_GEN,SUCCESS,1005.87,"{""shot_type"": ""Medium"", ""lens"": ""35mm"", ""movement"": ""Tracking""}"
2026-02-16T21:28:50.684447,SCENE-001,SCENE-001-SHOT-001,CRITIC_QA,FAIL,0.00,"{""score"": ""0.32"", ""reason"": ""semantic_drift"", ""method"": ""semantic_similarity""}"
2026-02-16T21:28:50.699285,SCENE-002,SCENE-002-SHOT-001,CRITIC_QA,FAIL,0.00,"{""score"": ""0.35"", ""reason"": ""semantic_drift"", ""method"": ""semantic_similarity""}"
2026-02-16T21:28:50.713709,SCENE-002,SCENE-002-SHOT-002,CRITIC_QA,FAIL,0.00,"{""score"": ""0.35"", ""reason"": ""semantic_drift"", ""method"": ""semantic_similarity""}"
2026-02-16T21:28:50.728964,SCENE-003,SCENE-003-SHOT-001,CRITIC_QA,PASS,0.00,"{""score"": ""0.56"", ""method"": ""semantic_similarity""}"
2026-02-16T21:28:50.743343,SCENE-003,SCENE-003-SHOT-002,CRITIC_QA,PASS,0.00,"{""score"": ""0.56"", ""method"": ""semantic_similarity""}"
2026-02-16T21:28:51.276204,SCENE-001,SCENE-001-SHOT-001,IMAGE_GEN,SUCCESS,531.89,"{""seed"": 2011861932}"
2026-02-16T21:28:52.283112,SCENE-001,SCENE-001-SHOT-001,VIDEO_GEN,SUCCESS,1006.48,"{""shot_type"": ""Wide"", ""lens"": ""24mm"", ""movement"": ""Slow Pan""}"
2026-02-16T21:28:52.815848,SCENE-002,SCENE-002-SHOT-001,IMAGE_GEN,SUCCESS,532.14,"{""seed"": 2142169240}"
2026-02-16T21:28:53.822558,SCENE-002,SCENE-002-SHOT-001,VIDEO_GEN,SUCCESS,1006.44,"{""shot_type"": ""Wide"", ""lens"": ""35mm"", ""movement"": ""Tracking""}"
2026-02-16T21:28:54.345399,SCENE-002,SCENE-002-SHOT-002,IMAGE_GEN,SUCCESS,522.28,"{""seed"": 1417424982}"
2026-02-16T21:28:55.351728,SCENE-002,SCENE-002-SHOT-002,VIDEO_GEN,SUCCESS,1006.10,"{""shot_type"": ""Medium"", ""lens"": ""35mm"", ""movement"": ""Tracking""}"
2026-02-16T21:28:55.877511,SCENE-003,SCENE-003-SHOT-001,IMAGE_GEN,SUCCESS,525.36,"{""seed"": 1313308739}"
2026-02-16T21:28:56.883992,SCENE-003,SCENE-003-SHOT-001,VIDEO_GEN,SUCCESS,1006.29,"{""shot_type"": ""Wide"", ""lens"": ""35mm"", ""movement"": ""Tracking""}"
2026-02-16T21:28:57.413335,SCENE-003,SCENE-003-SHOT-002,IMAGE_GEN,SUCCESS,528.79,"{""seed"": 1828254429}"
2026-02-16T21:28:58.420137,SCENE-003,SCENE-003-SHOT-002,VIDEO_GEN,SUCCESS,1006.44,"{""shot_type"": ""Medium"", ""lens"": ""35mm"", ""movement"": ""Tracking""}"
2026-02-16T21:28:58.534171,SCENE-001,SCENE-001-SHOT-001,CRITIC_QA,FAIL,0.00,"{""score"": ""0.32"", ""reason"": ""semantic_drift"", ""method"": ""semantic_similarity""}"
2026-02-16T21:28:58.550308,SCENE-002,SCENE-002-SHOT-001,CRITIC_QA,FAIL,0.00,"{""score"": ""0.35"", ""reason"": ""semantic_drift"", ""method"": ""semantic_similarity""}"
2026-02-16T21:28:58.564345,SCENE-002,SCENE-002-SHOT-002,CRITIC_QA,FAIL,0.00,"{""score"": ""0.35"", ""reason"": ""semantic_drift"", ""method"": ""semantic_similarity""}"
2026-02-16T21:28:58.580501,SCENE-003,SCENE-003-SHOT-001,CRITIC_QA,PASS,0.00,"{""score"": ""0.56"", ""method"": ""semantic_similarity""}"
2026-02-16T21:28:58.595329,SCENE-003,SCENE-003-SHOT-002,CRITIC_QA,PASS,0.00,"{""score"": ""0.56"", ""method"": ""semantic_similarity""}"
2026-02-16T21:28:59.129435,SCENE-001,SCENE-001-SHOT-001,IMAGE_GEN,SUCCESS,532.68,"{""seed"": 2011861932}"
2026-02-16T21:29:00.135363,SCENE-001,SCENE-001-SHOT-001,VIDEO_GEN,SUCCESS,1005.67,"{""shot_type"": ""Wide"", ""lens"": ""24mm"", ""movement"": ""Slow Pan""}"
2026-02-16T21:29:00.675988,SCENE-002,SCENE-002-SHOT-001,IMAGE_GEN,SUCCESS,540.24,"{""seed"": 2142169240}"
2026-02-16T21:29:01.682707,SCENE-002,SCENE-002-SHOT-001,VIDEO_GEN,SUCCESS,1006.52,"{""shot_type"": ""Wide"", ""lens"": ""35mm"", ""movement"": ""Tracking""}"
2026-02-16T21:29:02.211438,SCENE-002,SCENE-002-SHOT-002,IMAGE_GEN,SUCCESS,528.22,"{""seed"": 1417424982}"
2026-02-16T21:29:03.218347,SCENE-002,SCENE-002-SHOT-002,VIDEO_GEN,SUCCESS,1006.62,"{""shot_type"": ""Medium"", ""lens"": ""35mm"", ""movement"": ""Tracking""}"
2026-02-16T21:29:03.747951,SCENE-003,SCENE-003-SHOT-001,IMAGE_GEN,SUCCESS,529.09,"{""seed"": 1313308739}"
2026-02-16T21:29:04.754407,SCENE-003,SCENE-003-SHOT-001,VIDEO_GEN,SUCCESS,1006.14,"{""shot_type"": ""Wide"", ""lens"": ""35mm"", ""movement"": ""Tracking""}"
2026-02-16T21:29:05.288477,SCENE-003,SCENE-003-SHOT-002,IMAGE_GEN,SUCCESS,533.74,"{""seed"": 1828254429}"
2026-02-16T21:29:06.294990,SCENE-003,SCENE-003-SHOT-002,VIDEO_GEN,SUCCESS,1006.23,"{""shot_type"": ""Medium"", ""lens"": ""35mm"", ""movement"": ""Tracking""}"
2026-02-16T21:29:06.380987,SCENE-001,SCENE-001-SHOT-001,CRITIC_QA,FAIL,0.00,"{""score"": ""0.32"", ""reason"": ""semantic_drift"", ""method"": ""semantic_similarity""}"
2026-02-16T21:29:06.396267,SCENE-002,SCENE-002-SHOT-001,CRITIC_QA,FAIL,0.00,"{""score"": ""0.35"", ""reason"": ""semantic_drift"", ""method"": ""semantic_similarity""}"
2026-02-16T21:29:06.410732,SCENE-002,SCENE-002-SHOT-002,CRITIC_QA,FAIL,0.00,"{""score"": ""0.35"", ""reason"": ""semantic_drift"", ""method"": ""semantic_similarity""}"
2026-02-16T21:29:06.425374,SCENE-003,SCENE-003-SHOT-001,CRITIC_QA,PASS,0.00,"{""score"": ""0.56"", ""method"": ""semantic_similarity""}"
2026-02-16T21:29:06.440061,SCENE-003,SCENE-003-SHOT-002,CRITIC_QA,PASS,0.00,"{""score"": ""0.56"", ""method"": ""semantic_similarity""}"
2026-02-16T21:29:06.975876,SCENE-001,SCENE-001-SHOT-001,IMAGE_GEN,SUCCESS,534.79,"{""seed"": 2011861932}"
2026-02-16T21:29:07.983092,SCENE-001,SCENE-001-SHOT-001,VIDEO_GEN,SUCCESS,1006.84,"{""shot_type"": ""Wide"", ""lens"": ""24mm"", ""movement"": ""Slow Pan""}"
2026-02-16T21:29:08.508699,SCENE-002,SCENE-002-SHOT-001,IMAGE_GEN,SUCCESS,525.02,"{""seed"": 2142169240}"
2026-02-16T21:29:09.515314,SCENE-002,SCENE-002-SHOT-001,VIDEO_GEN,SUCCESS,1006.31,"{""shot_type"": ""Wide"", ""lens"": ""35mm"", ""movement"": ""Tracking""}"
2026-02-16T21:29:10.040218,SCENE-002,SCENE-002-SHOT-002,IMAGE_GEN,SUCCESS,524.42,"{""seed"": 1417424982}"
2026-02-16T21:29:11.045908,SCENE-002,SCENE-002-SHOT-002,VIDEO_GEN,SUCCESS,1005.46,"{""shot_type"": ""Medium"", ""lens"": ""35mm"", ""movement"": ""Tracking""}"
2026-02-16T21:29:11.562404,SCENE-003,SCENE-003-SHOT-001,IMAGE_GEN,SUCCESS,516.20,"{""seed"": 1313308739}"
2026-02-16T21:29:12.568925,SCENE-003,SCENE-003-SHOT-001,VIDEO_GEN,SUCCESS,1006.21,"{""shot_type"": ""Wide"", ""lens"": ""35mm"", ""movement"": ""Tracking""}"
2026-02-16T21:29:13.097287,SCENE-003,SCENE-003-SHOT-002,IMAGE_GEN,SUCCESS,527.76,"{""seed"": 1828254429}"
2026-02-16T21:29:14.103475,SCENE-003,SCENE-003-SHOT-002,VIDEO_GEN,SUCCESS,1005.92,"{""shot_type"": ""Medium"", ""lens"": ""35mm"", ""movement"": ""Tracking""}"
2026-02-16T21:29:14.179770,SCENE-001,SCENE-001-SHOT-001,CRITIC_QA,FAIL,0.00,"{""score"": ""0.32"", ""reason"": ""semantic_drift"", ""method"": ""semantic_similarity""}"
2026-02-16T21:29:14.195407,SCENE-002,SCENE-002-SHOT-001,CRITIC_QA,FAIL,0.00,"{""score"": ""0.35"", ""reason"": ""semantic_drift"", ""method"": ""semantic_similarity""}"
2026-02-16T21:29:14.209006,SCENE-002,SCENE-002-SHOT-002,CRITIC_QA,FAIL,0.00,"{""score"": ""0.35"", ""reason"": ""semantic_drift"", ""method"": ""semantic_similarity""}"
2026-02-16T21:29:14.224110,SCENE-003,SCENE-003-SHOT-001,CRITIC_QA,PASS,0.00,"{""score"": ""0.56"", ""method"": ""semantic_similarity""}"
2026-02-16T21:29:14.240632,SCENE-003,SCENE-003-SHOT-002,CRITIC_QA,PASS,0.00,"{""score"": ""0.56"", ""method"": ""semantic_similarity""}"
2026-02-16T21:29:14.775296,SCENE-001,SCENE-001-SHOT-001,IMAGE_GEN,SUCCESS,533.42,"{""seed"": 2011861932}"
2026-02-16T21:29:15.782399,SCENE-001,SCENE-001-SHOT-001,VIDEO_GEN,SUCCESS,1006.78,"{""shot_type"": ""Wide"", ""lens"": ""24mm"", ""movement"": ""Slow Pan""}"
2026-02-16T21:29:16.311078,SCENE-002,SCENE-002-SHOT-001,IMAGE_GEN,SUCCESS,528.02,"{""seed"": 2142169240}"
2026-02-16T21:29:17.317870,SCENE-002,SCENE-002-SHOT-001,VIDEO_GEN,SUCCESS,1006.47,"{""shot_type"": ""Wide"", ""lens"": ""35mm"", ""movement"": ""Tracking""}"
2026-02-16T21:29:17.848051,SCENE-002,SCENE-002-SHOT-002,IMAGE_GEN,SUCCESS,529.54,"{""seed"": 1417424982}"
2026-02-16T21:29:18.854954,SCENE-002,SCENE-002-SHOT-002,VIDEO_GEN,SUCCESS,1006.57,"{""shot_type"": ""Medium"", ""lens"": ""35mm"", ""movement"": ""Tracking""}"
2026-02-16T21:29:19.381833,SCENE-003,SCENE-003-SHOT-001,IMAGE_GEN,SUCCESS,526.34,"{""seed"": 1313308739}"
2026-02-16T21:29:20.388577,SCENE-003,SCENE-003-SHOT-001,VIDEO_GEN,SUCCESS,1006.46,"{""shot_type"": ""Wide"", ""lens"": ""35mm"", ""movement"": ""Tracking""}"
2026-02-16T21:29:20.919386,SCENE-003,SCENE-003-SHOT-002,IMAGE_GEN,SUCCESS,530.24,"{""seed"": 1828254429}"
2026-02-16T21:29:21.926112,SCENE-003,SCENE-003-SHOT-002,VIDEO_GEN,SUCCESS,1006.48,"{""shot_type"": ""Medium"", ""lens"": ""35mm"", ""movement"": ""Tracking""}"
2026-02-16T21:29:21.991932,SCENE-001,SCENE-001-SHOT-001,CRITIC_QA,FAIL,0.00,"{""score"": ""0.32"", ""reason"": ""semantic_drift"", ""method"": ""semantic_similarity""}"
2026-02-16T21:29:22.008219,SCENE-002,SCENE-002-SHOT-001,CRITIC_QA,FAIL,0.00,"{""score"": ""0.35"", ""reason"": ""semantic_drift"", ""method"": ""semantic_similarity""}"
2026-02-16T21:29:22.022912,SCENE-002,SCENE-002-SHOT-002,CRITIC_QA,FAIL,0.00,"{""score"": ""0.35"", ""reason"": ""semantic_drift"", ""method"": ""semantic_similarity""}"
2026-02-16T21:29:22.038541,SCENE-003,SCENE-003-SHOT-001,CRITIC_QA,PASS,0.00,"{""score"": ""0.56"", ""method"": ""semantic_similarity""}"
2026-02-16T21:29:22.054309,SCENE-003,SCENE-003-SHOT-002,CRITIC_QA,PASS,0.00,"{""score"": ""0.56"", ""method"": ""semantic_similarity""}"
2026-02-16T21:29:22.589034,SCENE-001,SCENE-001-SHOT-001,IMAGE_GEN,SUCCESS,533.61,"{""seed"": 2011861932}"
2026-02-16T21:29:23.595500,SCENE-001,SCENE-001-SHOT-001,VIDEO_GEN,SUCCESS,1006.24,"{""shot_type"": ""Wide"", ""lens"": ""24mm"", ""movement"": ""Slow Pan""}"
2026-02-16T21:29:24.125464,SCENE-002,SCENE-002-SHOT-001,IMAGE_GEN,SUCCESS,529.53,"{""seed"": 2142169240}"
2026-02-16T21:29:25.132564,SCENE-002,SCENE-002-SHOT-001,VIDEO_GEN,SUCCESS,1006.77,"{""shot_type"": ""Wide"", ""lens"": ""35mm"", ""movement"": ""Tracking""}"
2026-02-16T21:29:25.664692,SCENE-002,SCENE-002-SHOT-002,IMAGE_GEN,SUCCESS,531.54,"{""seed"": 1417424982}"
2026-02-16T21:29:26.671283,SCENE-002,SCENE-002-SHOT-002,VIDEO_GEN,SUCCESS,1006.25,"{""shot_type"": ""Medium"", ""lens"": ""35mm"", ""movement"": ""Tracking""}"
2026-02-16T21:29:27.203992,SCENE-003,SCENE-003-SHOT-001,IMAGE_GEN,SUCCESS,532.29,"{""seed"": 1313308739}"
2026-02-16T21:29:28.210771,SCENE-003,SCENE-003-SHOT-001,VIDEO_GEN,SUCCESS,1006.48,"{""shot_type"": ""Wide"", ""lens"": ""35mm"", ""movement"": ""Tracking""}"
2026-02-16T21:29:28.741024,SCENE-003,SCENE-003-SHOT-002,IMAGE_GEN,SUCCESS,529.68,"{""seed"": 1828254429}"
2026-02-16T21:29:29.746131,SCENE-003,SCENE-003-SHOT-002,VIDEO_GEN,SUCCESS,1004.86,"{""shot_type"": ""Medium"", ""lens"": ""35mm"", ""movement"": ""Tracking""}"
2026-02-16T21:29:29.821386,SCENE-001,SCENE-001-SHOT-001,CRITIC_QA,FAIL,0.00,"{""score"": ""0.32"", ""reason"": ""semantic_drift"", ""method"": ""semantic_similarity""}"
2026-02-16T21:29:29.837130,SCENE-002,SCENE-002-SHOT-001,CRITIC_QA,FAIL,0.00,"{""score"": ""0.35"", ""reason"": ""semantic_drift"", ""method"": ""semantic_similarity""}"
2026-02-16T21:29:29.852043,SCENE-002,SCENE-002-SHOT-002,CRITIC_QA,FAIL,0.00,"{""score"": ""0.35"", ""reason"": ""semantic_drift"", ""method"": ""semantic_similarity""}"
2026-02-16T21:29:29.867347,SCENE-003,SCENE-003-SHOT-001,CRITIC_QA,PASS,0.00,"{""score"": ""0.56"", ""method"": ""semantic_similarity""}"
2026-02-16T21:29:29.882641,SCENE-003,SCENE-003-SHOT-002,CRITIC_QA,PASS,0.00,"{""score"": ""0.56"", ""method"": ""semantic_similarity""}"
2026-02-16T21:29:30.413498,SCENE-001,SCENE-001-SHOT-001,IMAGE_GEN,SUCCESS,529.78,"{""seed"": 2011861932}"
2026-02-16T21:29:31.420317,SCENE-001,SCENE-001-SHOT-001,VIDEO_GEN,SUCCESS,1006.51,"{""shot_type"": ""Wide"", ""lens"": ""24mm"", ""movement"": ""Slow Pan""}"
2026-02-16T21:29:31.953794,SCENE-002,SCENE-002-SHOT-001,IMAGE_GEN,SUCCESS,532.89,"{""seed"": 2142169240}"
2026-02-16T21:29:32.960836,SCENE-002,SCENE-002-SHOT-001,VIDEO_GEN,SUCCESS,1006.67,"{""shot_type"": ""Wide"", ""lens"": ""35mm"", ""movement"": ""Tracking""}"
2026-02-16T21:29:33.494893,SCENE-002,SCENE-002-SHOT-002,IMAGE_GEN,SUCCESS,533.51,"{""seed"": 1417424982}"
2026-02-16T21:29:34.501700,SCENE-002,SCENE-002-SHOT-002,VIDEO_GEN,SUCCESS,1006.47,"{""shot_type"": ""Medium"", ""lens"": ""35mm"", ""movement"": ""Tracking""}"
2026-02-16T21:29:35.032532,SCENE-003,SCENE-003-SHOT-001,IMAGE_GEN,SUCCESS,530.28,"{""seed"": 1313308739}"
2026-02-16T21:29:36.039050,SCENE-003,SCENE-003-SHOT-001,VIDEO_GEN,SUCCESS,1006.25,"{""shot_type"": ""Wide"", ""lens"": ""35mm"", ""movement"": ""Tracking""}"
2026-02-16T21:29:36.572942,SCENE-003,SCENE-003-SHOT-002,IMAGE_GEN,SUCCESS,533.23,"{""seed"": 1828254429}"
2026-02-16T21:29:37.579643,SCENE-003,SCENE-003-SHOT-002,VIDEO_GEN,SUCCESS,1006.35,"{""shot_type"": ""Medium"", ""lens"": ""35mm"", ""movement"": ""Tracking""}"
2026-02-16T21:29:37.651295,SCENE-001,SCENE-001-SHOT-001,CRITIC_QA,FAIL,0.00,"{""score"": ""0.32"", ""reason"": ""semantic_drift"", ""method"": ""semantic_similarity""}"
2026-02-16T21:29:37.666767,SCENE-002,SCENE-002-SHOT-001,CRITIC_QA,FAIL,0.00,"{""score"": ""0.35"", ""reason"": ""semantic_drift"", ""method"": ""semantic_similarity""}"
2026-02-16T21:29:37.681717,SCENE-002,SCENE-002-SHOT-002,CRITIC_QA,FAIL,0.00,"{""score"": ""0.35"", ""reason"": ""semantic_drift"", ""method"": ""semantic_similarity""}"
2026-02-16T21:29:37.696298,SCENE-003,SCENE-003-SHOT-001,CRITIC_QA,PASS,0.00,"{""score"": ""0.56"", ""method"": ""semantic_similarity""}"
2026-02-16T21:29:37.712414,SCENE-003,SCENE-003-SHOT-002,CRITIC_QA,PASS,0.00,"{""score"": ""0.56"", ""method"": ""semantic_similarity""}"
2026-02-16T21:29:38.245142,SCENE-001,SCENE-001-SHOT-001,IMAGE_GEN,SUCCESS,531.54,"{""seed"": 2011861932}"
2026-02-16T21:29:39.250280,SCENE-001,SCENE-001-SHOT-001,VIDEO_GEN,SUCCESS,1004.89,"{""shot_type"": ""Wide"", ""lens"": ""24mm"", ""movement"": ""Slow Pan""}"
2026-02-16T21:29:39.780553,SCENE-002,SCENE-002-SHOT-001,IMAGE_GEN,SUCCESS,530.15,"{""seed"": 2142169240}"
2026-02-16T21:29:40.786795,SCENE-002,SCENE-002-SHOT-001,VIDEO_GEN,SUCCESS,1005.97,"{""shot_type"": ""Wide"", ""lens"": ""35mm"", ""movement"": ""Tracking""}"
2026-02-16T21:29:41.316334,SCENE-002,SCENE-002-SHOT-002,IMAGE_GEN,SUCCESS,529.05,"{""seed"": 1417424982}"
2026-02-16T21:29:42.322959,SCENE-002,SCENE-002-SHOT-002,VIDEO_GEN,SUCCESS,1006.31,"{""shot_type"": ""Medium"", ""lens"": ""35mm"", ""movement"": ""Tracking""}"
2026-02-16T21:29:42.850446,SCENE-003,SCENE-003-SHOT-001,IMAGE_GEN,SUCCESS,526.90,"{""seed"": 1313308739}"
2026-02-16T21:29:43.857212,SCENE-003,SCENE-003-SHOT-001,VIDEO_GEN,SUCCESS,1006.40,"{""shot_type"": ""Wide"", ""lens"": ""35mm"", ""movement"": ""Tracking""}"
2026-02-16T21:29:44.383386,SCENE-003,SCENE-003-SHOT-002,IMAGE_GEN,SUCCESS,525.55,"{""seed"": 1828254429}"
2026-02-16T21:29:45.385467,SCENE-003,SCENE-003-SHOT-002,VIDEO_GEN,SUCCESS,1001.85,"{""shot_type"": ""Medium"", ""lens"": ""35mm"", ""movement"": ""Tracking""}"
2026-02-16T21:29:45.447509,SCENE-001,SCENE-001-SHOT-001,CRITIC_QA,FAIL,0.00,"{""score"": ""0.32"", ""reason"": ""semantic_drift"", ""method"": ""semantic_similarity""}"
2026-02-16T21:29:45.474632,SCENE-002,SCENE-002-SHOT-001,CRITIC_QA,FAIL,0.00,"{""score"": ""0.35"", ""reason"": ""semantic_drift"", ""method"": ""semantic_similarity""}"
2026-02-16T21:29:45.484918,SCENE-002,SCENE-002-SHOT-002,CRITIC_QA,FAIL,0.00,"{""score"": ""0.35"", ""reason"": ""semantic_drift"", ""method"": ""semantic_similarity""}"
2026-02-16T21:29:45.494394,SCENE-003,SCENE-003-SHOT-001,CRITIC_QA,PASS,0.00,"{""score"": ""0.56"", ""method"": ""semantic_similarity""}"
2026-02-16T21:29:45.504969,SCENE-003,SCENE-003-SHOT-002,CRITIC_QA,PASS,0.00,"{""score"": ""0.56"", ""method"": ""semantic_similarity""}"
2026-02-16T21:29:46.034763,SCENE-001,SCENE-001-SHOT-001,IMAGE_GEN,SUCCESS,528.72,"{""seed"": 2011861932}"
2026-02-16T21:29:47.041559,SCENE-001,SCENE-001-SHOT-001,VIDEO_GEN,SUCCESS,1006.51,"{""shot_type"": ""Wide"", ""lens"": ""24mm"", ""movement"": ""Slow Pan""}"
2026-02-16T21:29:47.573182,SCENE-002,SCENE-002-SHOT-001,IMAGE_GEN,SUCCESS,531.01,"{""seed"": 2142169240}"
2026-02-16T21:29:48.580369,SCENE-002,SCENE-002-SHOT-001,VIDEO_GEN,SUCCESS,1006.86,"{""shot_type"": ""Wide"", ""lens"": ""35mm"", ""movement"": ""Tracking""}"
2026-02-16T21:29:49.108026,SCENE-002,SCENE-002-SHOT-002,IMAGE_GEN,SUCCESS,527.12,"{""seed"": 1417424982}"
2026-02-16T21:29:50.115060,SCENE-002,SCENE-002-SHOT-002,VIDEO_GEN,SUCCESS,1006.76,"{""shot_type"": ""Medium"", ""lens"": ""35mm"", ""movement"": ""Tracking""}"
2026-02-16T21:29:50.644598,SCENE-003,SCENE-003-SHOT-001,IMAGE_GEN,SUCCESS,528.71,"{""seed"": 1313308739}"
2026-02-16T21:29:51.651275,SCENE-003,SCENE-003-SHOT-001,VIDEO_GEN,SUCCESS,1006.35,"{""shot_type"": ""Wide"", ""lens"": ""35mm"", ""movement"": ""Tracking""}"
2026-02-16T21:29:52.179789,SCENE-003,SCENE-003-SHOT-002,IMAGE_GEN,SUCCESS,527.99,"{""seed"": 1828254429}"
2026-02-16T21:29:53.186912,SCENE-003,SCENE-003-SHOT-002,VIDEO_GEN,SUCCESS,1006.81,"{""shot_type"": ""Medium"", ""lens"": ""35mm"", ""movement"": ""Tracking""}"
2026-02-16T21:29:53.249895,SCENE-001,SCENE-001-SHOT-001,CRITIC_QA,FAIL,0.00,"{""score"": ""0.32"", ""reason"": ""semantic_drift"", ""method"": ""semantic_similarity""}"
2026-02-16T21:29:53.265323,SCENE-002,SCENE-002-SHOT-001,CRITIC_QA,FAIL,0.00,"{""score"": ""0.35"", ""reason"": ""semantic_drift"", ""method"": ""semantic_similarity""}"
2026-02-16T21:29:53.279067,SCENE-002,SCENE-002-SHOT-002,CRITIC_QA,FAIL,0.00,"{""score"": ""0.35"", ""reason"": ""semantic_drift"", ""method"": ""semantic_similarity""}"
2026-02-16T21:29:53.293944,SCENE-003,SCENE-003-SHOT-001,CRITIC_QA,PASS,0.00,"{""score"": ""0.56"", ""method"": ""semantic_similarity""}"
2026-02-16T21:29:53.309241,SCENE-003,SCENE-003-SHOT-002,CRITIC_QA,PASS,0.00,"{""score"": ""0.56"", ""method"": ""semantic_similarity""}"
2026-02-16T21:29:53.843625,SCENE-001,SCENE-001-SHOT-001,IMAGE_GEN,SUCCESS,532.42,"{""seed"": 2011861932}"
2026-02-16T21:29:54.851003,SCENE-001,SCENE-001-SHOT-001,VIDEO_GEN,SUCCESS,1007.05,"{""shot_type"": ""Wide"", ""lens"": ""24mm"", ""movement"": ""Slow Pan""}"
2026-02-16T21:29:55.377843,SCENE-002,SCENE-002-SHOT-001,IMAGE_GEN,SUCCESS,526.18,"{""seed"": 2142169240}"
2026-02-16T21:29:56.384815,SCENE-002,SCENE-002-SHOT-001,VIDEO_GEN,SUCCESS,1006.63,"{""shot_type"": ""Wide"", ""lens"": ""35mm"", ""movement"": ""Tracking""}"
2026-02-16T21:29:56.916467,SCENE-002,SCENE-002-SHOT-002,IMAGE_GEN,SUCCESS,531.12,"{""seed"": 1417424982}"
2026-02-16T21:29:57.923373,SCENE-002,SCENE-002-SHOT-002,VIDEO_GEN,SUCCESS,1006.59,"{""shot_type"": ""Medium"", ""lens"": ""35mm"", ""movement"": ""Tracking""}"
2026-02-16T21:29:58.457063,SCENE-003,SCENE-003-SHOT-001,IMAGE_GEN,SUCCESS,533.09,"{""seed"": 1313308739}"
2026-02-16T21:29:59.463144,SCENE-003,SCENE-003-SHOT-001,VIDEO_GEN,SUCCESS,1005.77,"{""shot_type"": ""Wide"", ""lens"": ""35mm"", ""movement"": ""Tracking""}"
2026-02-16T21:29:59.997381,SCENE-003,SCENE-003-SHOT-002,IMAGE_GEN,SUCCESS,533.89,"{""seed"": 1828254429}"
2026-02-16T21:30:01.004185,SCENE-003,SCENE-003-SHOT-002,VIDEO_GEN,SUCCESS,1006.51,"{""shot_type"": ""Medium"", ""lens"": ""35mm"", ""movement"": ""Tracking""}"
2026-02-16T21:30:01.104157,SCENE-001,SCENE-001-SHOT-001,CRITIC_QA,FAIL,0.00,"{""score"": ""0.32"", ""reason"": ""semantic_drift"", ""method"": ""semantic_similarity""}"
2026-02-16T21:30:01.124381,SCENE-002,SCENE-002-SHOT-001,CRITIC_QA,FAIL,0.00,"{""score"": ""0.35"", ""reason"": ""semantic_drift"", ""method"": ""semantic_similarity""}"
2026-02-16T21:30:01.138439,SCENE-002,SCENE-002-SHOT-002,CRITIC_QA,FAIL,0.00,"{""score"": ""0.35"", ""reason"": ""semantic_drift"", ""method"": ""semantic_similarity""}"
2026-02-16T21:30:01.153092,SCENE-003,SCENE-003-SHOT-001,CRITIC_QA,PASS,0.00,"{""score"": ""0.56"", ""method"": ""semantic_similarity""}"
2026-02-16T21:30:01.167278,SCENE-003,SCENE-003-SHOT-002,CRITIC_QA,PASS,0.00,"{""score"": ""0.56"", ""method"": ""semantic_similarity""}"
2026-02-16T21:30:01.700273,SCENE-001,SCENE-001-SHOT-001,IMAGE_GEN,SUCCESS,532.09,"{""seed"": 2011861932}"
2026-02-16T21:30:02.706639,SCENE-001,SCENE-001-SHOT-001,VIDEO_GEN,SUCCESS,1006.11,"{""shot_type"": ""Wide"", ""lens"": ""24mm"", ""movement"": ""Slow Pan""}"
2026-02-16T21:30:03.236394,SCENE-002,SCENE-002-SHOT-001,IMAGE_GEN,SUCCESS,529.28,"{""seed"": 2142169240}"
2026-02-16T21:30:04.242220,SCENE-002,SCENE-002-SHOT-001,VIDEO_GEN,SUCCESS,1005.55,"{""shot_type"": ""Wide"", ""lens"": ""35mm"", ""movement"": ""Tracking""}"
2026-02-16T21:30:04.772934,SCENE-002,SCENE-002-SHOT-002,IMAGE_GEN,SUCCESS,530.55,"{""seed"": 1417424982}"
2026-02-16T21:30:05.779220,SCENE-002,SCENE-002-SHOT-002,VIDEO_GEN,SUCCESS,1006.00,"{""shot_type"": ""Medium"", ""lens"": ""35mm"", ""movement"": ""Tracking""}"
2026-02-16T21:30:06.304444,SCENE-003,SCENE-003-SHOT-001,IMAGE_GEN,SUCCESS,524.84,"{""seed"": 1313308739}"
2026-02-16T21:30:07.311159,SCENE-003,SCENE-003-SHOT-001,VIDEO_GEN,SUCCESS,1006.41,"{""shot_type"": ""Wide"", ""lens"": ""35mm"", ""movement"": ""Tracking""}"
2026-02-16T21:30:07.840785,SCENE-003,SCENE-003-SHOT-002,IMAGE_GEN,SUCCESS,528.89,"{""seed"": 1828254429}"
2026-02-16T21:30:08.847041,SCENE-003,SCENE-003-SHOT-002,VIDEO_GEN,SUCCESS,1005.95,"{""shot_type"": ""Medium"", ""lens"": ""35mm"", ""movement"": ""Tracking""}"
2026-02-16T21:30:08.916440,SCENE-001,SCENE-001-SHOT-001,CRITIC_QA,FAIL,0.00,"{""score"": ""0.32"", ""reason"": ""semantic_drift"", ""method"": ""semantic_similarity""}"
2026-02-16T21:30:08.932222,SCENE-002,SCENE-002-SHOT-001,CRITIC_QA,FAIL,0.00,"{""score"": ""0.35"", ""reason"": ""semantic_drift"", ""method"": ""semantic_similarity""}"
2026-02-16T21:30:08.947039,SCENE-002,SCENE-002-SHOT-002,CRITIC_QA,FAIL,0.00,"{""score"": ""0.35"", ""reason"": ""semantic_drift"", ""method"": ""semantic_similarity""}"
2026-02-16T21:30:08.961965,SCENE-003,SCENE-003-SHOT-001,CRITIC_QA,PASS,0.00,"{""score"": ""0.56"", ""method"": ""semantic_similarity""}"
2026-02-16T21:30:08.977100,SCENE-003,SCENE-003-SHOT-002,CRITIC_QA,PASS,0.00,"{""score"": ""0.56"", ""method"": ""semantic_similarity""}"
2026-02-16T21:30:09.508959,SCENE-001,SCENE-001-SHOT-001,IMAGE_GEN,SUCCESS,530.82,"{""seed"": 2011861932}"
2026-02-16T21:30:10.515895,SCENE-001,SCENE-001-SHOT-001,VIDEO_GEN,SUCCESS,1006.66,"{""shot_type"": ""Wide"", ""lens"": ""24mm"", ""movement"": ""Slow Pan""}"
2026-02-16T21:30:11.043383,SCENE-002,SCENE-002-SHOT-001,IMAGE_GEN,SUCCESS,526.89,"{""seed"": 2142169240}"
2026-02-16T21:30:12.050092,SCENE-002,SCENE-002-SHOT-001,VIDEO_GEN,SUCCESS,1006.40,"{""shot_type"": ""Wide"", ""lens"": ""35mm"", ""movement"": ""Tracking""}"
2026-02-16T21:30:12.577034,SCENE-002,SCENE-002-SHOT-002,IMAGE_GEN,SUCCESS,526.39,"{""seed"": 1417424982}"
2026-02-16T21:30:13.583744,SCENE-002,SCENE-002-SHOT-002,VIDEO_GEN,SUCCESS,1006.36,"{""shot_type"": ""Medium"", ""lens"": ""35mm"", ""movement"": ""Tracking""}"
2026-02-16T21:30:14.116461,SCENE-003,SCENE-003-SHOT-001,IMAGE_GEN,SUCCESS,532.14,"{""seed"": 1313308739}"
2026-02-16T21:30:15.122676,SCENE-003,SCENE-003-SHOT-001,VIDEO_GEN,SUCCESS,1005.86,"{""shot_type"": ""Wide"", ""lens"": ""35mm"", ""movement"": ""Tracking""}"
2026-02-16T21:30:15.647587,SCENE-003,SCENE-003-SHOT-002,IMAGE_GEN,SUCCESS,524.56,"{""seed"": 1828254429}"
2026-02-16T21:30:16.654332,SCENE-003,SCENE-003-SHOT-002,VIDEO_GEN,SUCCESS,1006.44,"{""shot_type"": ""Medium"", ""lens"": ""35mm"", ""movement"": ""Tracking""}"
2026-02-16T21:30:16.714406,SCENE-001,SCENE-001-SHOT-001,CRITIC_QA,FAIL,0.00,"{""score"": ""0.32"", ""reason"": ""semantic_drift"", ""method"": ""semantic_similarity""}"
2026-02-16T21:30:16.730157,SCENE-002,SCENE-002-SHOT-001,CRITIC_QA,FAIL,0.00,"{""score"": ""0.35"", ""reason"": ""semantic_drift"", ""method"": ""semantic_similarity""}"
2026-02-16T21:30:16.749367,SCENE-002,SCENE-002-SHOT-002,CRITIC_QA,FAIL,0.00,"{""score"": ""0.35"", ""reason"": ""semantic_drift"", ""method"": ""semantic_similarity""}"
2026-02-16T21:30:16.765155,SCENE-003,SCENE-003-SHOT-001,CRITIC_QA,PASS,0.00,"{""score"": ""0.56"", ""method"": ""semantic_similarity""}"
2026-02-16T21:30:16.780543,SCENE-003,SCENE-003-SHOT-002,CRITIC_QA,PASS,0.00,"{""score"": ""0.56"", ""method"": ""semantic_similarity""}"
2026-02-16T21:30:17.312424,SCENE-001,SCENE-001-SHOT-001,IMAGE_GEN,SUCCESS,530.71,"{""seed"": 2011861932}"
2026-02-16T21:30:18.319351,SCENE-001,SCENE-001-SHOT-001,VIDEO_GEN,SUCCESS,1006.62,"{""shot_type"": ""Wide"", ""lens"": ""24mm"", ""movement"": ""Slow Pan""}"
2026-02-16T21:30:18.852184,SCENE-002,SCENE-002-SHOT-001,IMAGE_GEN,SUCCESS,531.97,"{""seed"": 2142169240}"
2026-02-16T21:30:19.859226,SCENE-002,SCENE-002-SHOT-001,VIDEO_GEN,SUCCESS,1006.71,"{""shot_type"": ""Wide"", ""lens"": ""35mm"", ""movement"": ""Tracking""}"
2026-02-16T21:30:20.386391,SCENE-002,SCENE-002-SHOT-002,IMAGE_GEN,SUCCESS,526.58,"{""seed"": 1417424982}"
2026-02-16T21:30:21.392621,SCENE-002,SCENE-002-SHOT-002,VIDEO_GEN,SUCCESS,1005.93,"{""shot_type"": ""Medium"", ""lens"": ""35mm"", ""movement"": ""Tracking""}"
2026-02-16T21:30:21.922971,SCENE-003,SCENE-003-SHOT-001,IMAGE_GEN,SUCCESS,529.89,"{""seed"": 1313308739}"
2026-02-16T21:30:22.927048,SCENE-003,SCENE-003-SHOT-001,VIDEO_GEN,SUCCESS,1003.74,"{""shot_type"": ""Wide"", ""lens"": ""35mm"", ""movement"": ""Tracking""}"
2026-02-16T21:30:23.455129,SCENE-003,SCENE-003-SHOT-002,IMAGE_GEN,SUCCESS,527.68,"{""seed"": 1828254429}"
2026-02-16T21:30:24.461970,SCENE-003,SCENE-003-SHOT-002,VIDEO_GEN,SUCCESS,1006.50,"{""shot_type"": ""Medium"", ""lens"": ""35mm"", ""movement"": ""Tracking""}"
2026-02-16T21:30:24.530704,SCENE-001,SCENE-001-SHOT-001,CRITIC_QA,FAIL,0.00,"{""score"": ""0.32"", ""reason"": ""semantic_drift"", ""method"": ""semantic_similarity""}"
2026-02-16T21:30:24.546236,SCENE-002,SCENE-002-SHOT-001,CRITIC_QA,FAIL,0.00,"{""score"": ""0.35"", ""reason"": ""semantic_drift"", ""method"": ""semantic_similarity""}"
2026-02-16T21:30:24.561472,SCENE-002,SCENE-002-SHOT-002,CRITIC_QA,FAIL,0.00,"{""score"": ""0.35"", ""reason"": ""semantic_drift"", ""method"": ""semantic_similarity""}"
2026-02-16T21:30:24.576954,SCENE-003,SCENE-003-SHOT-001,CRITIC_QA,PASS,0.00,"{""score"": ""0.56"", ""method"": ""semantic_similarity""}"
2026-02-16T21:30:24.592252,SCENE-003,SCENE-003-SHOT-002,CRITIC_QA,PASS,0.00,"{""score"": ""0.56"", ""method"": ""semantic_similarity""}"
2026-02-16T21:30:25.127171,SCENE-001,SCENE-001-SHOT-001,IMAGE_GEN,SUCCESS,533.84,"{""seed"": 2011861932}"
2026-02-16T21:30:26.133903,SCENE-001,SCENE-001-SHOT-001,VIDEO_GEN,SUCCESS,1006.45,"{""shot_type"": ""Wide"", ""lens"": ""24mm"", ""movement"": ""Slow Pan""}"
2026-02-16T21:30:26.668631,SCENE-002,SCENE-002-SHOT-001,IMAGE_GEN,SUCCESS,534.12,"{""seed"": 2142169240}"
2026-02-16T21:30:27.675586,SCENE-002,SCENE-002-SHOT-001,VIDEO_GEN,SUCCESS,1006.64,"{""shot_type"": ""Wide"", ""lens"": ""35mm"", ""movement"": ""Tracking""}"
2026-02-16T21:30:28.231772,SCENE-002,SCENE-002-SHOT-002,IMAGE_GEN,SUCCESS,555.58,"{""seed"": 1417424982}"
2026-02-16T21:30:29.237652,SCENE-002,SCENE-002-SHOT-002,VIDEO_GEN,SUCCESS,1005.59,"{""shot_type"": ""Medium"", ""lens"": ""35mm"", ""movement"": ""Tracking""}"
2026-02-16T21:30:29.770145,SCENE-003,SCENE-003-SHOT-001,IMAGE_GEN,SUCCESS,532.21,"{""seed"": 1313308739}"
2026-02-16T21:30:30.777003,SCENE-003,SCENE-003-SHOT-001,VIDEO_GEN,SUCCESS,1006.45,"{""shot_type"": ""Wide"", ""lens"": ""35mm"", ""movement"": ""Tracking""}"
2026-02-16T21:30:31.303821,SCENE-003,SCENE-003-SHOT-002,IMAGE_GEN,SUCCESS,526.27,"{""seed"": 1828254429}"
2026-02-16T21:30:32.309911,SCENE-003,SCENE-003-SHOT-002,VIDEO_GEN,SUCCESS,1005.84,"{""shot_type"": ""Medium"", ""lens"": ""35mm"", ""movement"": ""Tracking""}"
2026-02-16T21:30:32.370064,SCENE-001,SCENE-001-SHOT-001,CRITIC_QA,FAIL,0.00,"{""score"": ""0.32"", ""reason"": ""semantic_drift"", ""method"": ""semantic_similarity""}"
2026-02-16T21:30:32.386475,SCENE-002,SCENE-002-SHOT-001,CRITIC_QA,FAIL,0.00,"{""score"": ""0.35"", ""reason"": ""semantic_drift"", ""method"": ""semantic_similarity""}"
2026-02-16T21:30:32.408008,SCENE-002,SCENE-002-SHOT-002,CRITIC_QA,FAIL,0.00,"{""score"": ""0.35"", ""reason"": ""semantic_drift"", ""method"": ""semantic_similarity""}"
2026-02-16T21:30:32.423340,SCENE-003,SCENE-003-SHOT-001,CRITIC_QA,PASS,0.00,"{""score"": ""0.56"", ""method"": ""semantic_similarity""}"
2026-02-16T21:30:32.439051,SCENE-003,SCENE-003-SHOT-002,CRITIC_QA,PASS,0.00,"{""score"": ""0.56"", ""method"": ""semantic_similarity""}"
2026-02-16T21:30:32.976358,SCENE-001,SCENE-001-SHOT-001,IMAGE_GEN,SUCCESS,535.93,"{""seed"": 2011861932}"
2026-02-16T21:30:33.983079,SCENE-001,SCENE-001-SHOT-001,VIDEO_GEN,SUCCESS,1006.28,"{""shot_type"": ""Wide"", ""lens"": ""24mm"", ""movement"": ""Slow Pan""}"
2026-02-16T21:30:34.513821,SCENE-002,SCENE-002-SHOT-001,IMAGE_GEN,SUCCESS,530.32,"{""seed"": 2142169240}"
2026-02-16T21:30:35.520767,SCENE-002,SCENE-002-SHOT-001,VIDEO_GEN,SUCCESS,1006.67,"{""shot_type"": ""Wide"", ""lens"": ""35mm"", ""movement"": ""Tracking""}"
2026-02-16T21:30:36.051430,SCENE-002,SCENE-002-SHOT-002,IMAGE_GEN,SUCCESS,530.07,"{""seed"": 1417424982}"
2026-02-16T21:30:37.057937,SCENE-002,SCENE-002-SHOT-002,VIDEO_GEN,SUCCESS,1006.17,"{""shot_type"": ""Medium"", ""lens"": ""35mm"", ""movement"": ""Tracking""}"
2026-02-16T21:30:37.589679,SCENE-003,SCENE-003-SHOT-001,IMAGE_GEN,SUCCESS,531.21,"{""seed"": 1313308739}"
2026-02-16T21:30:38.596312,SCENE-003,SCENE-003-SHOT-001,VIDEO_GEN,SUCCESS,1006.31,"{""shot_type"": ""Wide"", ""lens"": ""35mm"", ""movement"": ""Tracking""}"
2026-02-16T21:30:39.126996,SCENE-003,SCENE-003-SHOT-002,IMAGE_GEN,SUCCESS,530.12,"{""seed"": 1828254429}"
2026-02-16T21:30:40.134953,SCENE-003,SCENE-003-SHOT-002,VIDEO_GEN,SUCCESS,1007.64,"{""shot_type"": ""Medium"", ""lens"": ""35mm"", ""movement"": ""Tracking""}"
2026-02-16T21:30:40.195117,SCENE-001,SCENE-001-SHOT-001,CRITIC_QA,FAIL,0.00,"{""score"": ""0.32"", ""reason"": ""semantic_drift"", ""method"": ""semantic_similarity""}"
2026-02-16T21:30:40.210402,SCENE-002,SCENE-002-SHOT-001,CRITIC_QA,FAIL,0.00,"{""score"": ""0.35"", ""reason"": ""semantic_drift"", ""method"": ""semantic_similarity""}"
2026-02-16T21:30:40.224523,SCENE-002,SCENE-002-SHOT-002,CRITIC_QA,FAIL,0.00,"{""score"": ""0.35"", ""reason"": ""semantic_drift"", ""method"": ""semantic_similarity""}"
2026-02-16T21:30:40.243945,SCENE-003,SCENE-003-SHOT-001,CRITIC_QA,PASS,0.00,"{""score"": ""0.56"", ""method"": ""semantic_similarity""}"
2026-02-16T21:30:40.259974,SCENE-003,SCENE-003-SHOT-002,CRITIC_QA,PASS,0.00,"{""score"": ""0.56"", ""method"": ""semantic_similarity""}"
2026-02-16T21:30:40.794708,SCENE-001,SCENE-001-SHOT-001,IMAGE_GEN,SUCCESS,533.65,"{""seed"": 2011861932}"
2026-02-16T21:30:41.801726,SCENE-001,SCENE-001-SHOT-001,VIDEO_GEN,SUCCESS,1006.73,"{""shot_type"": ""Wide"", ""lens"": ""24mm"", ""movement"": ""Slow Pan""}"
2026-02-16T21:30:42.331493,SCENE-002,SCENE-002-SHOT-001,IMAGE_GEN,SUCCESS,529.14,"{""seed"": 2142169240}"
2026-02-16T21:30:43.338219,SCENE-002,SCENE-002-SHOT-001,VIDEO_GEN,SUCCESS,1006.37,"{""shot_type"": ""Wide"", ""lens"": ""35mm"", ""movement"": ""Tracking""}"
2026-02-16T21:30:43.862647,SCENE-002,SCENE-002-SHOT-002,IMAGE_GEN,SUCCESS,523.84,"{""seed"": 1417424982}"
2026-02-16T21:30:44.867918,SCENE-002,SCENE-002-SHOT-002,VIDEO_GEN,SUCCESS,1004.99,"{""shot_type"": ""Medium"", ""lens"": ""35mm"", ""movement"": ""Tracking""}"
2026-02-16T21:30:45.395994,SCENE-003,SCENE-003-SHOT-001,IMAGE_GEN,SUCCESS,527.83,"{""seed"": 1313308739}"
2026-02-16T21:30:46.401778,SCENE-003,SCENE-003-SHOT-001,VIDEO_GEN,SUCCESS,1005.49,"{""shot_type"": ""Wide"", ""lens"": ""35mm"", ""movement"": ""Tracking""}"
2026-02-16T21:30:46.932912,SCENE-003,SCENE-003-SHOT-002,IMAGE_GEN,SUCCESS,530.86,"{""seed"": 1828254429}"
2026-02-16T21:30:47.939581,SCENE-003,SCENE-003-SHOT-002,VIDEO_GEN,SUCCESS,1006.35,"{""shot_type"": ""Medium"", ""lens"": ""35mm"", ""movement"": ""Tracking""}"
2026-02-16T21:30:48.051741,SCENE-001,SCENE-001-SHOT-001,CRITIC_QA,FAIL,0.00,"{""score"": ""0.32"", ""reason"": ""semantic_drift"", ""method"": ""semantic_similarity""}"
2026-02-16T21:30:48.066589,SCENE-002,SCENE-002-SHOT-001,CRITIC_QA,FAIL,0.00,"{""score"": ""0.35"", ""reason"": ""semantic_drift"", ""method"": ""semantic_similarity""}"
2026-02-16T21:30:48.080021,SCENE-002,SCENE-002-SHOT-002,CRITIC_QA,FAIL,0.00,"{""score"": ""0.35"", ""reason"": ""semantic_drift"", ""method"": ""semantic_similarity""}"
2026-02-16T21:30:48.098946,SCENE-003,SCENE-003-SHOT-001,CRITIC_QA,PASS,0.00,"{""score"": ""0.56"", ""method"": ""semantic_similarity""}"
2026-02-16T21:30:48.108875,SCENE-003,SCENE-003-SHOT-002,CRITIC_QA,PASS,0.00,"{""score"": ""0.56"", ""method"": ""semantic_similarity""}"
2026-02-16T21:30:48.641236,SCENE-001,SCENE-001-SHOT-001,IMAGE_GEN,SUCCESS,531.38,"{""seed"": 2011861932}"
2026-02-16T21:30:49.647824,SCENE-001,SCENE-001-SHOT-001,VIDEO_GEN,SUCCESS,1006.34,"{""shot_type"": ""Wide"", ""lens"": ""24mm"", ""movement"": ""Slow Pan""}"
2026-02-16T21:30:50.175136,SCENE-002,SCENE-002-SHOT-001,IMAGE_GEN,SUCCESS,526.88,"{""seed"": 2142169240}"
2026-02-16T21:30:51.181499,SCENE-002,SCENE-002-SHOT-001,VIDEO_GEN,SUCCESS,1006.07,"{""shot_type"": ""Wide"", ""lens"": ""35mm"", ""movement"": ""Tracking""}"
2026-02-16T21:30:51.721889,SCENE-002,SCENE-002-SHOT-002,IMAGE_GEN,SUCCESS,539.97,"{""seed"": 1417424982}"
2026-02-16T21:30:52.728791,SCENE-002,SCENE-002-SHOT-002,VIDEO_GEN,SUCCESS,1006.44,"{""shot_type"": ""Medium"", ""lens"": ""35mm"", ""movement"": ""Tracking""}"
2026-02-16T21:30:53.262502,SCENE-003,SCENE-003-SHOT-001,IMAGE_GEN,SUCCESS,533.13,"{""seed"": 1313308739}"
2026-02-16T21:30:54.264119,SCENE-003,SCENE-003-SHOT-001,VIDEO_GEN,SUCCESS,1001.32,"{""shot_type"": ""Wide"", ""lens"": ""35mm"", ""movement"": ""Tracking""}"
2026-02-16T21:30:54.789454,SCENE-003,SCENE-003-SHOT-002,IMAGE_GEN,SUCCESS,525.10,"{""seed"": 1828254429}"
2026-02-16T21:30:55.796194,SCENE-003,SCENE-003-SHOT-002,VIDEO_GEN,SUCCESS,1006.57,"{""shot_type"": ""Medium"", ""lens"": ""35mm"", ""movement"": ""Tracking""}"
2026-02-16T21:30:55.961618,SCENE-001,SCENE-001-SHOT-001,CRITIC_QA,FAIL,0.00,"{""score"": ""0.32"", ""reason"": ""semantic_drift"", ""method"": ""semantic_similarity""}"
2026-02-16T21:30:55.976330,SCENE-002,SCENE-002-SHOT-001,CRITIC_QA,FAIL,0.00,"{""score"": ""0.35"", ""reason"": ""semantic_drift"", ""method"": ""semantic_similarity""}"
2026-02-16T21:30:55.990335,SCENE-002,SCENE-002-SHOT-002,CRITIC_QA,FAIL,0.00,"{""score"": ""0.35"", ""reason"": ""semantic_drift"", ""method"": ""semantic_similarity""}"
2026-02-16T21:30:56.005114,SCENE-003,SCENE-003-SHOT-001,CRITIC_QA,PASS,0.00,"{""score"": ""0.56"", ""method"": ""semantic_similarity""}"
2026-02-16T21:30:56.027157,SCENE-003,SCENE-003-SHOT-002,CRITIC_QA,PASS,0.00,"{""score"": ""0.56"", ""method"": ""semantic_similarity""}"
2026-02-16T21:30:56.557630,SCENE-001,SCENE-001-SHOT-001,IMAGE_GEN,SUCCESS,529.30,"{""seed"": 2011861932}"
2026-02-16T21:30:57.564354,SCENE-001,SCENE-001-SHOT-001,VIDEO_GEN,SUCCESS,1006.42,"{""shot_type"": ""Wide"", ""lens"": ""24mm"", ""movement"": ""Slow Pan""}"
2026-02-16T21:30:58.095946,SCENE-002,SCENE-002-SHOT-001,IMAGE_GEN,SUCCESS,530.99,"{""seed"": 2142169240}"
2026-02-16T21:30:59.102631,SCENE-002,SCENE-002-SHOT-001,VIDEO_GEN,SUCCESS,1006.37,"{""shot_type"": ""Wide"", ""lens"": ""35mm"", ""movement"": ""Tracking""}"
2026-02-16T21:30:59.634197,SCENE-002,SCENE-002-SHOT-002,IMAGE_GEN,SUCCESS,531.02,"{""seed"": 1417424982}"
2026-02-16T21:31:00.640747,SCENE-002,SCENE-002-SHOT-002,VIDEO_GEN,SUCCESS,1006.22,"{""shot_type"": ""Medium"", ""lens"": ""35mm"", ""movement"": ""Tracking""}"
2026-02-16T21:31:01.170004,SCENE-003,SCENE-003-SHOT-001,IMAGE_GEN,SUCCESS,528.80,"{""seed"": 1313308739}"
2026-02-16T21:31:02.176622,SCENE-003,SCENE-003-SHOT-001,VIDEO_GEN,SUCCESS,1006.27,"{""shot_type"": ""Wide"", ""lens"": ""35mm"", ""movement"": ""Tracking""}"
2026-02-16T21:31:02.704755,SCENE-003,SCENE-003-SHOT-002,IMAGE_GEN,SUCCESS,527.42,"{""seed"": 1828254429}"
2026-02-16T21:31:03.711375,SCENE-003,SCENE-003-SHOT-002,VIDEO_GEN,SUCCESS,1006.30,"{""shot_type"": ""Medium"", ""lens"": ""35mm"", ""movement"": ""Tracking""}"
2026-02-16T21:31:03.824532,SCENE-001,SCENE-001-SHOT-001,CRITIC_QA,FAIL,0.00,"{""score"": ""0.32"", ""reason"": ""semantic_drift"", ""method"": ""semantic_similarity""}"
2026-02-16T21:31:03.847782,SCENE-002,SCENE-002-SHOT-001,CRITIC_QA,FAIL,0.00,"{""score"": ""0.35"", ""reason"": ""semantic_drift"", ""method"": ""semantic_similarity""}"
2026-02-16T21:31:03.861934,SCENE-002,SCENE-002-SHOT-002,CRITIC_QA,FAIL,0.00,"{""score"": ""0.35"", ""reason"": ""semantic_drift"", ""method"": ""semantic_similarity""}"
2026-02-16T21:31:03.876784,SCENE-003,SCENE-003-SHOT-001,CRITIC_QA,PASS,0.00,"{""score"": ""0.56"", ""method"": ""semantic_similarity""}"
2026-02-16T21:31:03.895258,SCENE-003,SCENE-003-SHOT-002,CRITIC_QA,PASS,0.00,"{""score"": ""0.56"", ""method"": ""semantic_similarity""}"
2026-02-16T21:31:04.420877,SCENE-001,SCENE-001-SHOT-001,IMAGE_GEN,SUCCESS,524.58,"{""seed"": 2011861932}"
2026-02-16T21:31:05.427464,SCENE-001,SCENE-001-SHOT-001,VIDEO_GEN,SUCCESS,1006.36,"{""shot_type"": ""Wide"", ""lens"": ""24mm"", ""movement"": ""Slow Pan""}"
2026-02-16T21:31:05.961643,SCENE-002,SCENE-002-SHOT-001,IMAGE_GEN,SUCCESS,533.61,"{""seed"": 2142169240}"
2026-02-16T21:31:06.968594,SCENE-002,SCENE-002-SHOT-001,VIDEO_GEN,SUCCESS,1006.67,"{""shot_type"": ""Wide"", ""lens"": ""35mm"", ""movement"": ""Tracking""}"
2026-02-16T21:31:07.497586,SCENE-002,SCENE-002-SHOT-002,IMAGE_GEN,SUCCESS,528.43,"{""seed"": 1417424982}"
2026-02-16T21:31:08.504399,SCENE-002,SCENE-002-SHOT-002,VIDEO_GEN,SUCCESS,1006.50,"{""shot_type"": ""Medium"", ""lens"": ""35mm"", ""movement"": ""Tracking""}"
2026-02-16T21:31:09.037080,SCENE-003,SCENE-003-SHOT-001,IMAGE_GEN,SUCCESS,532.05,"{""seed"": 1313308739}"
2026-02-16T21:31:10.040395,SCENE-003,SCENE-003-SHOT-001,VIDEO_GEN,SUCCESS,1002.80,"{""shot_type"": ""Wide"", ""lens"": ""35mm"", ""movement"": ""Tracking""}"
2026-02-16T21:31:10.567052,SCENE-003,SCENE-003-SHOT-002,IMAGE_GEN,SUCCESS,526.38,"{""seed"": 1828254429}"
2026-02-16T21:31:11.577767,SCENE-003,SCENE-003-SHOT-002,VIDEO_GEN,SUCCESS,1010.29,"{""shot_type"": ""Medium"", ""lens"": ""35mm"", ""movement"": ""Tracking""}"
2026-02-16T21:31:11.794434,SCENE-001,SCENE-001-SHOT-001,CRITIC_QA,FAIL,0.00,"{""score"": ""0.32"", ""reason"": ""semantic_drift"", ""method"": ""semantic_similarity""}"
2026-02-16T21:31:11.813205,SCENE-002,SCENE-002-SHOT-001,CRITIC_QA,FAIL,0.00,"{""score"": ""0.35"", ""reason"": ""semantic_drift"", ""method"": ""semantic_similarity""}"
2026-02-16T21:31:11.831177,SCENE-002,SCENE-002-SHOT-002,CRITIC_QA,FAIL,0.00,"{""score"": ""0.35"", ""reason"": ""semantic_drift"", ""method"": ""semantic_similarity""}"
2026-02-16T21:31:11.864124,SCENE-003,SCENE-003-SHOT-001,CRITIC_QA,PASS,0.00,"{""score"": ""0.56"", ""method"": ""semantic_similarity""}"
2026-02-16T21:31:11.879806,SCENE-003,SCENE-003-SHOT-002,CRITIC_QA,PASS,0.00,"{""score"": ""0.56"", ""method"": ""semantic_similarity""}"
2026-02-16T21:31:12.420020,SCENE-001,SCENE-001-SHOT-001,IMAGE_GEN,SUCCESS,538.88,"{""seed"": 2011861932}"
2026-02-16T21:31:13.430923,SCENE-001,SCENE-001-SHOT-001,VIDEO_GEN,SUCCESS,1010.58,"{""shot_type"": ""Wide"", ""lens"": ""24mm"", ""movement"": ""Slow Pan""}"
2026-02-16T21:31:13.969291,SCENE-002,SCENE-002-SHOT-001,IMAGE_GEN,SUCCESS,538.13,"{""seed"": 2142169240}"
2026-02-16T21:31:14.980850,SCENE-002,SCENE-002-SHOT-001,VIDEO_GEN,SUCCESS,1011.24,"{""shot_type"": ""Wide"", ""lens"": ""35mm"", ""movement"": ""Tracking""}"
2026-02-16T21:31:15.513504,SCENE-002,SCENE-002-SHOT-002,IMAGE_GEN,SUCCESS,531.85,"{""seed"": 1417424982}"
2026-02-16T21:31:16.525126,SCENE-002,SCENE-002-SHOT-002,VIDEO_GEN,SUCCESS,1011.32,"{""shot_type"": ""Medium"", ""lens"": ""35mm"", ""movement"": ""Tracking""}"
2026-02-16T21:31:17.043255,SCENE-003,SCENE-003-SHOT-001,IMAGE_GEN,SUCCESS,517.09,"{""seed"": 1313308739}"
2026-02-16T21:31:18.056704,SCENE-003,SCENE-003-SHOT-001,VIDEO_GEN,SUCCESS,1013.30,"{""shot_type"": ""Wide"", ""lens"": ""35mm"", ""movement"": ""Tracking""}"
2026-02-16T21:31:18.592491,SCENE-003,SCENE-003-SHOT-002,IMAGE_GEN,SUCCESS,534.06,"{""seed"": 1828254429}"
2026-02-16T21:31:19.604709,SCENE-003,SCENE-003-SHOT-002,VIDEO_GEN,SUCCESS,1011.91,"{""shot_type"": ""Medium"", ""lens"": ""35mm"", ""movement"": ""Tracking""}"
2026-02-16T21:31:19.784073,SCENE-001,SCENE-001-SHOT-001,CRITIC_QA,FAIL,0.00,"{""score"": ""0.32"", ""reason"": ""semantic_drift"", ""method"": ""semantic_similarity""}"
2026-02-16T21:31:19.801972,SCENE-002,SCENE-002-SHOT-001,CRITIC_QA,FAIL,0.00,"{""score"": ""0.35"", ""reason"": ""semantic_drift"", ""method"": ""semantic_similarity""}"
2026-02-16T21:31:19.815636,SCENE-002,SCENE-002-SHOT-002,CRITIC_QA,FAIL,0.00,"{""score"": ""0.35"", ""reason"": ""semantic_drift"", ""method"": ""semantic_similarity""}"
2026-02-16T21:31:19.830839,SCENE-003,SCENE-003-SHOT-001,CRITIC_QA,PASS,0.00,"{""score"": ""0.56"", ""method"": ""semantic_similarity""}"
2026-02-16T21:31:19.845433,SCENE-003,SCENE-003-SHOT-002,CRITIC_QA,PASS,0.00,"{""score"": ""0.56"", ""method"": ""semantic_similarity""}"
2026-02-16T21:31:20.388592,SCENE-001,SCENE-001-SHOT-001,IMAGE_GEN,SUCCESS,542.09,"{""seed"": 2011861932}"
2026-02-16T21:31:21.400093,SCENE-001,SCENE-001-SHOT-001,VIDEO_GEN,SUCCESS,1011.24,"{""shot_type"": ""Wide"", ""lens"": ""24mm"", ""movement"": ""Slow Pan""}"
2026-02-16T21:31:21.931396,SCENE-002,SCENE-002-SHOT-001,IMAGE_GEN,SUCCESS,530.73,"{""seed"": 2142169240}"
2026-02-16T21:31:22.943227,SCENE-002,SCENE-002-SHOT-001,VIDEO_GEN,SUCCESS,1011.53,"{""shot_type"": ""Wide"", ""lens"": ""35mm"", ""movement"": ""Tracking""}"
2026-02-16T21:31:23.469769,SCENE-002,SCENE-002-SHOT-002,IMAGE_GEN,SUCCESS,525.99,"{""seed"": 1417424982}"
2026-02-16T21:31:24.481015,SCENE-002,SCENE-002-SHOT-002,VIDEO_GEN,SUCCESS,1010.94,"{""shot_type"": ""Medium"", ""lens"": ""35mm"", ""movement"": ""Tracking""}"
2026-02-16T21:31:25.015718,SCENE-003,SCENE-003-SHOT-001,IMAGE_GEN,SUCCESS,534.34,"{""seed"": 1313308739}"
2026-02-16T21:31:26.027228,SCENE-003,SCENE-003-SHOT-001,VIDEO_GEN,SUCCESS,1011.27,"{""shot_type"": ""Wide"", ""lens"": ""35mm"", ""movement"": ""Tracking""}"
2026-02-16T21:31:26.560745,SCENE-003,SCENE-003-SHOT-002,IMAGE_GEN,SUCCESS,532.84,"{""seed"": 1828254429}"
2026-02-16T21:31:27.571922,SCENE-003,SCENE-003-SHOT-002,VIDEO_GEN,SUCCESS,1010.86,"{""shot_type"": ""Medium"", ""lens"": ""35mm"", ""movement"": ""Tracking""}"
2026-02-16T21:31:27.648767,SCENE-001,SCENE-001-SHOT-001,CRITIC_QA,FAIL,0.00,"{""score"": ""0.32"", ""reason"": ""semantic_drift"", ""method"": ""semantic_similarity""}"
2026-02-16T21:31:27.664005,SCENE-002,SCENE-002-SHOT-001,CRITIC_QA,FAIL,0.00,"{""score"": ""0.35"", ""reason"": ""semantic_drift"", ""method"": ""semantic_similarity""}"
2026-02-16T21:31:27.677568,SCENE-002,SCENE-002-SHOT-002,CRITIC_QA,FAIL,0.00,"{""score"": ""0.35"", ""reason"": ""semantic_drift"", ""method"": ""semantic_similarity""}"
2026-02-16T21:31:27.691808,SCENE-003,SCENE-003-SHOT-001,CRITIC_QA,PASS,0.00,"{""score"": ""0.56"", ""method"": ""semantic_similarity""}"
2026-02-16T21:31:27.705882,SCENE-003,SCENE-003-SHOT-002,CRITIC_QA,PASS,0.00,"{""score"": ""0.56"", ""method"": ""semantic_similarity""}"
2026-02-16T21:31:28.245197,SCENE-001,SCENE-001-SHOT-001,IMAGE_GEN,SUCCESS,538.18,"{""seed"": 2011861932}"
2026-02-16T21:31:29.251739,SCENE-001,SCENE-001-SHOT-001,VIDEO_GEN,SUCCESS,1006.27,"{""shot_type"": ""Wide"", ""lens"": ""24mm"", ""movement"": ""Slow Pan""}"
2026-02-16T21:31:29.772256,SCENE-002,SCENE-002-SHOT-001,IMAGE_GEN,SUCCESS,520.23,"{""seed"": 2142169240}"
2026-02-16T21:31:30.778991,SCENE-002,SCENE-002-SHOT-001,VIDEO_GEN,SUCCESS,1006.38,"{""shot_type"": ""Wide"", ""lens"": ""35mm"", ""movement"": ""Tracking""}"
2026-02-16T21:31:31.309519,SCENE-002,SCENE-002-SHOT-002,IMAGE_GEN,SUCCESS,529.60,"{""seed"": 1417424982}"
2026-02-16T21:31:32.310365,SCENE-002,SCENE-002-SHOT-002,VIDEO_GEN,SUCCESS,1000.59,"{""shot_type"": ""Medium"", ""lens"": ""35mm"", ""movement"": ""Tracking""}"
2026-02-16T21:31:32.843437,SCENE-003,SCENE-003-SHOT-001,IMAGE_GEN,SUCCESS,532.94,"{""seed"": 1313308739}"
2026-02-16T21:31:33.850202,SCENE-003,SCENE-003-SHOT-001,VIDEO_GEN,SUCCESS,1006.48,"{""shot_type"": ""Wide"", ""lens"": ""35mm"", ""movement"": ""Tracking""}"
2026-02-16T21:31:34.366673,SCENE-003,SCENE-003-SHOT-002,IMAGE_GEN,SUCCESS,515.91,"{""seed"": 1828254429}"
2026-02-16T21:31:35.373466,SCENE-003,SCENE-003-SHOT-002,VIDEO_GEN,SUCCESS,1006.59,"{""shot_type"": ""Medium"", ""lens"": ""35mm"", ""movement"": ""Tracking""}"
2026-02-16T21:31:35.555326,SCENE-001,SCENE-001-SHOT-001,CRITIC_QA,FAIL,0.00,"{""score"": ""0.32"", ""reason"": ""semantic_drift"", ""method"": ""semantic_similarity""}"
2026-02-16T21:31:35.585815,SCENE-002,SCENE-002-SHOT-001,CRITIC_QA,FAIL,0.00,"{""score"": ""0.35"", ""reason"": ""semantic_drift"", ""method"": ""semantic_similarity""}"
2026-02-16T21:31:35.598825,SCENE-002,SCENE-002-SHOT-002,CRITIC_QA,FAIL,0.00,"{""score"": ""0.35"", ""reason"": ""semantic_drift"", ""method"": ""semantic_similarity""}"
2026-02-16T21:31:35.611481,SCENE-003,SCENE-003-SHOT-001,CRITIC_QA,PASS,0.00,"{""score"": ""0.56"", ""method"": ""semantic_similarity""}"
2026-02-16T21:31:35.622093,SCENE-003,SCENE-003-SHOT-002,CRITIC_QA,PASS,0.00,"{""score"": ""0.56"", ""method"": ""semantic_similarity""}"
2026-02-16T21:31:36.154216,SCENE-001,SCENE-001-SHOT-001,IMAGE_GEN,SUCCESS,530.83,"{""seed"": 2011861932}"
2026-02-16T21:31:37.161011,SCENE-001,SCENE-001-SHOT-001,VIDEO_GEN,SUCCESS,1006.45,"{""shot_type"": ""Wide"", ""lens"": ""24mm"", ""movement"": ""Slow Pan""}"
2026-02-16T21:31:37.688285,SCENE-002,SCENE-002-SHOT-001,IMAGE_GEN,SUCCESS,526.62,"{""seed"": 2142169240}"
2026-02-16T21:31:38.694118,SCENE-002,SCENE-002-SHOT-001,VIDEO_GEN,SUCCESS,1005.41,"{""shot_type"": ""Wide"", ""lens"": ""35mm"", ""movement"": ""Tracking""}"
2026-02-16T21:31:39.210706,SCENE-002,SCENE-002-SHOT-002,IMAGE_GEN,SUCCESS,516.44,"{""seed"": 1417424982}"
2026-02-16T21:31:40.217430,SCENE-002,SCENE-002-SHOT-002,VIDEO_GEN,SUCCESS,1006.52,"{""shot_type"": ""Medium"", ""lens"": ""35mm"", ""movement"": ""Tracking""}"
2026-02-16T21:31:40.740578,SCENE-003,SCENE-003-SHOT-001,IMAGE_GEN,SUCCESS,522.58,"{""seed"": 1313308739}"
2026-02-16T21:31:41.747234,SCENE-003,SCENE-003-SHOT-001,VIDEO_GEN,SUCCESS,1006.41,"{""shot_type"": ""Wide"", ""lens"": ""35mm"", ""movement"": ""Tracking""}"
2026-02-16T21:31:42.278100,SCENE-003,SCENE-003-SHOT-002,IMAGE_GEN,SUCCESS,530.34,"{""seed"": 1828254429}"
2026-02-16T21:31:43.284665,SCENE-003,SCENE-003-SHOT-002,VIDEO_GEN,SUCCESS,1006.28,"{""shot_type"": ""Medium"", ""lens"": ""35mm"", ""movement"": ""Tracking""}"
2026-02-16T21:31:43.361187,SCENE-001,SCENE-001-SHOT-001,CRITIC_QA,FAIL,0.00,"{""score"": ""0.32"", ""reason"": ""semantic_drift"", ""method"": ""semantic_similarity""}"
2026-02-16T21:31:43.375922,SCENE-002,SCENE-002-SHOT-001,CRITIC_QA,FAIL,0.00,"{""score"": ""0.35"", ""reason"": ""semantic_drift"", ""method"": ""semantic_similarity""}"
2026-02-16T21:31:43.389809,SCENE-002,SCENE-002-SHOT-002,CRITIC_QA,FAIL,0.00,"{""score"": ""0.35"", ""reason"": ""semantic_drift"", ""method"": ""semantic_similarity""}"
2026-02-16T21:31:43.404233,SCENE-003,SCENE-003-SHOT-001,CRITIC_QA,PASS,0.00,"{""score"": ""0.56"", ""method"": ""semantic_similarity""}"
2026-02-16T21:31:43.418586,SCENE-003,SCENE-003-SHOT-002,CRITIC_QA,PASS,0.00,"{""score"": ""0.56"", ""method"": ""semantic_similarity""}"
2026-02-16T21:31:43.951098,SCENE-001,SCENE-001-SHOT-001,IMAGE_GEN,SUCCESS,531.45,"{""seed"": 2011861932}"
2026-02-16T21:31:44.958116,SCENE-001,SCENE-001-SHOT-001,VIDEO_GEN,SUCCESS,1006.69,"{""shot_type"": ""Wide"", ""lens"": ""24mm"", ""movement"": ""Slow Pan""}"
2026-02-16T21:31:45.495443,SCENE-002,SCENE-002-SHOT-001,IMAGE_GEN,SUCCESS,536.73,"{""seed"": 2142169240}"
2026-02-16T21:31:46.497440,SCENE-002,SCENE-002-SHOT-001,VIDEO_GEN,SUCCESS,1001.64,"{""shot_type"": ""Wide"", ""lens"": ""35mm"", ""movement"": ""Tracking""}"
2026-02-16T21:31:47.030386,SCENE-002,SCENE-002-SHOT-002,IMAGE_GEN,SUCCESS,532.50,"{""seed"": 1417424982}"
2026-02-16T21:31:48.034080,SCENE-002,SCENE-002-SHOT-002,VIDEO_GEN,SUCCESS,1003.35,"{""shot_type"": ""Medium"", ""lens"": ""35mm"", ""movement"": ""Tracking""}"
2026-02-16T21:31:48.553090,SCENE-003,SCENE-003-SHOT-001,IMAGE_GEN,SUCCESS,518.83,"{""seed"": 1313308739}"
2026-02-16T21:31:49.559921,SCENE-003,SCENE-003-SHOT-001,VIDEO_GEN,SUCCESS,1006.60,"{""shot_type"": ""Wide"", ""lens"": ""35mm"", ""movement"": ""Tracking""}"
2026-02-16T21:31:50.091260,SCENE-003,SCENE-003-SHOT-002,IMAGE_GEN,SUCCESS,530.53,"{""seed"": 1828254429}"
2026-02-16T21:31:51.098206,SCENE-003,SCENE-003-SHOT-002,VIDEO_GEN,SUCCESS,1006.61,"{""shot_type"": ""Medium"", ""lens"": ""35mm"", ""movement"": ""Tracking""}"
2026-02-16T21:31:51.213396,SCENE-001,SCENE-001-SHOT-001,CRITIC_QA,FAIL,0.00,"{""score"": ""0.32"", ""reason"": ""semantic_drift"", ""method"": ""semantic_similarity""}"
2026-02-16T21:31:51.228254,SCENE-002,SCENE-002-SHOT-001,CRITIC_QA,FAIL,0.00,"{""score"": ""0.35"", ""reason"": ""semantic_drift"", ""method"": ""semantic_similarity""}"
2026-02-16T21:31:51.241719,SCENE-002,SCENE-002-SHOT-002,CRITIC_QA,FAIL,0.00,"{""score"": ""0.35"", ""reason"": ""semantic_drift"", ""method"": ""semantic_similarity""}"
2026-02-16T21:31:51.258405,SCENE-003,SCENE-003-SHOT-001,CRITIC_QA,PASS,0.00,"{""score"": ""0.56"", ""method"": ""semantic_similarity""}"
2026-02-16T21:31:51.272874,SCENE-003,SCENE-003-SHOT-002,CRITIC_QA,PASS,0.00,"{""score"": ""0.56"", ""method"": ""semantic_similarity""}"
2026-02-16T21:31:51.804730,SCENE-001,SCENE-001-SHOT-001,IMAGE_GEN,SUCCESS,530.84,"{""seed"": 2011861932}"
2026-02-16T21:31:52.806933,SCENE-001,SCENE-001-SHOT-001,VIDEO_GEN,SUCCESS,1001.84,"{""shot_type"": ""Wide"", ""lens"": ""24mm"", ""movement"": ""Slow Pan""}"
2026-02-16T21:31:53.338819,SCENE-002,SCENE-002-SHOT-001,IMAGE_GEN,SUCCESS,531.56,"{""seed"": 2142169240}"
2026-02-16T21:31:54.340560,SCENE-002,SCENE-002-SHOT-001,VIDEO_GEN,SUCCESS,1001.49,"{""shot_type"": ""Wide"", ""lens"": ""35mm"", ""movement"": ""Tracking""}"
2026-02-16T21:31:54.872660,SCENE-002,SCENE-002-SHOT-002,IMAGE_GEN,SUCCESS,531.97,"{""seed"": 1417424982}"
2026-02-16T21:31:55.879603,SCENE-002,SCENE-002-SHOT-002,VIDEO_GEN,SUCCESS,1006.61,"{""shot_type"": ""Medium"", ""lens"": ""35mm"", ""movement"": ""Tracking""}"
2026-02-16T21:31:56.410431,SCENE-003,SCENE-003-SHOT-001,IMAGE_GEN,SUCCESS,530.10,"{""seed"": 1313308739}"
2026-02-16T21:31:57.416923,SCENE-003,SCENE-003-SHOT-001,VIDEO_GEN,SUCCESS,1006.21,"{""shot_type"": ""Wide"", ""lens"": ""35mm"", ""movement"": ""Tracking""}"
2026-02-16T21:31:57.948372,SCENE-003,SCENE-003-SHOT-002,IMAGE_GEN,SUCCESS,530.89,"{""seed"": 1828254429}"
2026-02-16T21:31:58.954928,SCENE-003,SCENE-003-SHOT-002,VIDEO_GEN,SUCCESS,1006.24,"{""shot_type"": ""Medium"", ""lens"": ""35mm"", ""movement"": ""Tracking""}"
2026-02-16T21:31:59.045898,SCENE-001,SCENE-001-SHOT-001,CRITIC_QA,FAIL,0.00,"{""score"": ""0.32"", ""reason"": ""semantic_drift"", ""method"": ""semantic_similarity""}"
2026-02-16T21:31:59.060937,SCENE-002,SCENE-002-SHOT-001,CRITIC_QA,FAIL,0.00,"{""score"": ""0.35"", ""reason"": ""semantic_drift"", ""method"": ""semantic_similarity""}"
2026-02-16T21:31:59.074724,SCENE-002,SCENE-002-SHOT-002,CRITIC_QA,FAIL,0.00,"{""score"": ""0.35"", ""reason"": ""semantic_drift"", ""method"": ""semantic_similarity""}"
2026-02-16T21:31:59.089103,SCENE-003,SCENE-003-SHOT-001,CRITIC_QA,PASS,0.00,"{""score"": ""0.56"", ""method"": ""semantic_similarity""}"
2026-02-16T21:31:59.104371,SCENE-003,SCENE-003-SHOT-002,CRITIC_QA,PASS,0.00,"{""score"": ""0.56"", ""method"": ""semantic_similarity""}"
2026-02-16T21:31:59.637229,SCENE-001,SCENE-001-SHOT-001,IMAGE_GEN,SUCCESS,531.86,"{""seed"": 2011861932}"
2026-02-16T21:32:00.643435,SCENE-001,SCENE-001-SHOT-001,VIDEO_GEN,SUCCESS,1005.87,"{""shot_type"": ""Wide"", ""lens"": ""24mm"", ""movement"": ""Slow Pan""}"
2026-02-16T21:32:01.166835,SCENE-002,SCENE-002-SHOT-001,IMAGE_GEN,SUCCESS,522.96,"{""seed"": 2142169240}"
2026-02-16T21:32:02.173443,SCENE-002,SCENE-002-SHOT-001,VIDEO_GEN,SUCCESS,1006.33,"{""shot_type"": ""Wide"", ""lens"": ""35mm"", ""movement"": ""Tracking""}"
2026-02-16T21:32:02.698723,SCENE-002,SCENE-002-SHOT-002,IMAGE_GEN,SUCCESS,524.73,"{""seed"": 1417424982}"
2026-02-16T21:32:03.704997,SCENE-002,SCENE-002-SHOT-002,VIDEO_GEN,SUCCESS,1005.97,"{""shot_type"": ""Medium"", ""lens"": ""35mm"", ""movement"": ""Tracking""}"
2026-02-16T21:32:04.238149,SCENE-003,SCENE-003-SHOT-001,IMAGE_GEN,SUCCESS,532.75,"{""seed"": 1313308739}"
2026-02-16T21:32:05.244890,SCENE-003,SCENE-003-SHOT-001,VIDEO_GEN,SUCCESS,1006.45,"{""shot_type"": ""Wide"", ""lens"": ""35mm"", ""movement"": ""Tracking""}"
2026-02-16T21:32:05.775711,SCENE-003,SCENE-003-SHOT-002,IMAGE_GEN,SUCCESS,530.28,"{""seed"": 1828254429}"
2026-02-16T21:32:06.782318,SCENE-003,SCENE-003-SHOT-002,VIDEO_GEN,SUCCESS,1006.32,"{""shot_type"": ""Medium"", ""lens"": ""35mm"", ""movement"": ""Tracking""}"
2026-02-16T21:32:06.858336,SCENE-001,SCENE-001-SHOT-001,CRITIC_QA,FAIL,0.00,"{""score"": ""0.32"", ""reason"": ""semantic_drift"", ""method"": ""semantic_similarity""}"
2026-02-16T21:32:06.873004,SCENE-002,SCENE-002-SHOT-001,CRITIC_QA,FAIL,0.00,"{""score"": ""0.35"", ""reason"": ""semantic_drift"", ""method"": ""semantic_similarity""}"
2026-02-16T21:32:06.886577,SCENE-002,SCENE-002-SHOT-002,CRITIC_QA,FAIL,0.00,"{""score"": ""0.35"", ""reason"": ""semantic_drift"", ""method"": ""semantic_similarity""}"
2026-02-16T21:32:06.900944,SCENE-003,SCENE-003-SHOT-001,CRITIC_QA,PASS,0.00,"{""score"": ""0.56"", ""method"": ""semantic_similarity""}"
2026-02-16T21:32:06.915774,SCENE-003,SCENE-003-SHOT-002,CRITIC_QA,PASS,0.00,"{""score"": ""0.56"", ""method"": ""semantic_similarity""}"
2026-02-16T21:32:07.450109,SCENE-001,SCENE-001-SHOT-001,IMAGE_GEN,SUCCESS,533.31,"{""seed"": 2011861932}"
2026-02-16T21:32:08.456981,SCENE-001,SCENE-001-SHOT-001,VIDEO_GEN,SUCCESS,1006.58,"{""shot_type"": ""Wide"", ""lens"": ""24mm"", ""movement"": ""Slow Pan""}"
2026-02-16T21:32:08.989600,SCENE-002,SCENE-002-SHOT-001,IMAGE_GEN,SUCCESS,531.96,"{""seed"": 2142169240}"
2026-02-16T21:32:09.996493,SCENE-002,SCENE-002-SHOT-001,VIDEO_GEN,SUCCESS,1006.51,"{""shot_type"": ""Wide"", ""lens"": ""35mm"", ""movement"": ""Tracking""}"
2026-02-16T21:32:10.531369,SCENE-002,SCENE-002-SHOT-002,IMAGE_GEN,SUCCESS,534.19,"{""seed"": 1417424982}"
2026-02-16T21:32:11.538189,SCENE-002,SCENE-002-SHOT-002,VIDEO_GEN,SUCCESS,1006.45,"{""shot_type"": ""Medium"", ""lens"": ""35mm"", ""movement"": ""Tracking""}"
2026-02-16T21:32:12.066517,SCENE-003,SCENE-003-SHOT-001,IMAGE_GEN,SUCCESS,527.79,"{""seed"": 1313308739}"
2026-02-16T21:32:13.073307,SCENE-003,SCENE-003-SHOT-001,VIDEO_GEN,SUCCESS,1006.44,"{""shot_type"": ""Wide"", ""lens"": ""35mm"", ""movement"": ""Tracking""}"
2026-02-16T21:32:13.601409,SCENE-003,SCENE-003-SHOT-002,IMAGE_GEN,SUCCESS,527.54,"{""seed"": 1828254429}"
2026-02-16T21:32:14.607796,SCENE-003,SCENE-003-SHOT-002,VIDEO_GEN,SUCCESS,1006.06,"{""shot_type"": ""Medium"", ""lens"": ""35mm"", ""movement"": ""Tracking""}"
2026-02-16T21:32:14.668973,SCENE-001,SCENE-001-SHOT-001,CRITIC_QA,FAIL,0.00,"{""score"": ""0.32"", ""reason"": ""semantic_drift"", ""method"": ""semantic_similarity""}"
2026-02-16T21:32:14.684375,SCENE-002,SCENE-002-SHOT-001,CRITIC_QA,FAIL,0.00,"{""score"": ""0.35"", ""reason"": ""semantic_drift"", ""method"": ""semantic_similarity""}"
2026-02-16T21:32:14.699189,SCENE-002,SCENE-002-SHOT-002,CRITIC_QA,FAIL,0.00,"{""score"": ""0.35"", ""reason"": ""semantic_drift"", ""method"": ""semantic_similarity""}"
2026-02-16T21:32:14.714433,SCENE-003,SCENE-003-SHOT-001,CRITIC_QA,PASS,0.00,"{""score"": ""0.56"", ""method"": ""semantic_similarity""}"
2026-02-16T21:32:14.734015,SCENE-003,SCENE-003-SHOT-002,CRITIC_QA,PASS,0.00,"{""score"": ""0.56"", ""method"": ""semantic_similarity""}"
2026-02-16T21:32:15.264842,SCENE-001,SCENE-001-SHOT-001,IMAGE_GEN,SUCCESS,529.61,"{""seed"": 2011861932}"
2026-02-16T21:32:16.271717,SCENE-001,SCENE-001-SHOT-001,VIDEO_GEN,SUCCESS,1006.61,"{""shot_type"": ""Wide"", ""lens"": ""24mm"", ""movement"": ""Slow Pan""}"
2026-02-16T21:32:16.798319,SCENE-002,SCENE-002-SHOT-001,IMAGE_GEN,SUCCESS,525.98,"{""seed"": 2142169240}"
2026-02-16T21:32:17.804722,SCENE-002,SCENE-002-SHOT-001,VIDEO_GEN,SUCCESS,1006.06,"{""shot_type"": ""Wide"", ""lens"": ""35mm"", ""movement"": ""Tracking""}"
2026-02-16T21:32:18.334941,SCENE-002,SCENE-002-SHOT-002,IMAGE_GEN,SUCCESS,529.74,"{""seed"": 1417424982}"
2026-02-16T21:32:19.340562,SCENE-002,SCENE-002-SHOT-002,VIDEO_GEN,SUCCESS,1005.32,"{""shot_type"": ""Medium"", ""lens"": ""35mm"", ""movement"": ""Tracking""}"
2026-02-16T21:32:19.868253,SCENE-003,SCENE-003-SHOT-001,IMAGE_GEN,SUCCESS,527.51,"{""seed"": 1313308739}"
2026-02-16T21:32:20.875257,SCENE-003,SCENE-003-SHOT-001,VIDEO_GEN,SUCCESS,1006.68,"{""shot_type"": ""Wide"", ""lens"": ""35mm"", ""movement"": ""Tracking""}"
2026-02-16T21:32:21.408633,SCENE-003,SCENE-003-SHOT-002,IMAGE_GEN,SUCCESS,532.73,"{""seed"": 1828254429}"
2026-02-16T21:32:22.415513,SCENE-003,SCENE-003-SHOT-002,VIDEO_GEN,SUCCESS,1006.50,"{""shot_type"": ""Medium"", ""lens"": ""35mm"", ""movement"": ""Tracking""}"
2026-02-16T21:32:22.500176,SCENE-001,SCENE-001-SHOT-001,CRITIC_QA,FAIL,0.00,"{""score"": ""0.32"", ""reason"": ""semantic_drift"", ""method"": ""semantic_similarity""}"
2026-02-16T21:32:22.516153,SCENE-002,SCENE-002-SHOT-001,CRITIC_QA,FAIL,0.00,"{""score"": ""0.35"", ""reason"": ""semantic_drift"", ""method"": ""semantic_similarity""}"
2026-02-16T21:32:22.529971,SCENE-002,SCENE-002-SHOT-002,CRITIC_QA,FAIL,0.00,"{""score"": ""0.35"", ""reason"": ""semantic_drift"", ""method"": ""semantic_similarity""}"
2026-02-16T21:32:22.544632,SCENE-003,SCENE-003-SHOT-001,CRITIC_QA,PASS,0.00,"{""score"": ""0.56"", ""method"": ""semantic_similarity""}"
2026-02-16T21:32:22.559703,SCENE-003,SCENE-003-SHOT-002,CRITIC_QA,PASS,0.00,"{""score"": ""0.56"", ""method"": ""semantic_similarity""}"
2026-02-16T21:32:23.090745,SCENE-001,SCENE-001-SHOT-001,IMAGE_GEN,SUCCESS,529.99,"{""seed"": 2011861932}"
2026-02-16T21:32:24.097190,SCENE-001,SCENE-001-SHOT-001,VIDEO_GEN,SUCCESS,1006.15,"{""shot_type"": ""Wide"", ""lens"": ""24mm"", ""movement"": ""Slow Pan""}"
2026-02-16T21:32:24.628714,SCENE-002,SCENE-002-SHOT-001,IMAGE_GEN,SUCCESS,530.68,"{""seed"": 2142169240}"
2026-02-16T21:32:25.635401,SCENE-002,SCENE-002-SHOT-001,VIDEO_GEN,SUCCESS,1006.38,"{""shot_type"": ""Wide"", ""lens"": ""35mm"", ""movement"": ""Tracking""}"
2026-02-16T21:32:26.163841,SCENE-002,SCENE-002-SHOT-002,IMAGE_GEN,SUCCESS,527.88,"{""seed"": 1417424982}"
2026-02-16T21:32:27.170475,SCENE-002,SCENE-002-SHOT-002,VIDEO_GEN,SUCCESS,1006.35,"{""shot_type"": ""Medium"", ""lens"": ""35mm"", ""movement"": ""Tracking""}"
2026-02-16T21:32:27.700887,SCENE-003,SCENE-003-SHOT-001,IMAGE_GEN,SUCCESS,529.85,"{""seed"": 1313308739}"
2026-02-16T21:32:28.707704,SCENE-003,SCENE-003-SHOT-001,VIDEO_GEN,SUCCESS,1006.52,"{""shot_type"": ""Wide"", ""lens"": ""35mm"", ""movement"": ""Tracking""}"
2026-02-16T21:32:29.238763,SCENE-003,SCENE-003-SHOT-002,IMAGE_GEN,SUCCESS,530.48,"{""seed"": 1828254429}"
2026-02-16T21:32:30.245424,SCENE-003,SCENE-003-SHOT-002,VIDEO_GEN,SUCCESS,1006.34,"{""shot_type"": ""Medium"", ""lens"": ""35mm"", ""movement"": ""Tracking""}"
2026-02-16T21:32:30.309728,SCENE-001,SCENE-001-SHOT-001,CRITIC_QA,FAIL,0.00,"{""score"": ""0.32"", ""reason"": ""semantic_drift"", ""method"": ""semantic_similarity""}"
2026-02-16T21:32:30.325050,SCENE-002,SCENE-002-SHOT-001,CRITIC_QA,FAIL,0.00,"{""score"": ""0.35"", ""reason"": ""semantic_drift"", ""method"": ""semantic_similarity""}"
2026-02-16T21:32:30.345956,SCENE-002,SCENE-002-SHOT-002,CRITIC_QA,FAIL,0.00,"{""score"": ""0.35"", ""reason"": ""semantic_drift"", ""method"": ""semantic_similarity""}"
2026-02-16T21:32:30.361349,SCENE-003,SCENE-003-SHOT-001,CRITIC_QA,PASS,0.00,"{""score"": ""0.56"", ""method"": ""semantic_similarity""}"
2026-02-16T21:32:30.376907,SCENE-003,SCENE-003-SHOT-002,CRITIC_QA,PASS,0.00,"{""score"": ""0.56"", ""method"": ""semantic_similarity""}"
2026-02-16T21:32:30.911437,SCENE-001,SCENE-001-SHOT-001,IMAGE_GEN,SUCCESS,533.35,"{""seed"": 2011861932}"
2026-02-16T21:32:31.918375,SCENE-001,SCENE-001-SHOT-001,VIDEO_GEN,SUCCESS,1006.63,"{""shot_type"": ""Wide"", ""lens"": ""24mm"", ""movement"": ""Slow Pan""}"
2026-02-16T21:32:32.443802,SCENE-002,SCENE-002-SHOT-001,IMAGE_GEN,SUCCESS,524.83,"{""seed"": 2142169240}"
2026-02-16T21:32:33.450633,SCENE-002,SCENE-002-SHOT-001,VIDEO_GEN,SUCCESS,1006.52,"{""shot_type"": ""Wide"", ""lens"": ""35mm"", ""movement"": ""Tracking""}"
2026-02-16T21:32:33.979045,SCENE-002,SCENE-002-SHOT-002,IMAGE_GEN,SUCCESS,527.88,"{""seed"": 1417424982}"
2026-02-16T21:32:34.985474,SCENE-002,SCENE-002-SHOT-002,VIDEO_GEN,SUCCESS,1006.23,"{""shot_type"": ""Medium"", ""lens"": ""35mm"", ""movement"": ""Tracking""}"
2026-02-16T21:32:35.520942,SCENE-003,SCENE-003-SHOT-001,IMAGE_GEN,SUCCESS,535.00,"{""seed"": 1313308739}"
2026-02-16T21:32:36.527486,SCENE-003,SCENE-003-SHOT-001,VIDEO_GEN,SUCCESS,1006.23,"{""shot_type"": ""Wide"", ""lens"": ""35mm"", ""movement"": ""Tracking""}"
2026-02-16T21:32:37.057153,SCENE-003,SCENE-003-SHOT-002,IMAGE_GEN,SUCCESS,529.21,"{""seed"": 1828254429}"
2026-02-16T21:32:38.063663,SCENE-003,SCENE-003-SHOT-002,VIDEO_GEN,SUCCESS,1006.18,"{""shot_type"": ""Medium"", ""lens"": ""35mm"", ""movement"": ""Tracking""}"
2026-02-16T21:32:38.170727,SCENE-001,SCENE-001-SHOT-001,CRITIC_QA,FAIL,0.00,"{""score"": ""0.32"", ""reason"": ""semantic_drift"", ""method"": ""semantic_similarity""}"
2026-02-16T21:32:38.186345,SCENE-002,SCENE-002-SHOT-001,CRITIC_QA,FAIL,0.00,"{""score"": ""0.35"", ""reason"": ""semantic_drift"", ""method"": ""semantic_similarity""}"
2026-02-16T21:32:38.202083,SCENE-002,SCENE-002-SHOT-002,CRITIC_QA,FAIL,0.00,"{""score"": ""0.35"", ""reason"": ""semantic_drift"", ""method"": ""semantic_similarity""}"
2026-02-16T21:32:38.216740,SCENE-003,SCENE-003-SHOT-001,CRITIC_QA,PASS,0.00,"{""score"": ""0.56"", ""method"": ""semantic_similarity""}"
2026-02-16T21:32:38.232178,SCENE-003,SCENE-003-SHOT-002,CRITIC_QA,PASS,0.00,"{""score"": ""0.56"", ""method"": ""semantic_similarity""}"
2026-02-16T21:32:38.765846,SCENE-001,SCENE-001-SHOT-001,IMAGE_GEN,SUCCESS,532.40,"{""seed"": 2011861932}"
2026-02-16T21:32:39.772788,SCENE-001,SCENE-001-SHOT-001,VIDEO_GEN,SUCCESS,1006.65,"{""shot_type"": ""Wide"", ""lens"": ""24mm"", ""movement"": ""Slow Pan""}"
2026-02-16T21:32:40.301109,SCENE-002,SCENE-002-SHOT-001,IMAGE_GEN,SUCCESS,527.72,"{""seed"": 2142169240}"
2026-02-16T21:32:41.307856,SCENE-002,SCENE-002-SHOT-001,VIDEO_GEN,SUCCESS,1006.42,"{""shot_type"": ""Wide"", ""lens"": ""35mm"", ""movement"": ""Tracking""}"
2026-02-16T21:32:41.840112,SCENE-002,SCENE-002-SHOT-002,IMAGE_GEN,SUCCESS,531.71,"{""seed"": 1417424982}"
2026-02-16T21:32:42.846759,SCENE-002,SCENE-002-SHOT-002,VIDEO_GEN,SUCCESS,1006.39,"{""shot_type"": ""Medium"", ""lens"": ""35mm"", ""movement"": ""Tracking""}"
2026-02-16T21:32:43.381643,SCENE-003,SCENE-003-SHOT-001,IMAGE_GEN,SUCCESS,534.33,"{""seed"": 1313308739}"
2026-02-16T21:32:44.384659,SCENE-003,SCENE-003-SHOT-001,VIDEO_GEN,SUCCESS,1002.71,"{""shot_type"": ""Wide"", ""lens"": ""35mm"", ""movement"": ""Tracking""}"
2026-02-16T21:32:44.915804,SCENE-003,SCENE-003-SHOT-002,IMAGE_GEN,SUCCESS,531.00,"{""seed"": 1828254429}"
2026-02-16T21:32:45.921644,SCENE-003,SCENE-003-SHOT-002,VIDEO_GEN,SUCCESS,1005.53,"{""shot_type"": ""Medium"", ""lens"": ""35mm"", ""movement"": ""Tracking""}"
2026-02-16T21:32:45.967613,SCENE-001,SCENE-001-SHOT-001,CRITIC_QA,FAIL,0.00,"{""score"": ""0.32"", ""reason"": ""semantic_drift"", ""method"": ""semantic_similarity""}"
2026-02-16T21:32:45.982747,SCENE-002,SCENE-002-SHOT-001,CRITIC_QA,FAIL,0.00,"{""score"": ""0.35"", ""reason"": ""semantic_drift"", ""method"": ""semantic_similarity""}"
2026-02-16T21:32:46.000518,SCENE-002,SCENE-002-SHOT-002,CRITIC_QA,FAIL,0.00,"{""score"": ""0.35"", ""reason"": ""semantic_drift"", ""method"": ""semantic_similarity""}"
2026-02-16T21:32:46.015939,SCENE-003,SCENE-003-SHOT-001,CRITIC_QA,PASS,0.00,"{""score"": ""0.56"", ""method"": ""semantic_similarity""}"
2026-02-16T21:32:46.031629,SCENE-003,SCENE-003-SHOT-002,CRITIC_QA,PASS,0.00,"{""score"": ""0.56"", ""method"": ""semantic_similarity""}"
2026-02-16T21:32:46.544131,SCENE-001,SCENE-001-SHOT-001,IMAGE_GEN,SUCCESS,511.45,"{""seed"": 2011861932}"
2026-02-16T21:32:47.551038,SCENE-001,SCENE-001-SHOT-001,VIDEO_GEN,SUCCESS,1006.67,"{""shot_type"": ""Wide"", ""lens"": ""24mm"", ""movement"": ""Slow Pan""}"
2026-02-16T21:32:48.081410,SCENE-002,SCENE-002-SHOT-001,IMAGE_GEN,SUCCESS,529.76,"{""seed"": 2142169240}"
2026-02-16T21:32:49.088031,SCENE-002,SCENE-002-SHOT-001,VIDEO_GEN,SUCCESS,1006.33,"{""shot_type"": ""Wide"", ""lens"": ""35mm"", ""movement"": ""Tracking""}"
2026-02-16T21:32:49.620811,SCENE-002,SCENE-002-SHOT-002,IMAGE_GEN,SUCCESS,532.18,"{""seed"": 1417424982}"
2026-02-16T21:32:50.627553,SCENE-002,SCENE-002-SHOT-002,VIDEO_GEN,SUCCESS,1006.36,"{""shot_type"": ""Medium"", ""lens"": ""35mm"", ""movement"": ""Tracking""}"
2026-02-16T21:32:51.155597,SCENE-003,SCENE-003-SHOT-001,IMAGE_GEN,SUCCESS,527.46,"{""seed"": 1313308739}"
2026-02-16T21:32:52.162126,SCENE-003,SCENE-003-SHOT-001,VIDEO_GEN,SUCCESS,1006.23,"{""shot_type"": ""Wide"", ""lens"": ""35mm"", ""movement"": ""Tracking""}"
2026-02-16T21:32:52.695372,SCENE-003,SCENE-003-SHOT-002,IMAGE_GEN,SUCCESS,532.71,"{""seed"": 1828254429}"
2026-02-16T21:32:53.702104,SCENE-003,SCENE-003-SHOT-002,VIDEO_GEN,SUCCESS,1006.46,"{""shot_type"": ""Medium"", ""lens"": ""35mm"", ""movement"": ""Tracking""}"
2026-02-16T21:32:53.782085,SCENE-001,SCENE-001-SHOT-001,CRITIC_QA,FAIL,0.00,"{""score"": ""0.32"", ""reason"": ""semantic_drift"", ""method"": ""semantic_similarity""}"
2026-02-16T21:32:53.797801,SCENE-002,SCENE-002-SHOT-001,CRITIC_QA,FAIL,0.00,"{""score"": ""0.35"", ""reason"": ""semantic_drift"", ""method"": ""semantic_similarity""}"
2026-02-16T21:32:53.812899,SCENE-002,SCENE-002-SHOT-002,CRITIC_QA,FAIL,0.00,"{""score"": ""0.35"", ""reason"": ""semantic_drift"", ""method"": ""semantic_similarity""}"
2026-02-16T21:32:53.828264,SCENE-003,SCENE-003-SHOT-001,CRITIC_QA,PASS,0.00,"{""score"": ""0.56"", ""method"": ""semantic_similarity""}"
2026-02-16T21:32:53.843425,SCENE-003,SCENE-003-SHOT-002,CRITIC_QA,PASS,0.00,"{""score"": ""0.56"", ""method"": ""semantic_similarity""}"
2026-02-16T21:32:54.365609,SCENE-001,SCENE-001-SHOT-001,IMAGE_GEN,SUCCESS,520.89,"{""seed"": 2011861932}"
2026-02-16T21:32:55.372387,SCENE-001,SCENE-001-SHOT-001,VIDEO_GEN,SUCCESS,1006.61,"{""shot_type"": ""Wide"", ""lens"": ""24mm"", ""movement"": ""Slow Pan""}"
2026-02-16T21:32:55.902330,SCENE-002,SCENE-002-SHOT-001,IMAGE_GEN,SUCCESS,529.35,"{""seed"": 2142169240}"
2026-02-16T21:32:56.909150,SCENE-002,SCENE-002-SHOT-001,VIDEO_GEN,SUCCESS,1006.49,"{""shot_type"": ""Wide"", ""lens"": ""35mm"", ""movement"": ""Tracking""}"
2026-02-16T21:32:57.441355,SCENE-002,SCENE-002-SHOT-002,IMAGE_GEN,SUCCESS,531.66,"{""seed"": 1417424982}"
2026-02-16T21:32:58.448139,SCENE-002,SCENE-002-SHOT-002,VIDEO_GEN,SUCCESS,1006.52,"{""shot_type"": ""Medium"", ""lens"": ""35mm"", ""movement"": ""Tracking""}"
2026-02-16T21:32:58.979134,SCENE-003,SCENE-003-SHOT-001,IMAGE_GEN,SUCCESS,530.39,"{""seed"": 1313308739}"
2026-02-16T21:32:59.985443,SCENE-003,SCENE-003-SHOT-001,VIDEO_GEN,SUCCESS,1006.01,"{""shot_type"": ""Wide"", ""lens"": ""35mm"", ""movement"": ""Tracking""}"
2026-02-16T21:33:00.517437,SCENE-003,SCENE-003-SHOT-002,IMAGE_GEN,SUCCESS,531.51,"{""seed"": 1828254429}"
2026-02-16T21:33:01.524052,SCENE-003,SCENE-003-SHOT-002,VIDEO_GEN,SUCCESS,1006.28,"{""shot_type"": ""Medium"", ""lens"": ""35mm"", ""movement"": ""Tracking""}"
2026-02-16T21:33:01.597276,SCENE-001,SCENE-001-SHOT-001,CRITIC_QA,FAIL,0.00,"{""score"": ""0.32"", ""reason"": ""semantic_drift"", ""method"": ""semantic_similarity""}"
2026-02-16T21:33:01.612526,SCENE-002,SCENE-002-SHOT-001,CRITIC_QA,FAIL,0.00,"{""score"": ""0.35"", ""reason"": ""semantic_drift"", ""method"": ""semantic_similarity""}"
2026-02-16T21:33:01.626672,SCENE-002,SCENE-002-SHOT-002,CRITIC_QA,FAIL,0.00,"{""score"": ""0.35"", ""reason"": ""semantic_drift"", ""method"": ""semantic_similarity""}"
2026-02-16T21:33:01.641317,SCENE-003,SCENE-003-SHOT-001,CRITIC_QA,PASS,0.00,"{""score"": ""0.56"", ""method"": ""semantic_similarity""}"
2026-02-16T21:33:01.656390,SCENE-003,SCENE-003-SHOT-002,CRITIC_QA,PASS,0.00,"{""score"": ""0.56"", ""method"": ""semantic_similarity""}"
2026-02-16T21:33:02.189705,SCENE-001,SCENE-001-SHOT-001,IMAGE_GEN,SUCCESS,532.16,"{""seed"": 2011861932}"
2026-02-16T21:33:03.196701,SCENE-001,SCENE-001-SHOT-001,VIDEO_GEN,SUCCESS,1006.70,"{""shot_type"": ""Wide"", ""lens"": ""24mm"", ""movement"": ""Slow Pan""}"
2026-02-16T21:33:03.731582,SCENE-002,SCENE-002-SHOT-001,IMAGE_GEN,SUCCESS,534.21,"{""seed"": 2142169240}"
2026-02-16T21:33:04.738367,SCENE-002,SCENE-002-SHOT-001,VIDEO_GEN,SUCCESS,1006.41,"{""shot_type"": ""Wide"", ""lens"": ""35mm"", ""movement"": ""Tracking""}"
2026-02-16T21:33:05.271681,SCENE-002,SCENE-002-SHOT-002,IMAGE_GEN,SUCCESS,532.76,"{""seed"": 1417424982}"
2026-02-16T21:33:06.278288,SCENE-002,SCENE-002-SHOT-002,VIDEO_GEN,SUCCESS,1006.28,"{""shot_type"": ""Medium"", ""lens"": ""35mm"", ""movement"": ""Tracking""}"
2026-02-16T21:33:06.810845,SCENE-003,SCENE-003-SHOT-001,IMAGE_GEN,SUCCESS,531.96,"{""seed"": 1313308739}"
2026-02-16T21:33:07.817814,SCENE-003,SCENE-003-SHOT-001,VIDEO_GEN,SUCCESS,1006.52,"{""shot_type"": ""Wide"", ""lens"": ""35mm"", ""movement"": ""Tracking""}"
2026-02-16T21:33:08.343802,SCENE-003,SCENE-003-SHOT-002,IMAGE_GEN,SUCCESS,525.41,"{""seed"": 1828254429}"
2026-02-16T21:33:09.346452,SCENE-003,SCENE-003-SHOT-002,VIDEO_GEN,SUCCESS,1002.39,"{""shot_type"": ""Medium"", ""lens"": ""35mm"", ""movement"": ""Tracking""}"
2026-02-16T21:33:09.395046,SCENE-001,SCENE-001-SHOT-001,CRITIC_QA,FAIL,0.00,"{""score"": ""0.32"", ""reason"": ""semantic_drift"", ""method"": ""semantic_similarity""}"
2026-02-16T21:33:09.410445,SCENE-002,SCENE-002-SHOT-001,CRITIC_QA,FAIL,0.00,"{""score"": ""0.35"", ""reason"": ""semantic_drift"", ""method"": ""semantic_similarity""}"
2026-02-16T21:33:09.424928,SCENE-002,SCENE-002-SHOT-002,CRITIC_QA,FAIL,0.00,"{""score"": ""0.35"", ""reason"": ""semantic_drift"", ""method"": ""semantic_similarity""}"
2026-02-16T21:33:09.439627,SCENE-003,SCENE-003-SHOT-001,CRITIC_QA,PASS,0.00,"{""score"": ""0.56"", ""method"": ""semantic_similarity""}"
2026-02-16T21:33:09.458792,SCENE-003,SCENE-003-SHOT-002,CRITIC_QA,PASS,0.00,"{""score"": ""0.56"", ""method"": ""semantic_similarity""}"
2026-02-16T21:33:09.991405,SCENE-001,SCENE-001-SHOT-001,IMAGE_GEN,SUCCESS,531.48,"{""seed"": 2011861932}"
2026-02-16T21:33:10.998104,SCENE-001,SCENE-001-SHOT-001,VIDEO_GEN,SUCCESS,1006.41,"{""shot_type"": ""Wide"", ""lens"": ""24mm"", ""movement"": ""Slow Pan""}"
2026-02-16T21:33:11.525798,SCENE-002,SCENE-002-SHOT-001,IMAGE_GEN,SUCCESS,527.18,"{""seed"": 2142169240}"
2026-02-16T21:33:12.532417,SCENE-002,SCENE-002-SHOT-001,VIDEO_GEN,SUCCESS,1006.34,"{""shot_type"": ""Wide"", ""lens"": ""35mm"", ""movement"": ""Tracking""}"
2026-02-16T21:33:13.062266,SCENE-002,SCENE-002-SHOT-002,IMAGE_GEN,SUCCESS,529.30,"{""seed"": 1417424982}"
2026-02-16T21:33:14.067945,SCENE-002,SCENE-002-SHOT-002,VIDEO_GEN,SUCCESS,1005.42,"{""shot_type"": ""Medium"", ""lens"": ""35mm"", ""movement"": ""Tracking""}"
2026-02-16T21:33:14.597756,SCENE-003,SCENE-003-SHOT-001,IMAGE_GEN,SUCCESS,529.59,"{""seed"": 1313308739}"
2026-02-16T21:33:15.604352,SCENE-003,SCENE-003-SHOT-001,VIDEO_GEN,SUCCESS,1006.31,"{""shot_type"": ""Wide"", ""lens"": ""35mm"", ""movement"": ""Tracking""}"
2026-02-16T21:33:16.133411,SCENE-003,SCENE-003-SHOT-002,IMAGE_GEN,SUCCESS,528.49,"{""seed"": 1828254429}"
2026-02-16T21:33:17.140066,SCENE-003,SCENE-003-SHOT-002,VIDEO_GEN,SUCCESS,1006.28,"{""shot_type"": ""Medium"", ""lens"": ""35mm"", ""movement"": ""Tracking""}"
2026-02-16T21:33:17.200020,SCENE-001,SCENE-001-SHOT-001,CRITIC_QA,FAIL,0.00,"{""score"": ""0.32"", ""reason"": ""semantic_drift"", ""method"": ""semantic_similarity""}"
2026-02-16T21:33:17.215625,SCENE-002,SCENE-002-SHOT-001,CRITIC_QA,FAIL,0.00,"{""score"": ""0.35"", ""reason"": ""semantic_drift"", ""method"": ""semantic_similarity""}"
2026-02-16T21:33:17.234842,SCENE-002,SCENE-002-SHOT-002,CRITIC_QA,FAIL,0.00,"{""score"": ""0.35"", ""reason"": ""semantic_drift"", ""method"": ""semantic_similarity""}"
2026-02-16T21:33:17.251555,SCENE-003,SCENE-003-SHOT-001,CRITIC_QA,PASS,0.00,"{""score"": ""0.56"", ""method"": ""semantic_similarity""}"
2026-02-16T21:33:17.267534,SCENE-003,SCENE-003-SHOT-002,CRITIC_QA,PASS,0.00,"{""score"": ""0.56"", ""method"": ""semantic_similarity""}"
2026-02-16T21:33:17.798320,SCENE-001,SCENE-001-SHOT-001,IMAGE_GEN,SUCCESS,529.00,"{""seed"": 2011861932}"
2026-02-16T21:33:18.804988,SCENE-001,SCENE-001-SHOT-001,VIDEO_GEN,SUCCESS,1006.40,"{""shot_type"": ""Wide"", ""lens"": ""24mm"", ""movement"": ""Slow Pan""}"
2026-02-16T21:33:19.330582,SCENE-002,SCENE-002-SHOT-001,IMAGE_GEN,SUCCESS,525.01,"{""seed"": 2142169240}"
2026-02-16T21:33:20.336593,SCENE-002,SCENE-002-SHOT-001,VIDEO_GEN,SUCCESS,1005.71,"{""shot_type"": ""Wide"", ""lens"": ""35mm"", ""movement"": ""Tracking""}"
2026-02-16T21:33:20.864488,SCENE-002,SCENE-002-SHOT-002,IMAGE_GEN,SUCCESS,527.41,"{""seed"": 1417424982}"
2026-02-16T21:33:21.871107,SCENE-002,SCENE-002-SHOT-002,VIDEO_GEN,SUCCESS,1006.32,"{""shot_type"": ""Medium"", ""lens"": ""35mm"", ""movement"": ""Tracking""}"
2026-02-16T21:33:22.399810,SCENE-003,SCENE-003-SHOT-001,IMAGE_GEN,SUCCESS,528.11,"{""seed"": 1313308739}"
2026-02-16T21:33:23.406466,SCENE-003,SCENE-003-SHOT-001,VIDEO_GEN,SUCCESS,1006.31,"{""shot_type"": ""Wide"", ""lens"": ""35mm"", ""movement"": ""Tracking""}"
2026-02-16T21:33:23.935221,SCENE-003,SCENE-003-SHOT-002,IMAGE_GEN,SUCCESS,528.24,"{""seed"": 1828254429}"
2026-02-16T21:33:24.942042,SCENE-003,SCENE-003-SHOT-002,VIDEO_GEN,SUCCESS,1006.45,"{""shot_type"": ""Medium"", ""lens"": ""35mm"", ""movement"": ""Tracking""}"
2026-02-16T21:33:25.015807,SCENE-001,SCENE-001-SHOT-001,CRITIC_QA,FAIL,0.00,"{""score"": ""0.32"", ""reason"": ""semantic_drift"", ""method"": ""semantic_similarity""}"
2026-02-16T21:33:25.031143,SCENE-002,SCENE-002-SHOT-001,CRITIC_QA,FAIL,0.00,"{""score"": ""0.35"", ""reason"": ""semantic_drift"", ""method"": ""semantic_similarity""}"
2026-02-16T21:33:25.045636,SCENE-002,SCENE-002-SHOT-002,CRITIC_QA,FAIL,0.00,"{""score"": ""0.35"", ""reason"": ""semantic_drift"", ""method"": ""semantic_similarity""}"
2026-02-16T21:33:25.064469,SCENE-003,SCENE-003-SHOT-001,CRITIC_QA,PASS,0.00,"{""score"": ""0.56"", ""method"": ""semantic_similarity""}"
2026-02-16T21:33:25.079876,SCENE-003,SCENE-003-SHOT-002,CRITIC_QA,PASS,0.00,"{""score"": ""0.56"", ""method"": ""semantic_similarity""}"
2026-02-16T21:33:25.615786,SCENE-001,SCENE-001-SHOT-001,IMAGE_GEN,SUCCESS,534.44,"{""seed"": 2011861932}"
2026-02-16T21:33:26.622710,SCENE-001,SCENE-001-SHOT-001,VIDEO_GEN,SUCCESS,1006.60,"{""shot_type"": ""Wide"", ""lens"": ""24mm"", ""movement"": ""Slow Pan""}"
2026-02-16T21:33:27.152509,SCENE-002,SCENE-002-SHOT-001,IMAGE_GEN,SUCCESS,529.17,"{""seed"": 2142169240}"
2026-02-16T21:33:28.159140,SCENE-002,SCENE-002-SHOT-001,VIDEO_GEN,SUCCESS,1006.30,"{""shot_type"": ""Wide"", ""lens"": ""35mm"", ""movement"": ""Tracking""}"
2026-02-16T21:33:28.687534,SCENE-002,SCENE-002-SHOT-002,IMAGE_GEN,SUCCESS,527.86,"{""seed"": 1417424982}"
2026-02-16T21:33:29.694287,SCENE-002,SCENE-002-SHOT-002,VIDEO_GEN,SUCCESS,1006.48,"{""shot_type"": ""Medium"", ""lens"": ""35mm"", ""movement"": ""Tracking""}"
2026-02-16T21:33:30.218507,SCENE-003,SCENE-003-SHOT-001,IMAGE_GEN,SUCCESS,523.66,"{""seed"": 1313308739}"
2026-02-16T21:33:31.226079,SCENE-003,SCENE-003-SHOT-001,VIDEO_GEN,SUCCESS,1007.26,"{""shot_type"": ""Wide"", ""lens"": ""35mm"", ""movement"": ""Tracking""}"
2026-02-16T21:33:31.754889,SCENE-003,SCENE-003-SHOT-002,IMAGE_GEN,SUCCESS,528.37,"{""seed"": 1828254429}"
2026-02-16T21:33:32.764681,SCENE-003,SCENE-003-SHOT-002,VIDEO_GEN,SUCCESS,1009.42,"{""shot_type"": ""Medium"", ""lens"": ""35mm"", ""movement"": ""Tracking""}"
2026-02-16T21:33:32.822905,SCENE-001,SCENE-001-SHOT-001,CRITIC_QA,FAIL,0.00,"{""score"": ""0.32"", ""reason"": ""semantic_drift"", ""method"": ""semantic_similarity""}"
2026-02-16T21:33:32.839210,SCENE-002,SCENE-002-SHOT-001,CRITIC_QA,FAIL,0.00,"{""score"": ""0.35"", ""reason"": ""semantic_drift"", ""method"": ""semantic_similarity""}"
2026-02-16T21:33:32.853066,SCENE-002,SCENE-002-SHOT-002,CRITIC_QA,FAIL,0.00,"{""score"": ""0.35"", ""reason"": ""semantic_drift"", ""method"": ""semantic_similarity""}"
2026-02-16T21:33:32.872688,SCENE-003,SCENE-003-SHOT-001,CRITIC_QA,PASS,0.00,"{""score"": ""0.56"", ""method"": ""semantic_similarity""}"
2026-02-16T21:33:32.887483,SCENE-003,SCENE-003-SHOT-002,CRITIC_QA,PASS,0.00,"{""score"": ""0.56"", ""method"": ""semantic_similarity""}"
2026-02-16T21:33:33.422760,SCENE-001,SCENE-001-SHOT-001,IMAGE_GEN,SUCCESS,534.02,"{""seed"": 2011861932}"
2026-02-16T21:33:34.426437,SCENE-001,SCENE-001-SHOT-001,VIDEO_GEN,SUCCESS,1003.39,"{""shot_type"": ""Wide"", ""lens"": ""24mm"", ""movement"": ""Slow Pan""}"
2026-02-16T21:33:34.960594,SCENE-002,SCENE-002-SHOT-001,IMAGE_GEN,SUCCESS,534.01,"{""seed"": 2142169240}"
2026-02-16T21:33:35.967164,SCENE-002,SCENE-002-SHOT-001,VIDEO_GEN,SUCCESS,1006.29,"{""shot_type"": ""Wide"", ""lens"": ""35mm"", ""movement"": ""Tracking""}"
2026-02-16T21:33:36.497690,SCENE-002,SCENE-002-SHOT-002,IMAGE_GEN,SUCCESS,529.84,"{""seed"": 1417424982}"
2026-02-16T21:33:37.504198,SCENE-002,SCENE-002-SHOT-002,VIDEO_GEN,SUCCESS,1006.20,"{""shot_type"": ""Medium"", ""lens"": ""35mm"", ""movement"": ""Tracking""}"
2026-02-16T21:33:38.034835,SCENE-003,SCENE-003-SHOT-001,IMAGE_GEN,SUCCESS,530.08,"{""seed"": 1313308739}"
2026-02-16T21:33:39.041316,SCENE-003,SCENE-003-SHOT-001,VIDEO_GEN,SUCCESS,1006.19,"{""shot_type"": ""Wide"", ""lens"": ""35mm"", ""movement"": ""Tracking""}"
2026-02-16T21:33:39.573189,SCENE-003,SCENE-003-SHOT-002,IMAGE_GEN,SUCCESS,531.26,"{""seed"": 1828254429}"
2026-02-16T21:33:40.581837,SCENE-003,SCENE-003-SHOT-002,VIDEO_GEN,SUCCESS,1007.06,"{""shot_type"": ""Medium"", ""lens"": ""35mm"", ""movement"": ""Tracking""}"
2026-02-16T21:33:40.652567,SCENE-001,SCENE-001-SHOT-001,CRITIC_QA,FAIL,0.00,"{""score"": ""0.32"", ""reason"": ""semantic_drift"", ""method"": ""semantic_similarity""}"
2026-02-16T21:33:40.667899,SCENE-002,SCENE-002-SHOT-001,CRITIC_QA,FAIL,0.00,"{""score"": ""0.35"", ""reason"": ""semantic_drift"", ""method"": ""semantic_similarity""}"
2026-02-16T21:33:40.683123,SCENE-002,SCENE-002-SHOT-002,CRITIC_QA,FAIL,0.00,"{""score"": ""0.35"", ""reason"": ""semantic_drift"", ""method"": ""semantic_similarity""}"
2026-02-16T21:33:40.698327,SCENE-003,SCENE-003-SHOT-001,CRITIC_QA,PASS,0.00,"{""score"": ""0.56"", ""method"": ""semantic_similarity""}"
2026-02-16T21:33:40.713297,SCENE-003,SCENE-003-SHOT-002,CRITIC_QA,PASS,0.00,"{""score"": ""0.56"", ""method"": ""semantic_similarity""}"
2026-02-16T21:33:41.246057,SCENE-001,SCENE-001-SHOT-001,IMAGE_GEN,SUCCESS,531.13,"{""seed"": 2011861932}"
2026-02-16T21:33:42.252347,SCENE-001,SCENE-001-SHOT-001,VIDEO_GEN,SUCCESS,1005.87,"{""shot_type"": ""Wide"", ""lens"": ""24mm"", ""movement"": ""Slow Pan""}"
2026-02-16T21:33:42.781892,SCENE-002,SCENE-002-SHOT-001,IMAGE_GEN,SUCCESS,529.16,"{""seed"": 2142169240}"
2026-02-16T21:33:43.788613,SCENE-002,SCENE-002-SHOT-001,VIDEO_GEN,SUCCESS,1006.42,"{""shot_type"": ""Wide"", ""lens"": ""35mm"", ""movement"": ""Tracking""}"
2026-02-16T21:33:44.312506,SCENE-002,SCENE-002-SHOT-002,IMAGE_GEN,SUCCESS,523.27,"{""seed"": 1417424982}"
2026-02-16T21:33:45.318879,SCENE-002,SCENE-002-SHOT-002,VIDEO_GEN,SUCCESS,1006.12,"{""shot_type"": ""Medium"", ""lens"": ""35mm"", ""movement"": ""Tracking""}"
2026-02-16T21:33:45.849809,SCENE-003,SCENE-003-SHOT-001,IMAGE_GEN,SUCCESS,530.55,"{""seed"": 1313308739}"
2026-02-16T21:33:46.857083,SCENE-003,SCENE-003-SHOT-001,VIDEO_GEN,SUCCESS,1006.49,"{""shot_type"": ""Wide"", ""lens"": ""35mm"", ""movement"": ""Tracking""}"
2026-02-16T21:33:47.388245,SCENE-003,SCENE-003-SHOT-002,IMAGE_GEN,SUCCESS,530.55,"{""seed"": 1828254429}"
2026-02-16T21:33:48.395001,SCENE-003,SCENE-003-SHOT-002,VIDEO_GEN,SUCCESS,1006.44,"{""shot_type"": ""Medium"", ""lens"": ""35mm"", ""movement"": ""Tracking""}"
2026-02-16T21:33:48.482295,SCENE-001,SCENE-001-SHOT-001,CRITIC_QA,FAIL,0.00,"{""score"": ""0.32"", ""reason"": ""semantic_drift"", ""method"": ""semantic_similarity""}"
2026-02-16T21:33:48.496982,SCENE-002,SCENE-002-SHOT-001,CRITIC_QA,FAIL,0.00,"{""score"": ""0.35"", ""reason"": ""semantic_drift"", ""method"": ""semantic_similarity""}"
2026-02-16T21:33:48.511011,SCENE-002,SCENE-002-SHOT-002,CRITIC_QA,FAIL,0.00,"{""score"": ""0.35"", ""reason"": ""semantic_drift"", ""method"": ""semantic_similarity""}"
2026-02-16T21:33:48.526134,SCENE-003,SCENE-003-SHOT-001,CRITIC_QA,PASS,0.00,"{""score"": ""0.56"", ""method"": ""semantic_similarity""}"
2026-02-16T21:33:48.540540,SCENE-003,SCENE-003-SHOT-002,CRITIC_QA,PASS,0.00,"{""score"": ""0.56"", ""method"": ""semantic_similarity""}"
2026-02-16T21:33:49.071688,SCENE-001,SCENE-001-SHOT-001,IMAGE_GEN,SUCCESS,529.95,"{""seed"": 2011861932}"
2026-02-16T21:33:50.077775,SCENE-001,SCENE-001-SHOT-001,VIDEO_GEN,SUCCESS,1005.77,"{""shot_type"": ""Wide"", ""lens"": ""24mm"", ""movement"": ""Slow Pan""}"
2026-02-16T21:33:50.603910,SCENE-002,SCENE-002-SHOT-001,IMAGE_GEN,SUCCESS,525.78,"{""seed"": 2142169240}"
2026-02-16T21:33:51.610482,SCENE-002,SCENE-002-SHOT-001,VIDEO_GEN,SUCCESS,1006.36,"{""shot_type"": ""Wide"", ""lens"": ""35mm"", ""movement"": ""Tracking""}"
2026-02-16T21:33:52.143218,SCENE-002,SCENE-002-SHOT-002,IMAGE_GEN,SUCCESS,532.19,"{""seed"": 1417424982}"
2026-02-16T21:33:53.149999,SCENE-002,SCENE-002-SHOT-002,VIDEO_GEN,SUCCESS,1006.36,"{""shot_type"": ""Medium"", ""lens"": ""35mm"", ""movement"": ""Tracking""}"
2026-02-16T21:33:53.679246,SCENE-003,SCENE-003-SHOT-001,IMAGE_GEN,SUCCESS,528.70,"{""seed"": 1313308739}"
2026-02-16T21:33:54.685950,SCENE-003,SCENE-003-SHOT-001,VIDEO_GEN,SUCCESS,1006.42,"{""shot_type"": ""Wide"", ""lens"": ""35mm"", ""movement"": ""Tracking""}"
2026-02-16T21:33:55.214158,SCENE-003,SCENE-003-SHOT-002,IMAGE_GEN,SUCCESS,527.62,"{""seed"": 1828254429}"
2026-02-16T21:33:56.220834,SCENE-003,SCENE-003-SHOT-002,VIDEO_GEN,SUCCESS,1006.37,"{""shot_type"": ""Medium"", ""lens"": ""35mm"", ""movement"": ""Tracking""}"
2026-02-16T21:33:56.308892,SCENE-001,SCENE-001-SHOT-001,CRITIC_QA,FAIL,0.00,"{""score"": ""0.32"", ""reason"": ""semantic_drift"", ""method"": ""semantic_similarity""}"
2026-02-16T21:33:56.328548,SCENE-002,SCENE-002-SHOT-001,CRITIC_QA,FAIL,0.00,"{""score"": ""0.35"", ""reason"": ""semantic_drift"", ""method"": ""semantic_similarity""}"
2026-02-16T21:33:56.343158,SCENE-002,SCENE-002-SHOT-002,CRITIC_QA,FAIL,0.00,"{""score"": ""0.35"", ""reason"": ""semantic_drift"", ""method"": ""semantic_similarity""}"
2026-02-16T21:33:56.358569,SCENE-003,SCENE-003-SHOT-001,CRITIC_QA,PASS,0.00,"{""score"": ""0.56"", ""method"": ""semantic_similarity""}"
2026-02-16T21:33:56.374014,SCENE-003,SCENE-003-SHOT-002,CRITIC_QA,PASS,0.00,"{""score"": ""0.56"", ""method"": ""semantic_similarity""}"
2026-02-16T21:33:56.909348,SCENE-001,SCENE-001-SHOT-001,IMAGE_GEN,SUCCESS,534.23,"{""seed"": 2011861932}"
2026-02-16T21:33:57.916232,SCENE-001,SCENE-001-SHOT-001,VIDEO_GEN,SUCCESS,1006.58,"{""shot_type"": ""Wide"", ""lens"": ""24mm"", ""movement"": ""Slow Pan""}"
2026-02-16T21:33:58.446546,SCENE-002,SCENE-002-SHOT-001,IMAGE_GEN,SUCCESS,529.71,"{""seed"": 2142169240}"
2026-02-16T21:33:59.452396,SCENE-002,SCENE-002-SHOT-001,VIDEO_GEN,SUCCESS,1005.40,"{""shot_type"": ""Wide"", ""lens"": ""35mm"", ""movement"": ""Tracking""}"
2026-02-16T21:33:59.985402,SCENE-002,SCENE-002-SHOT-002,IMAGE_GEN,SUCCESS,532.85,"{""seed"": 1417424982}"
2026-02-16T21:34:00.988552,SCENE-002,SCENE-002-SHOT-002,VIDEO_GEN,SUCCESS,1002.86,"{""shot_type"": ""Medium"", ""lens"": ""35mm"", ""movement"": ""Tracking""}"
2026-02-16T21:34:01.519136,SCENE-003,SCENE-003-SHOT-001,IMAGE_GEN,SUCCESS,529.99,"{""seed"": 1313308739}"
2026-02-16T21:34:02.525897,SCENE-003,SCENE-003-SHOT-001,VIDEO_GEN,SUCCESS,1006.47,"{""shot_type"": ""Wide"", ""lens"": ""35mm"", ""movement"": ""Tracking""}"
2026-02-16T21:34:03.058104,SCENE-003,SCENE-003-SHOT-002,IMAGE_GEN,SUCCESS,529.31,"{""seed"": 1828254429}"
2026-02-16T21:34:04.064767,SCENE-003,SCENE-003-SHOT-002,VIDEO_GEN,SUCCESS,1006.39,"{""shot_type"": ""Medium"", ""lens"": ""35mm"", ""movement"": ""Tracking""}"
2026-02-16T21:34:04.148830,SCENE-001,SCENE-001-SHOT-001,CRITIC_QA,FAIL,0.00,"{""score"": ""0.32"", ""reason"": ""semantic_drift"", ""method"": ""semantic_similarity""}"
2026-02-16T21:34:04.163706,SCENE-002,SCENE-002-SHOT-001,CRITIC_QA,FAIL,0.00,"{""score"": ""0.35"", ""reason"": ""semantic_drift"", ""method"": ""semantic_similarity""}"
2026-02-16T21:34:04.178663,SCENE-002,SCENE-002-SHOT-002,CRITIC_QA,FAIL,0.00,"{""score"": ""0.35"", ""reason"": ""semantic_drift"", ""method"": ""semantic_similarity""}"
2026-02-16T21:34:04.193279,SCENE-003,SCENE-003-SHOT-001,CRITIC_QA,PASS,0.00,"{""score"": ""0.56"", ""method"": ""semantic_similarity""}"
2026-02-16T21:34:04.209602,SCENE-003,SCENE-003-SHOT-002,CRITIC_QA,PASS,0.00,"{""score"": ""0.56"", ""method"": ""semantic_similarity""}"
2026-02-16T21:34:04.745676,SCENE-001,SCENE-001-SHOT-001,IMAGE_GEN,SUCCESS,534.89,"{""seed"": 2011861932}"
2026-02-16T21:34:05.752563,SCENE-001,SCENE-001-SHOT-001,VIDEO_GEN,SUCCESS,1006.55,"{""shot_type"": ""Wide"", ""lens"": ""24mm"", ""movement"": ""Slow Pan""}"
2026-02-16T21:34:06.282360,SCENE-002,SCENE-002-SHOT-001,IMAGE_GEN,SUCCESS,529.25,"{""seed"": 2142169240}"
2026-02-16T21:34:07.289058,SCENE-002,SCENE-002-SHOT-001,VIDEO_GEN,SUCCESS,1006.35,"{""shot_type"": ""Wide"", ""lens"": ""35mm"", ""movement"": ""Tracking""}"
2026-02-16T21:34:07.814533,SCENE-002,SCENE-002-SHOT-002,IMAGE_GEN,SUCCESS,524.94,"{""seed"": 1417424982}"
2026-02-16T21:34:08.821158,SCENE-002,SCENE-002-SHOT-002,VIDEO_GEN,SUCCESS,1006.28,"{""shot_type"": ""Medium"", ""lens"": ""35mm"", ""movement"": ""Tracking""}"
2026-02-16T21:34:09.352831,SCENE-003,SCENE-003-SHOT-001,IMAGE_GEN,SUCCESS,531.09,"{""seed"": 1313308739}"
2026-02-16T21:34:10.354639,SCENE-003,SCENE-003-SHOT-001,VIDEO_GEN,SUCCESS,1001.50,"{""shot_type"": ""Wide"", ""lens"": ""35mm"", ""movement"": ""Tracking""}"
2026-02-16T21:34:10.887223,SCENE-003,SCENE-003-SHOT-002,IMAGE_GEN,SUCCESS,532.26,"{""seed"": 1828254429}"
2026-02-16T21:34:11.894048,SCENE-003,SCENE-003-SHOT-002,VIDEO_GEN,SUCCESS,1006.40,"{""shot_type"": ""Medium"", ""lens"": ""35mm"", ""movement"": ""Tracking""}"
2026-02-16T21:34:11.959916,SCENE-001,SCENE-001-SHOT-001,CRITIC_QA,FAIL,0.00,"{""score"": ""0.32"", ""reason"": ""semantic_drift"", ""method"": ""semantic_similarity""}"
2026-02-16T21:34:11.975311,SCENE-002,SCENE-002-SHOT-001,CRITIC_QA,FAIL,0.00,"{""score"": ""0.35"", ""reason"": ""semantic_drift"", ""method"": ""semantic_similarity""}"
2026-02-16T21:34:11.995199,SCENE-002,SCENE-002-SHOT-002,CRITIC_QA,FAIL,0.00,"{""score"": ""0.35"", ""reason"": ""semantic_drift"", ""method"": ""semantic_similarity""}"
2026-02-16T21:34:12.011096,SCENE-003,SCENE-003-SHOT-001,CRITIC_QA,PASS,0.00,"{""score"": ""0.56"", ""method"": ""semantic_similarity""}"
2026-02-16T21:34:12.026690,SCENE-003,SCENE-003-SHOT-002,CRITIC_QA,PASS,0.00,"{""score"": ""0.56"", ""method"": ""semantic_similarity""}"
2026-02-16T21:34:12.561222,SCENE-001,SCENE-001-SHOT-001,IMAGE_GEN,SUCCESS,533.28,"{""seed"": 2011861932}"
2026-02-16T21:34:13.568079,SCENE-001,SCENE-001-SHOT-001,VIDEO_GEN,SUCCESS,1006.53,"{""shot_type"": ""Wide"", ""lens"": ""24mm"", ""movement"": ""Slow Pan""}"
2026-02-16T21:34:14.091909,SCENE-002,SCENE-002-SHOT-001,IMAGE_GEN,SUCCESS,523.27,"{""seed"": 2142169240}"
2026-02-16T21:34:15.098619,SCENE-002,SCENE-002-SHOT-001,VIDEO_GEN,SUCCESS,1006.43,"{""shot_type"": ""Wide"", ""lens"": ""35mm"", ""movement"": ""Tracking""}"
2026-02-16T21:34:15.627912,SCENE-002,SCENE-002-SHOT-002,IMAGE_GEN,SUCCESS,528.73,"{""seed"": 1417424982}"
2026-02-16T21:34:16.634630,SCENE-002,SCENE-002-SHOT-002,VIDEO_GEN,SUCCESS,1006.40,"{""shot_type"": ""Medium"", ""lens"": ""35mm"", ""movement"": ""Tracking""}"
2026-02-16T21:34:17.166341,SCENE-003,SCENE-003-SHOT-001,IMAGE_GEN,SUCCESS,531.12,"{""seed"": 1313308739}"
2026-02-16T21:34:18.172702,SCENE-003,SCENE-003-SHOT-001,VIDEO_GEN,SUCCESS,1006.05,"{""shot_type"": ""Wide"", ""lens"": ""35mm"", ""movement"": ""Tracking""}"
2026-02-16T21:34:18.702559,SCENE-003,SCENE-003-SHOT-002,IMAGE_GEN,SUCCESS,529.36,"{""seed"": 1828254429}"
2026-02-16T21:34:19.709292,SCENE-003,SCENE-003-SHOT-002,VIDEO_GEN,SUCCESS,1006.45,"{""shot_type"": ""Medium"", ""lens"": ""35mm"", ""movement"": ""Tracking""}"
2026-02-16T21:34:19.771989,SCENE-001,SCENE-001-SHOT-001,CRITIC_QA,FAIL,0.00,"{""score"": ""0.32"", ""reason"": ""semantic_drift"", ""method"": ""semantic_similarity""}"
2026-02-16T21:34:19.787391,SCENE-002,SCENE-002-SHOT-001,CRITIC_QA,FAIL,0.00,"{""score"": ""0.35"", ""reason"": ""semantic_drift"", ""method"": ""semantic_similarity""}"
2026-02-16T21:34:19.801361,SCENE-002,SCENE-002-SHOT-002,CRITIC_QA,FAIL,0.00,"{""score"": ""0.35"", ""reason"": ""semantic_drift"", ""method"": ""semantic_similarity""}"
2026-02-16T21:34:19.820445,SCENE-003,SCENE-003-SHOT-001,CRITIC_QA,PASS,0.00,"{""score"": ""0.56"", ""method"": ""semantic_similarity""}"
2026-02-16T21:34:19.830229,SCENE-003,SCENE-003-SHOT-002,CRITIC_QA,PASS,0.00,"{""score"": ""0.56"", ""method"": ""semantic_similarity""}"
2026-02-16T21:34:20.364481,SCENE-001,SCENE-001-SHOT-001,IMAGE_GEN,SUCCESS,533.05,"{""seed"": 2011861932}"
2026-02-16T21:34:21.371389,SCENE-001,SCENE-001-SHOT-001,VIDEO_GEN,SUCCESS,1006.60,"{""shot_type"": ""Wide"", ""lens"": ""24mm"", ""movement"": ""Slow Pan""}"
2026-02-16T21:34:21.898791,SCENE-002,SCENE-002-SHOT-001,IMAGE_GEN,SUCCESS,526.80,"{""seed"": 2142169240}"
2026-02-16T21:34:22.905349,SCENE-002,SCENE-002-SHOT-001,VIDEO_GEN,SUCCESS,1006.27,"{""shot_type"": ""Wide"", ""lens"": ""35mm"", ""movement"": ""Tracking""}"
2026-02-16T21:34:23.436551,SCENE-002,SCENE-002-SHOT-002,IMAGE_GEN,SUCCESS,530.64,"{""seed"": 1417424982}"
2026-02-16T21:34:24.440380,SCENE-002,SCENE-002-SHOT-002,VIDEO_GEN,SUCCESS,1003.53,"{""shot_type"": ""Medium"", ""lens"": ""35mm"", ""movement"": ""Tracking""}"
2026-02-16T21:34:24.964811,SCENE-003,SCENE-003-SHOT-001,IMAGE_GEN,SUCCESS,524.28,"{""seed"": 1313308739}"
2026-02-16T21:34:25.971426,SCENE-003,SCENE-003-SHOT-001,VIDEO_GEN,SUCCESS,1006.34,"{""shot_type"": ""Wide"", ""lens"": ""35mm"", ""movement"": ""Tracking""}"
2026-02-16T21:34:26.502546,SCENE-003,SCENE-003-SHOT-002,IMAGE_GEN,SUCCESS,530.59,"{""seed"": 1828254429}"
2026-02-16T21:34:27.509261,SCENE-003,SCENE-003-SHOT-002,VIDEO_GEN,SUCCESS,1006.29,"{""shot_type"": ""Medium"", ""lens"": ""35mm"", ""movement"": ""Tracking""}"
2026-02-16T21:34:27.577451,SCENE-001,SCENE-001-SHOT-001,CRITIC_QA,FAIL,0.00,"{""score"": ""0.32"", ""reason"": ""semantic_drift"", ""method"": ""semantic_similarity""}"
2026-02-16T21:34:27.593450,SCENE-002,SCENE-002-SHOT-001,CRITIC_QA,FAIL,0.00,"{""score"": ""0.35"", ""reason"": ""semantic_drift"", ""method"": ""semantic_similarity""}"
2026-02-16T21:34:27.608201,SCENE-002,SCENE-002-SHOT-002,CRITIC_QA,FAIL,0.00,"{""score"": ""0.35"", ""reason"": ""semantic_drift"", ""method"": ""semantic_similarity""}"
2026-02-16T21:34:27.627422,SCENE-003,SCENE-003-SHOT-001,CRITIC_QA,PASS,0.00,"{""score"": ""0.56"", ""method"": ""semantic_similarity""}"
2026-02-16T21:34:27.642975,SCENE-003,SCENE-003-SHOT-002,CRITIC_QA,PASS,0.00,"{""score"": ""0.56"", ""method"": ""semantic_similarity""}"
2026-02-16T21:34:28.174578,SCENE-001,SCENE-001-SHOT-001,IMAGE_GEN,SUCCESS,530.41,"{""seed"": 2011861932}"
2026-02-16T21:34:29.181460,SCENE-001,SCENE-001-SHOT-001,VIDEO_GEN,SUCCESS,1006.60,"{""shot_type"": ""Wide"", ""lens"": ""24mm"", ""movement"": ""Slow Pan""}"
2026-02-16T21:34:29.706827,SCENE-002,SCENE-002-SHOT-001,IMAGE_GEN,SUCCESS,524.72,"{""seed"": 2142169240}"
2026-02-16T21:34:30.713509,SCENE-002,SCENE-002-SHOT-001,VIDEO_GEN,SUCCESS,1006.39,"{""shot_type"": ""Wide"", ""lens"": ""35mm"", ""movement"": ""Tracking""}"
2026-02-16T21:34:31.242873,SCENE-002,SCENE-002-SHOT-002,IMAGE_GEN,SUCCESS,528.84,"{""seed"": 1417424982}"
2026-02-16T21:34:32.249315,SCENE-002,SCENE-002-SHOT-002,VIDEO_GEN,SUCCESS,1006.18,"{""shot_type"": ""Medium"", ""lens"": ""35mm"", ""movement"": ""Tracking""}"
2026-02-16T21:34:32.778753,SCENE-003,SCENE-003-SHOT-001,IMAGE_GEN,SUCCESS,528.92,"{""seed"": 1313308739}"
2026-02-16T21:34:33.785818,SCENE-003,SCENE-003-SHOT-001,VIDEO_GEN,SUCCESS,1006.30,"{""shot_type"": ""Wide"", ""lens"": ""35mm"", ""movement"": ""Tracking""}"
2026-02-16T21:34:34.313492,SCENE-003,SCENE-003-SHOT-002,IMAGE_GEN,SUCCESS,527.13,"{""seed"": 1828254429}"
2026-02-16T21:34:35.320183,SCENE-003,SCENE-003-SHOT-002,VIDEO_GEN,SUCCESS,1006.41,"{""shot_type"": ""Medium"", ""lens"": ""35mm"", ""movement"": ""Tracking""}"
2026-02-16T21:34:35.381404,SCENE-001,SCENE-001-SHOT-001,CRITIC_QA,FAIL,0.00,"{""score"": ""0.32"", ""reason"": ""semantic_drift"", ""method"": ""semantic_similarity""}"
2026-02-16T21:34:35.397029,SCENE-002,SCENE-002-SHOT-001,CRITIC_QA,FAIL,0.00,"{""score"": ""0.35"", ""reason"": ""semantic_drift"", ""method"": ""semantic_similarity""}"
2026-02-16T21:34:35.415225,SCENE-002,SCENE-002-SHOT-002,CRITIC_QA,FAIL,0.00,"{""score"": ""0.35"", ""reason"": ""semantic_drift"", ""method"": ""semantic_similarity""}"
2026-02-16T21:34:35.431279,SCENE-003,SCENE-003-SHOT-001,CRITIC_QA,PASS,0.00,"{""score"": ""0.56"", ""method"": ""semantic_similarity""}"
2026-02-16T21:34:35.509156,SCENE-003,SCENE-003-SHOT-002,CRITIC_QA,PASS,0.00,"{""score"": ""0.56"", ""method"": ""semantic_similarity""}"
2026-02-16T21:34:36.041035,SCENE-001,SCENE-001-SHOT-001,IMAGE_GEN,SUCCESS,530.19,"{""seed"": 2011861932}"
2026-02-16T21:34:37.047863,SCENE-001,SCENE-001-SHOT-001,VIDEO_GEN,SUCCESS,1006.56,"{""shot_type"": ""Wide"", ""lens"": ""24mm"", ""movement"": ""Slow Pan""}"
2026-02-16T21:34:37.562811,SCENE-002,SCENE-002-SHOT-001,IMAGE_GEN,SUCCESS,514.33,"{""seed"": 2142169240}"
2026-02-16T21:34:38.569277,SCENE-002,SCENE-002-SHOT-001,VIDEO_GEN,SUCCESS,1006.29,"{""shot_type"": ""Wide"", ""lens"": ""35mm"", ""movement"": ""Tracking""}"
2026-02-16T21:34:39.098582,SCENE-002,SCENE-002-SHOT-002,IMAGE_GEN,SUCCESS,528.73,"{""seed"": 1417424982}"
2026-02-16T21:34:40.105311,SCENE-002,SCENE-002-SHOT-002,VIDEO_GEN,SUCCESS,1006.43,"{""shot_type"": ""Medium"", ""lens"": ""35mm"", ""movement"": ""Tracking""}"
2026-02-16T21:34:40.629306,SCENE-003,SCENE-003-SHOT-001,IMAGE_GEN,SUCCESS,523.39,"{""seed"": 1313308739}"
2026-02-16T21:34:41.635857,SCENE-003,SCENE-003-SHOT-001,VIDEO_GEN,SUCCESS,1006.24,"{""shot_type"": ""Wide"", ""lens"": ""35mm"", ""movement"": ""Tracking""}"
2026-02-16T21:34:42.169169,SCENE-003,SCENE-003-SHOT-002,IMAGE_GEN,SUCCESS,532.80,"{""seed"": 1828254429}"
2026-02-16T21:34:43.175864,SCENE-003,SCENE-003-SHOT-002,VIDEO_GEN,SUCCESS,1006.35,"{""shot_type"": ""Medium"", ""lens"": ""35mm"", ""movement"": ""Tracking""}"
2026-02-16T21:34:43.272133,SCENE-001,SCENE-001-SHOT-001,CRITIC_QA,FAIL,0.00,"{""score"": ""0.32"", ""reason"": ""semantic_drift"", ""method"": ""semantic_similarity""}"
2026-02-16T21:34:43.286914,SCENE-002,SCENE-002-SHOT-001,CRITIC_QA,FAIL,0.00,"{""score"": ""0.35"", ""reason"": ""semantic_drift"", ""method"": ""semantic_similarity""}"
2026-02-16T21:34:43.300606,SCENE-002,SCENE-002-SHOT-002,CRITIC_QA,FAIL,0.00,"{""score"": ""0.35"", ""reason"": ""semantic_drift"", ""method"": ""semantic_similarity""}"
2026-02-16T21:34:43.315702,SCENE-003,SCENE-003-SHOT-001,CRITIC_QA,PASS,0.00,"{""score"": ""0.56"", ""method"": ""semantic_similarity""}"
2026-02-16T21:34:43.335301,SCENE-003,SCENE-003-SHOT-002,CRITIC_QA,PASS,0.00,"{""score"": ""0.56"", ""method"": ""semantic_similarity""}"
2026-02-16T21:34:43.868675,SCENE-001,SCENE-001-SHOT-001,IMAGE_GEN,SUCCESS,532.23,"{""seed"": 2011861932}"
2026-02-16T21:34:44.875368,SCENE-001,SCENE-001-SHOT-001,VIDEO_GEN,SUCCESS,1006.39,"{""shot_type"": ""Wide"", ""lens"": ""24mm"", ""movement"": ""Slow Pan""}"
2026-02-16T21:34:45.401096,SCENE-002,SCENE-002-SHOT-001,IMAGE_GEN,SUCCESS,525.17,"{""seed"": 2142169240}"
2026-02-16T21:34:46.407851,SCENE-002,SCENE-002-SHOT-001,VIDEO_GEN,SUCCESS,1006.56,"{""shot_type"": ""Wide"", ""lens"": ""35mm"", ""movement"": ""Tracking""}"
2026-02-16T21:34:46.926791,SCENE-002,SCENE-002-SHOT-002,IMAGE_GEN,SUCCESS,518.39,"{""seed"": 1417424982}"
2026-02-16T21:34:47.933554,SCENE-002,SCENE-002-SHOT-002,VIDEO_GEN,SUCCESS,1006.51,"{""shot_type"": ""Medium"", ""lens"": ""35mm"", ""movement"": ""Tracking""}"
2026-02-16T21:34:48.465772,SCENE-003,SCENE-003-SHOT-001,IMAGE_GEN,SUCCESS,531.54,"{""seed"": 1313308739}"
2026-02-16T21:34:49.469688,SCENE-003,SCENE-003-SHOT-001,VIDEO_GEN,SUCCESS,1003.56,"{""shot_type"": ""Wide"", ""lens"": ""35mm"", ""movement"": ""Tracking""}"
2026-02-16T21:34:50.001310,SCENE-003,SCENE-003-SHOT-002,IMAGE_GEN,SUCCESS,531.48,"{""seed"": 1828254429}"
2026-02-16T21:34:51.008001,SCENE-003,SCENE-003-SHOT-002,VIDEO_GEN,SUCCESS,1006.42,"{""shot_type"": ""Medium"", ""lens"": ""35mm"", ""movement"": ""Tracking""}"
2026-02-16T21:34:51.146711,SCENE-001,SCENE-001-SHOT-001,CRITIC_QA,FAIL,0.00,"{""score"": ""0.32"", ""reason"": ""semantic_drift"", ""method"": ""semantic_similarity""}"
2026-02-16T21:34:51.162269,SCENE-002,SCENE-002-SHOT-001,CRITIC_QA,FAIL,0.00,"{""score"": ""0.35"", ""reason"": ""semantic_drift"", ""method"": ""semantic_similarity""}"
2026-02-16T21:34:51.177251,SCENE-002,SCENE-002-SHOT-002,CRITIC_QA,FAIL,0.00,"{""score"": ""0.35"", ""reason"": ""semantic_drift"", ""method"": ""semantic_similarity""}"
2026-02-16T21:34:51.192756,SCENE-003,SCENE-003-SHOT-001,CRITIC_QA,PASS,0.00,"{""score"": ""0.56"", ""method"": ""semantic_similarity""}"
2026-02-16T21:34:51.208757,SCENE-003,SCENE-003-SHOT-002,CRITIC_QA,PASS,0.00,"{""score"": ""0.56"", ""method"": ""semantic_similarity""}"
2026-02-16T21:34:51.742900,SCENE-001,SCENE-001-SHOT-001,IMAGE_GEN,SUCCESS,532.34,"{""seed"": 2011861932}"
2026-02-16T21:34:52.749569,SCENE-001,SCENE-001-SHOT-001,VIDEO_GEN,SUCCESS,1006.35,"{""shot_type"": ""Wide"", ""lens"": ""24mm"", ""movement"": ""Slow Pan""}"
2026-02-16T21:34:53.280614,SCENE-002,SCENE-002-SHOT-001,IMAGE_GEN,SUCCESS,530.46,"{""seed"": 2142169240}"
2026-02-16T21:34:54.287348,SCENE-002,SCENE-002-SHOT-001,VIDEO_GEN,SUCCESS,1006.42,"{""shot_type"": ""Wide"", ""lens"": ""35mm"", ""movement"": ""Tracking""}"
2026-02-16T21:34:54.818974,SCENE-002,SCENE-002-SHOT-002,IMAGE_GEN,SUCCESS,531.03,"{""seed"": 1417424982}"
2026-02-16T21:34:55.825663,SCENE-002,SCENE-002-SHOT-002,VIDEO_GEN,SUCCESS,1006.36,"{""shot_type"": ""Medium"", ""lens"": ""35mm"", ""movement"": ""Tracking""}"
2026-02-16T21:34:56.360438,SCENE-003,SCENE-003-SHOT-001,IMAGE_GEN,SUCCESS,534.05,"{""seed"": 1313308739}"
2026-02-16T21:34:57.366658,SCENE-003,SCENE-003-SHOT-001,VIDEO_GEN,SUCCESS,1005.92,"{""shot_type"": ""Wide"", ""lens"": ""35mm"", ""movement"": ""Tracking""}"
2026-02-16T21:34:57.893788,SCENE-003,SCENE-003-SHOT-002,IMAGE_GEN,SUCCESS,526.77,"{""seed"": 1828254429}"
2026-02-16T21:34:58.900458,SCENE-003,SCENE-003-SHOT-002,VIDEO_GEN,SUCCESS,1006.42,"{""shot_type"": ""Medium"", ""lens"": ""35mm"", ""movement"": ""Tracking""}"
2026-02-16T21:34:58.970615,SCENE-001,SCENE-001-SHOT-001,CRITIC_QA,FAIL,0.00,"{""score"": ""0.32"", ""reason"": ""semantic_drift"", ""method"": ""semantic_similarity""}"
2026-02-16T21:34:58.985437,SCENE-002,SCENE-002-SHOT-001,CRITIC_QA,FAIL,0.00,"{""score"": ""0.35"", ""reason"": ""semantic_drift"", ""method"": ""semantic_similarity""}"
2026-02-16T21:34:59.001057,SCENE-002,SCENE-002-SHOT-002,CRITIC_QA,FAIL,0.00,"{""score"": ""0.35"", ""reason"": ""semantic_drift"", ""method"": ""semantic_similarity""}"
2026-02-16T21:34:59.016804,SCENE-003,SCENE-003-SHOT-001,CRITIC_QA,PASS,0.00,"{""score"": ""0.56"", ""method"": ""semantic_similarity""}"
2026-02-16T21:34:59.032011,SCENE-003,SCENE-003-SHOT-002,CRITIC_QA,PASS,0.00,"{""score"": ""0.56"", ""method"": ""semantic_similarity""}"
2026-02-16T21:34:59.553676,SCENE-001,SCENE-001-SHOT-001,IMAGE_GEN,SUCCESS,520.48,"{""seed"": 2011861932}"
2026-02-16T21:35:00.560352,SCENE-001,SCENE-001-SHOT-001,VIDEO_GEN,SUCCESS,1006.42,"{""shot_type"": ""Wide"", ""lens"": ""24mm"", ""movement"": ""Slow Pan""}"
2026-02-16T21:35:01.095015,SCENE-002,SCENE-002-SHOT-001,IMAGE_GEN,SUCCESS,534.05,"{""seed"": 2142169240}"
2026-02-16T21:35:02.101702,SCENE-002,SCENE-002-SHOT-001,VIDEO_GEN,SUCCESS,1006.32,"{""shot_type"": ""Wide"", ""lens"": ""35mm"", ""movement"": ""Tracking""}"
2026-02-16T21:35:02.631667,SCENE-002,SCENE-002-SHOT-002,IMAGE_GEN,SUCCESS,529.38,"{""seed"": 1417424982}"
2026-02-16T21:35:03.637959,SCENE-002,SCENE-002-SHOT-002,VIDEO_GEN,SUCCESS,1005.93,"{""shot_type"": ""Medium"", ""lens"": ""35mm"", ""movement"": ""Tracking""}"
2026-02-16T21:35:04.163762,SCENE-003,SCENE-003-SHOT-001,IMAGE_GEN,SUCCESS,525.48,"{""seed"": 1313308739}"
2026-02-16T21:35:05.170350,SCENE-003,SCENE-003-SHOT-001,VIDEO_GEN,SUCCESS,1006.27,"{""shot_type"": ""Wide"", ""lens"": ""35mm"", ""movement"": ""Tracking""}"
2026-02-16T21:35:05.696528,SCENE-003,SCENE-003-SHOT-002,IMAGE_GEN,SUCCESS,525.41,"{""seed"": 1828254429}"
2026-02-16T21:35:06.703285,SCENE-003,SCENE-003-SHOT-002,VIDEO_GEN,SUCCESS,1006.38,"{""shot_type"": ""Medium"", ""lens"": ""35mm"", ""movement"": ""Tracking""}"
2026-02-16T21:35:06.805904,SCENE-001,SCENE-001-SHOT-001,CRITIC_QA,FAIL,0.00,"{""score"": ""0.32"", ""reason"": ""semantic_drift"", ""method"": ""semantic_similarity""}"
2026-02-16T21:35:06.820585,SCENE-002,SCENE-002-SHOT-001,CRITIC_QA,FAIL,0.00,"{""score"": ""0.35"", ""reason"": ""semantic_drift"", ""method"": ""semantic_similarity""}"
2026-02-16T21:35:06.836019,SCENE-002,SCENE-002-SHOT-002,CRITIC_QA,FAIL,0.00,"{""score"": ""0.35"", ""reason"": ""semantic_drift"", ""method"": ""semantic_similarity""}"
2026-02-16T21:35:06.850535,SCENE-003,SCENE-003-SHOT-001,CRITIC_QA,PASS,0.00,"{""score"": ""0.56"", ""method"": ""semantic_similarity""}"
2026-02-16T21:35:06.865530,SCENE-003,SCENE-003-SHOT-002,CRITIC_QA,PASS,0.00,"{""score"": ""0.56"", ""method"": ""semantic_similarity""}"
2026-02-16T21:35:07.397602,SCENE-001,SCENE-001-SHOT-001,IMAGE_GEN,SUCCESS,531.02,"{""seed"": 2011861932}"
2026-02-16T21:35:08.404323,SCENE-001,SCENE-001-SHOT-001,VIDEO_GEN,SUCCESS,1006.41,"{""shot_type"": ""Wide"", ""lens"": ""24mm"", ""movement"": ""Slow Pan""}"
2026-02-16T21:35:08.935067,SCENE-002,SCENE-002-SHOT-001,IMAGE_GEN,SUCCESS,530.14,"{""seed"": 2142169240}"
2026-02-16T21:35:09.941538,SCENE-002,SCENE-002-SHOT-001,VIDEO_GEN,SUCCESS,1006.17,"{""shot_type"": ""Wide"", ""lens"": ""35mm"", ""movement"": ""Tracking""}"
2026-02-16T21:35:10.472393,SCENE-002,SCENE-002-SHOT-002,IMAGE_GEN,SUCCESS,530.30,"{""seed"": 1417424982}"
2026-02-16T21:35:11.479317,SCENE-002,SCENE-002-SHOT-002,VIDEO_GEN,SUCCESS,1006.39,"{""shot_type"": ""Medium"", ""lens"": ""35mm"", ""movement"": ""Tracking""}"
2026-02-16T21:35:12.014165,SCENE-003,SCENE-003-SHOT-001,IMAGE_GEN,SUCCESS,534.26,"{""seed"": 1313308739}"
2026-02-16T21:35:13.020859,SCENE-003,SCENE-003-SHOT-001,VIDEO_GEN,SUCCESS,1006.35,"{""shot_type"": ""Wide"", ""lens"": ""35mm"", ""movement"": ""Tracking""}"
2026-02-16T21:35:13.554213,SCENE-003,SCENE-003-SHOT-002,IMAGE_GEN,SUCCESS,532.83,"{""seed"": 1828254429}"
2026-02-16T21:35:14.558718,SCENE-003,SCENE-003-SHOT-002,VIDEO_GEN,SUCCESS,1004.22,"{""shot_type"": ""Medium"", ""lens"": ""35mm"", ""movement"": ""Tracking""}"
2026-02-16T21:35:14.631578,SCENE-001,SCENE-001-SHOT-001,CRITIC_QA,FAIL,0.00,"{""score"": ""0.32"", ""reason"": ""semantic_drift"", ""method"": ""semantic_similarity""}"
2026-02-16T21:35:14.646925,SCENE-002,SCENE-002-SHOT-001,CRITIC_QA,FAIL,0.00,"{""score"": ""0.35"", ""reason"": ""semantic_drift"", ""method"": ""semantic_similarity""}"
2026-02-16T21:35:14.661867,SCENE-002,SCENE-002-SHOT-002,CRITIC_QA,FAIL,0.00,"{""score"": ""0.35"", ""reason"": ""semantic_drift"", ""method"": ""semantic_similarity""}"
2026-02-16T21:35:14.677594,SCENE-003,SCENE-003-SHOT-001,CRITIC_QA,PASS,0.00,"{""score"": ""0.56"", ""method"": ""semantic_similarity""}"
2026-02-16T21:35:14.697794,SCENE-003,SCENE-003-SHOT-002,CRITIC_QA,PASS,0.00,"{""score"": ""0.56"", ""method"": ""semantic_similarity""}"
2026-02-16T21:35:15.232729,SCENE-001,SCENE-001-SHOT-001,IMAGE_GEN,SUCCESS,533.72,"{""seed"": 2011861932}"
2026-02-16T21:35:16.239466,SCENE-001,SCENE-001-SHOT-001,VIDEO_GEN,SUCCESS,1006.39,"{""shot_type"": ""Wide"", ""lens"": ""24mm"", ""movement"": ""Slow Pan""}"
2026-02-16T21:35:16.766354,SCENE-002,SCENE-002-SHOT-001,IMAGE_GEN,SUCCESS,526.30,"{""seed"": 2142169240}"
2026-02-16T21:35:17.772838,SCENE-002,SCENE-002-SHOT-001,VIDEO_GEN,SUCCESS,1006.17,"{""shot_type"": ""Wide"", ""lens"": ""35mm"", ""movement"": ""Tracking""}"
2026-02-16T21:35:18.301161,SCENE-002,SCENE-002-SHOT-002,IMAGE_GEN,SUCCESS,527.80,"{""seed"": 1417424982}"
2026-02-16T21:35:19.307707,SCENE-002,SCENE-002-SHOT-002,VIDEO_GEN,SUCCESS,1006.28,"{""shot_type"": ""Medium"", ""lens"": ""35mm"", ""movement"": ""Tracking""}"
2026-02-16T21:35:19.839542,SCENE-003,SCENE-003-SHOT-001,IMAGE_GEN,SUCCESS,531.27,"{""seed"": 1313308739}"
2026-02-16T21:35:20.846244,SCENE-003,SCENE-003-SHOT-001,VIDEO_GEN,SUCCESS,1006.39,"{""shot_type"": ""Wide"", ""lens"": ""35mm"", ""movement"": ""Tracking""}"
2026-02-16T21:35:21.379623,SCENE-003,SCENE-003-SHOT-002,IMAGE_GEN,SUCCESS,532.82,"{""seed"": 1828254429}"
2026-02-16T21:35:22.386235,SCENE-003,SCENE-003-SHOT-002,VIDEO_GEN,SUCCESS,1006.27,"{""shot_type"": ""Medium"", ""lens"": ""35mm"", ""movement"": ""Tracking""}"
2026-02-16T21:35:22.465245,SCENE-001,SCENE-001-SHOT-001,CRITIC_QA,FAIL,0.00,"{""score"": ""0.32"", ""reason"": ""semantic_drift"", ""method"": ""semantic_similarity""}"
2026-02-16T21:35:22.480796,SCENE-002,SCENE-002-SHOT-001,CRITIC_QA,FAIL,0.00,"{""score"": ""0.35"", ""reason"": ""semantic_drift"", ""method"": ""semantic_similarity""}"
2026-02-16T21:35:22.495325,SCENE-002,SCENE-002-SHOT-002,CRITIC_QA,FAIL,0.00,"{""score"": ""0.35"", ""reason"": ""semantic_drift"", ""method"": ""semantic_similarity""}"
2026-02-16T21:35:22.511041,SCENE-003,SCENE-003-SHOT-001,CRITIC_QA,PASS,0.00,"{""score"": ""0.56"", ""method"": ""semantic_similarity""}"
2026-02-16T21:35:22.526323,SCENE-003,SCENE-003-SHOT-002,CRITIC_QA,PASS,0.00,"{""score"": ""0.56"", ""method"": ""semantic_similarity""}"
2026-02-16T21:35:23.060082,SCENE-001,SCENE-001-SHOT-001,IMAGE_GEN,SUCCESS,532.39,"{""seed"": 2011861932}"
2026-02-16T21:35:24.063205,SCENE-001,SCENE-001-SHOT-001,VIDEO_GEN,SUCCESS,1002.81,"{""shot_type"": ""Wide"", ""lens"": ""24mm"", ""movement"": ""Slow Pan""}"
2026-02-16T21:35:24.591920,SCENE-002,SCENE-002-SHOT-001,IMAGE_GEN,SUCCESS,528.17,"{""seed"": 2142169240}"
2026-02-16T21:35:25.598554,SCENE-002,SCENE-002-SHOT-001,VIDEO_GEN,SUCCESS,1006.34,"{""shot_type"": ""Wide"", ""lens"": ""35mm"", ""movement"": ""Tracking""}"
2026-02-16T21:35:26.129059,SCENE-002,SCENE-002-SHOT-002,IMAGE_GEN,SUCCESS,530.13,"{""seed"": 1417424982}"
2026-02-16T21:35:27.135617,SCENE-002,SCENE-002-SHOT-002,VIDEO_GEN,SUCCESS,1006.26,"{""shot_type"": ""Medium"", ""lens"": ""35mm"", ""movement"": ""Tracking""}"
2026-02-16T21:35:27.666036,SCENE-003,SCENE-003-SHOT-001,IMAGE_GEN,SUCCESS,529.89,"{""seed"": 1313308739}"
2026-02-16T21:35:28.672484,SCENE-003,SCENE-003-SHOT-001,VIDEO_GEN,SUCCESS,1006.18,"{""shot_type"": ""Wide"", ""lens"": ""35mm"", ""movement"": ""Tracking""}"
2026-02-16T21:35:29.202088,SCENE-003,SCENE-003-SHOT-002,IMAGE_GEN,SUCCESS,529.10,"{""seed"": 1828254429}"
2026-02-16T21:35:30.208763,SCENE-003,SCENE-003-SHOT-002,VIDEO_GEN,SUCCESS,1006.34,"{""shot_type"": ""Medium"", ""lens"": ""35mm"", ""movement"": ""Tracking""}"
2026-02-16T21:35:30.279849,SCENE-001,SCENE-001-SHOT-001,CRITIC_QA,FAIL,0.00,"{""score"": ""0.32"", ""reason"": ""semantic_drift"", ""method"": ""semantic_similarity""}"
2026-02-16T21:35:30.295525,SCENE-002,SCENE-002-SHOT-001,CRITIC_QA,FAIL,0.00,"{""score"": ""0.35"", ""reason"": ""semantic_drift"", ""method"": ""semantic_similarity""}"
2026-02-16T21:35:30.310295,SCENE-002,SCENE-002-SHOT-002,CRITIC_QA,FAIL,0.00,"{""score"": ""0.35"", ""reason"": ""semantic_drift"", ""method"": ""semantic_similarity""}"
2026-02-16T21:35:30.325404,SCENE-003,SCENE-003-SHOT-001,CRITIC_QA,PASS,0.00,"{""score"": ""0.56"", ""method"": ""semantic_similarity""}"
2026-02-16T21:35:30.340364,SCENE-003,SCENE-003-SHOT-002,CRITIC_QA,PASS,0.00,"{""score"": ""0.56"", ""method"": ""semantic_similarity""}"
2026-02-16T21:35:30.877301,SCENE-001,SCENE-001-SHOT-001,IMAGE_GEN,SUCCESS,535.57,"{""seed"": 2011861932}"
2026-02-16T21:35:31.884195,SCENE-001,SCENE-001-SHOT-001,VIDEO_GEN,SUCCESS,1006.57,"{""shot_type"": ""Wide"", ""lens"": ""24mm"", ""movement"": ""Slow Pan""}"
2026-02-16T21:35:32.416038,SCENE-002,SCENE-002-SHOT-001,IMAGE_GEN,SUCCESS,531.22,"{""seed"": 2142169240}"
2026-02-16T21:35:33.422492,SCENE-002,SCENE-002-SHOT-001,VIDEO_GEN,SUCCESS,1006.19,"{""shot_type"": ""Wide"", ""lens"": ""35mm"", ""movement"": ""Tracking""}"
2026-02-16T21:35:33.952017,SCENE-002,SCENE-002-SHOT-002,IMAGE_GEN,SUCCESS,529.14,"{""seed"": 1417424982}"
2026-02-16T21:35:34.958636,SCENE-002,SCENE-002-SHOT-002,VIDEO_GEN,SUCCESS,1006.41,"{""shot_type"": ""Medium"", ""lens"": ""35mm"", ""movement"": ""Tracking""}"
2026-02-16T21:35:35.488574,SCENE-003,SCENE-003-SHOT-001,IMAGE_GEN,SUCCESS,529.49,"{""seed"": 1313308739}"
2026-02-16T21:35:36.495307,SCENE-003,SCENE-003-SHOT-001,VIDEO_GEN,SUCCESS,1006.44,"{""shot_type"": ""Wide"", ""lens"": ""35mm"", ""movement"": ""Tracking""}"
2026-02-16T21:35:37.025912,SCENE-003,SCENE-003-SHOT-002,IMAGE_GEN,SUCCESS,530.06,"{""seed"": 1828254429}"
2026-02-16T21:35:38.032680,SCENE-003,SCENE-003-SHOT-002,VIDEO_GEN,SUCCESS,1006.42,"{""shot_type"": ""Medium"", ""lens"": ""35mm"", ""movement"": ""Tracking""}"
2026-02-16T21:35:38.095143,SCENE-001,SCENE-001-SHOT-001,CRITIC_QA,FAIL,0.00,"{""score"": ""0.32"", ""reason"": ""semantic_drift"", ""method"": ""semantic_similarity""}"
2026-02-16T21:35:38.110877,SCENE-002,SCENE-002-SHOT-001,CRITIC_QA,FAIL,0.00,"{""score"": ""0.35"", ""reason"": ""semantic_drift"", ""method"": ""semantic_similarity""}"
2026-02-16T21:35:38.126416,SCENE-002,SCENE-002-SHOT-002,CRITIC_QA,FAIL,0.00,"{""score"": ""0.35"", ""reason"": ""semantic_drift"", ""method"": ""semantic_similarity""}"
2026-02-16T21:35:38.163955,SCENE-003,SCENE-003-SHOT-001,CRITIC_QA,PASS,0.00,"{""score"": ""0.56"", ""method"": ""semantic_similarity""}"
2026-02-16T21:35:38.209153,SCENE-003,SCENE-003-SHOT-002,CRITIC_QA,PASS,0.00,"{""score"": ""0.56"", ""method"": ""semantic_similarity""}"
2026-02-16T21:35:38.746282,SCENE-001,SCENE-001-SHOT-001,IMAGE_GEN,SUCCESS,533.64,"{""seed"": 2011861932}"
2026-02-16T21:35:39.753118,SCENE-001,SCENE-001-SHOT-001,VIDEO_GEN,SUCCESS,1006.47,"{""shot_type"": ""Wide"", ""lens"": ""24mm"", ""movement"": ""Slow Pan""}"
2026-02-16T21:35:40.276159,SCENE-002,SCENE-002-SHOT-001,IMAGE_GEN,SUCCESS,522.43,"{""seed"": 2142169240}"
2026-02-16T21:35:41.280745,SCENE-002,SCENE-002-SHOT-001,VIDEO_GEN,SUCCESS,1004.23,"{""shot_type"": ""Wide"", ""lens"": ""35mm"", ""movement"": ""Tracking""}"
2026-02-16T21:35:41.808862,SCENE-002,SCENE-002-SHOT-002,IMAGE_GEN,SUCCESS,527.47,"{""seed"": 1417424982}"
2026-02-16T21:35:42.815609,SCENE-002,SCENE-002-SHOT-002,VIDEO_GEN,SUCCESS,1006.43,"{""shot_type"": ""Medium"", ""lens"": ""35mm"", ""movement"": ""Tracking""}"
2026-02-16T21:35:43.342994,SCENE-003,SCENE-003-SHOT-001,IMAGE_GEN,SUCCESS,526.83,"{""seed"": 1313308739}"
2026-02-16T21:35:44.349343,SCENE-003,SCENE-003-SHOT-001,VIDEO_GEN,SUCCESS,1006.07,"{""shot_type"": ""Wide"", ""lens"": ""35mm"", ""movement"": ""Tracking""}"
2026-02-16T21:35:44.879111,SCENE-003,SCENE-003-SHOT-002,IMAGE_GEN,SUCCESS,529.20,"{""seed"": 1828254429}"
2026-02-16T21:35:45.885473,SCENE-003,SCENE-003-SHOT-002,VIDEO_GEN,SUCCESS,1006.05,"{""shot_type"": ""Medium"", ""lens"": ""35mm"", ""movement"": ""Tracking""}"
2026-02-16T21:35:45.951730,SCENE-001,SCENE-001-SHOT-001,CRITIC_QA,FAIL,0.00,"{""score"": ""0.32"", ""reason"": ""semantic_drift"", ""method"": ""semantic_similarity""}"
2026-02-16T21:35:45.967138,SCENE-002,SCENE-002-SHOT-001,CRITIC_QA,FAIL,0.00,"{""score"": ""0.35"", ""reason"": ""semantic_drift"", ""method"": ""semantic_similarity""}"
2026-02-16T21:35:45.985460,SCENE-002,SCENE-002-SHOT-002,CRITIC_QA,FAIL,0.00,"{""score"": ""0.35"", ""reason"": ""semantic_drift"", ""method"": ""semantic_similarity""}"
2026-02-16T21:35:46.001026,SCENE-003,SCENE-003-SHOT-001,CRITIC_QA,PASS,0.00,"{""score"": ""0.56"", ""method"": ""semantic_similarity""}"
2026-02-16T21:35:46.016740,SCENE-003,SCENE-003-SHOT-002,CRITIC_QA,PASS,0.00,"{""score"": ""0.56"", ""method"": ""semantic_similarity""}"
2026-02-16T21:35:46.547930,SCENE-001,SCENE-001-SHOT-001,IMAGE_GEN,SUCCESS,529.91,"{""seed"": 2011861932}"
2026-02-16T21:35:47.554756,SCENE-001,SCENE-001-SHOT-001,VIDEO_GEN,SUCCESS,1006.53,"{""shot_type"": ""Wide"", ""lens"": ""24mm"", ""movement"": ""Slow Pan""}"
2026-02-16T21:35:48.087140,SCENE-002,SCENE-002-SHOT-001,IMAGE_GEN,SUCCESS,531.79,"{""seed"": 2142169240}"
2026-02-16T21:35:49.093251,SCENE-002,SCENE-002-SHOT-001,VIDEO_GEN,SUCCESS,1005.75,"{""shot_type"": ""Wide"", ""lens"": ""35mm"", ""movement"": ""Tracking""}"
2026-02-16T21:35:49.620413,SCENE-002,SCENE-002-SHOT-002,IMAGE_GEN,SUCCESS,526.84,"{""seed"": 1417424982}"
2026-02-16T21:35:50.626555,SCENE-002,SCENE-002-SHOT-002,VIDEO_GEN,SUCCESS,1005.81,"{""shot_type"": ""Medium"", ""lens"": ""35mm"", ""movement"": ""Tracking""}"
2026-02-16T21:35:51.159792,SCENE-003,SCENE-003-SHOT-001,IMAGE_GEN,SUCCESS,532.91,"{""seed"": 1313308739}"
2026-02-16T21:35:52.166372,SCENE-003,SCENE-003-SHOT-001,VIDEO_GEN,SUCCESS,1006.27,"{""shot_type"": ""Wide"", ""lens"": ""35mm"", ""movement"": ""Tracking""}"
2026-02-16T21:35:52.692022,SCENE-003,SCENE-003-SHOT-002,IMAGE_GEN,SUCCESS,524.97,"{""seed"": 1828254429}"
2026-02-16T21:35:53.698679,SCENE-003,SCENE-003-SHOT-002,VIDEO_GEN,SUCCESS,1006.39,"{""shot_type"": ""Medium"", ""lens"": ""35mm"", ""movement"": ""Tracking""}"
2026-02-16T21:35:53.781975,SCENE-001,SCENE-001-SHOT-001,CRITIC_QA,FAIL,0.00,"{""score"": ""0.32"", ""reason"": ""semantic_drift"", ""method"": ""semantic_similarity""}"
2026-02-16T21:35:53.797196,SCENE-002,SCENE-002-SHOT-001,CRITIC_QA,FAIL,0.00,"{""score"": ""0.35"", ""reason"": ""semantic_drift"", ""method"": ""semantic_similarity""}"
2026-02-16T21:35:53.812147,SCENE-002,SCENE-002-SHOT-002,CRITIC_QA,FAIL,0.00,"{""score"": ""0.35"", ""reason"": ""semantic_drift"", ""method"": ""semantic_similarity""}"
2026-02-16T21:35:53.826381,SCENE-003,SCENE-003-SHOT-001,CRITIC_QA,PASS,0.00,"{""score"": ""0.56"", ""method"": ""semantic_similarity""}"
2026-02-16T21:35:53.843056,SCENE-003,SCENE-003-SHOT-002,CRITIC_QA,PASS,0.00,"{""score"": ""0.56"", ""method"": ""semantic_similarity""}"
2026-02-16T21:35:54.375252,SCENE-001,SCENE-001-SHOT-001,IMAGE_GEN,SUCCESS,530.80,"{""seed"": 2011861932}"
2026-02-16T21:35:55.382087,SCENE-001,SCENE-001-SHOT-001,VIDEO_GEN,SUCCESS,1006.51,"{""shot_type"": ""Wide"", ""lens"": ""24mm"", ""movement"": ""Slow Pan""}"
2026-02-16T21:35:55.910552,SCENE-002,SCENE-002-SHOT-001,IMAGE_GEN,SUCCESS,527.85,"{""seed"": 2142169240}"
2026-02-16T21:35:56.917250,SCENE-002,SCENE-002-SHOT-001,VIDEO_GEN,SUCCESS,1006.38,"{""shot_type"": ""Wide"", ""lens"": ""35mm"", ""movement"": ""Tracking""}"
2026-02-16T21:35:57.442498,SCENE-002,SCENE-002-SHOT-002,IMAGE_GEN,SUCCESS,524.61,"{""seed"": 1417424982}"
2026-02-16T21:35:58.449340,SCENE-002,SCENE-002-SHOT-002,VIDEO_GEN,SUCCESS,1006.53,"{""shot_type"": ""Medium"", ""lens"": ""35mm"", ""movement"": ""Tracking""}"
2026-02-16T21:35:58.977351,SCENE-003,SCENE-003-SHOT-001,IMAGE_GEN,SUCCESS,527.44,"{""seed"": 1313308739}"
2026-02-16T21:35:59.983843,SCENE-003,SCENE-003-SHOT-001,VIDEO_GEN,SUCCESS,1006.21,"{""shot_type"": ""Wide"", ""lens"": ""35mm"", ""movement"": ""Tracking""}"
2026-02-16T21:36:00.515096,SCENE-003,SCENE-003-SHOT-002,IMAGE_GEN,SUCCESS,530.67,"{""seed"": 1828254429}"
2026-02-16T21:36:01.521562,SCENE-003,SCENE-003-SHOT-002,VIDEO_GEN,SUCCESS,1006.00,"{""shot_type"": ""Medium"", ""lens"": ""35mm"", ""movement"": ""Tracking""}"
2026-02-16T21:36:01.596852,SCENE-001,SCENE-001-SHOT-001,CRITIC_QA,FAIL,0.00,"{""score"": ""0.32"", ""reason"": ""semantic_drift"", ""method"": ""semantic_similarity""}"
2026-02-16T21:36:01.612005,SCENE-002,SCENE-002-SHOT-001,CRITIC_QA,FAIL,0.00,"{""score"": ""0.35"", ""reason"": ""semantic_drift"", ""method"": ""semantic_similarity""}"
2026-02-16T21:36:01.627279,SCENE-002,SCENE-002-SHOT-002,CRITIC_QA,FAIL,0.00,"{""score"": ""0.35"", ""reason"": ""semantic_drift"", ""method"": ""semantic_similarity""}"
2026-02-16T21:36:01.642719,SCENE-003,SCENE-003-SHOT-001,CRITIC_QA,PASS,0.00,"{""score"": ""0.56"", ""method"": ""semantic_similarity""}"
2026-02-16T21:36:01.658077,SCENE-003,SCENE-003-SHOT-002,CRITIC_QA,PASS,0.00,"{""score"": ""0.56"", ""method"": ""semantic_similarity""}"
2026-02-16T21:36:02.192011,SCENE-001,SCENE-001-SHOT-001,IMAGE_GEN,SUCCESS,532.76,"{""seed"": 2011861932}"
2026-02-16T21:36:03.198881,SCENE-001,SCENE-001-SHOT-001,VIDEO_GEN,SUCCESS,1006.52,"{""shot_type"": ""Wide"", ""lens"": ""24mm"", ""movement"": ""Slow Pan""}"
2026-02-16T21:36:03.732319,SCENE-002,SCENE-002-SHOT-001,IMAGE_GEN,SUCCESS,532.83,"{""seed"": 2142169240}"
2026-02-16T21:36:04.739158,SCENE-002,SCENE-002-SHOT-001,VIDEO_GEN,SUCCESS,1006.47,"{""shot_type"": ""Wide"", ""lens"": ""35mm"", ""movement"": ""Tracking""}"
2026-02-16T21:36:05.269219,SCENE-002,SCENE-002-SHOT-002,IMAGE_GEN,SUCCESS,529.43,"{""seed"": 1417424982}"
2026-02-16T21:36:06.276010,SCENE-002,SCENE-002-SHOT-002,VIDEO_GEN,SUCCESS,1006.45,"{""shot_type"": ""Medium"", ""lens"": ""35mm"", ""movement"": ""Tracking""}"
2026-02-16T21:36:06.808419,SCENE-003,SCENE-003-SHOT-001,IMAGE_GEN,SUCCESS,531.82,"{""seed"": 1313308739}"
2026-02-16T21:36:07.815025,SCENE-003,SCENE-003-SHOT-001,VIDEO_GEN,SUCCESS,1006.29,"{""shot_type"": ""Wide"", ""lens"": ""35mm"", ""movement"": ""Tracking""}"
2026-02-16T21:36:08.344239,SCENE-003,SCENE-003-SHOT-002,IMAGE_GEN,SUCCESS,528.57,"{""seed"": 1828254429}"
2026-02-16T21:36:09.350828,SCENE-003,SCENE-003-SHOT-002,VIDEO_GEN,SUCCESS,1006.27,"{""shot_type"": ""Medium"", ""lens"": ""35mm"", ""movement"": ""Tracking""}"
2026-02-16T21:36:09.417811,SCENE-001,SCENE-001-SHOT-001,CRITIC_QA,FAIL,0.00,"{""score"": ""0.32"", ""reason"": ""semantic_drift"", ""method"": ""semantic_similarity""}"
2026-02-16T21:36:09.432962,SCENE-002,SCENE-002-SHOT-001,CRITIC_QA,FAIL,0.00,"{""score"": ""0.35"", ""reason"": ""semantic_drift"", ""method"": ""semantic_similarity""}"
2026-02-16T21:36:09.451994,SCENE-002,SCENE-002-SHOT-002,CRITIC_QA,FAIL,0.00,"{""score"": ""0.35"", ""reason"": ""semantic_drift"", ""method"": ""semantic_similarity""}"
2026-02-16T21:36:09.462539,SCENE-003,SCENE-003-SHOT-001,CRITIC_QA,PASS,0.00,"{""score"": ""0.56"", ""method"": ""semantic_similarity""}"
2026-02-16T21:36:09.471661,SCENE-003,SCENE-003-SHOT-002,CRITIC_QA,PASS,0.00,"{""score"": ""0.56"", ""method"": ""semantic_similarity""}"
2026-02-16T21:36:10.004143,SCENE-001,SCENE-001-SHOT-001,IMAGE_GEN,SUCCESS,531.47,"{""seed"": 2011861932}"
2026-02-16T21:36:11.010541,SCENE-001,SCENE-001-SHOT-001,VIDEO_GEN,SUCCESS,1006.16,"{""shot_type"": ""Wide"", ""lens"": ""24mm"", ""movement"": ""Slow Pan""}"
2026-02-16T21:36:11.535777,SCENE-002,SCENE-002-SHOT-001,IMAGE_GEN,SUCCESS,524.80,"{""seed"": 2142169240}"
2026-02-16T21:36:12.542598,SCENE-002,SCENE-002-SHOT-001,VIDEO_GEN,SUCCESS,1006.52,"{""shot_type"": ""Wide"", ""lens"": ""35mm"", ""movement"": ""Tracking""}"
2026-02-16T21:36:13.078481,SCENE-002,SCENE-002-SHOT-002,IMAGE_GEN,SUCCESS,535.29,"{""seed"": 1417424982}"
2026-02-16T21:36:14.086107,SCENE-002,SCENE-002-SHOT-002,VIDEO_GEN,SUCCESS,1007.25,"{""shot_type"": ""Medium"", ""lens"": ""35mm"", ""movement"": ""Tracking""}"
2026-02-16T21:36:14.613047,SCENE-003,SCENE-003-SHOT-001,IMAGE_GEN,SUCCESS,526.41,"{""seed"": 1313308739}"
2026-02-16T21:36:15.619558,SCENE-003,SCENE-003-SHOT-001,VIDEO_GEN,SUCCESS,1006.26,"{""shot_type"": ""Wide"", ""lens"": ""35mm"", ""movement"": ""Tracking""}"
2026-02-16T21:36:16.151514,SCENE-003,SCENE-003-SHOT-002,IMAGE_GEN,SUCCESS,531.40,"{""seed"": 1828254429}"
2026-02-16T21:36:17.158109,SCENE-003,SCENE-003-SHOT-002,VIDEO_GEN,SUCCESS,1006.32,"{""shot_type"": ""Medium"", ""lens"": ""35mm"", ""movement"": ""Tracking""}"
2026-02-16T21:36:17.227827,SCENE-001,SCENE-001-SHOT-001,CRITIC_QA,FAIL,0.00,"{""score"": ""0.32"", ""reason"": ""semantic_drift"", ""method"": ""semantic_similarity""}"
2026-02-16T21:36:17.243835,SCENE-002,SCENE-002-SHOT-001,CRITIC_QA,FAIL,0.00,"{""score"": ""0.35"", ""reason"": ""semantic_drift"", ""method"": ""semantic_similarity""}"
2026-02-16T21:36:17.259422,SCENE-002,SCENE-002-SHOT-002,CRITIC_QA,FAIL,0.00,"{""score"": ""0.35"", ""reason"": ""semantic_drift"", ""method"": ""semantic_similarity""}"
2026-02-16T21:36:17.274032,SCENE-003,SCENE-003-SHOT-001,CRITIC_QA,PASS,0.00,"{""score"": ""0.56"", ""method"": ""semantic_similarity""}"
2026-02-16T21:36:17.283675,SCENE-003,SCENE-003-SHOT-002,CRITIC_QA,PASS,0.00,"{""score"": ""0.56"", ""method"": ""semantic_similarity""}"
2026-02-16T21:36:17.818753,SCENE-001,SCENE-001-SHOT-001,IMAGE_GEN,SUCCESS,533.87,"{""seed"": 2011861932}"
2026-02-16T21:36:18.825639,SCENE-001,SCENE-001-SHOT-001,VIDEO_GEN,SUCCESS,1006.58,"{""shot_type"": ""Wide"", ""lens"": ""24mm"", ""movement"": ""Slow Pan""}"
2026-02-16T21:36:19.354395,SCENE-002,SCENE-002-SHOT-001,IMAGE_GEN,SUCCESS,528.16,"{""seed"": 2142169240}"
2026-02-16T21:36:20.360904,SCENE-002,SCENE-002-SHOT-001,VIDEO_GEN,SUCCESS,1006.20,"{""shot_type"": ""Wide"", ""lens"": ""35mm"", ""movement"": ""Tracking""}"
2026-02-16T21:36:20.893334,SCENE-002,SCENE-002-SHOT-002,IMAGE_GEN,SUCCESS,532.04,"{""seed"": 1417424982}"
2026-02-16T21:36:21.899929,SCENE-002,SCENE-002-SHOT-002,VIDEO_GEN,SUCCESS,1006.28,"{""shot_type"": ""Medium"", ""lens"": ""35mm"", ""movement"": ""Tracking""}"
2026-02-16T21:36:22.432281,SCENE-003,SCENE-003-SHOT-001,IMAGE_GEN,SUCCESS,531.73,"{""seed"": 1313308739}"
2026-02-16T21:36:23.438827,SCENE-003,SCENE-003-SHOT-001,VIDEO_GEN,SUCCESS,1006.24,"{""shot_type"": ""Wide"", ""lens"": ""35mm"", ""movement"": ""Tracking""}"
2026-02-16T21:36:23.968330,SCENE-003,SCENE-003-SHOT-002,IMAGE_GEN,SUCCESS,528.82,"{""seed"": 1828254429}"
2026-02-16T21:36:24.974950,SCENE-003,SCENE-003-SHOT-002,VIDEO_GEN,SUCCESS,1006.37,"{""shot_type"": ""Medium"", ""lens"": ""35mm"", ""movement"": ""Tracking""}"
2026-02-16T21:36:25.057164,SCENE-001,SCENE-001-SHOT-001,CRITIC_QA,FAIL,0.00,"{""score"": ""0.32"", ""reason"": ""semantic_drift"", ""method"": ""semantic_similarity""}"
2026-02-16T21:36:25.071852,SCENE-002,SCENE-002-SHOT-001,CRITIC_QA,FAIL,0.00,"{""score"": ""0.35"", ""reason"": ""semantic_drift"", ""method"": ""semantic_similarity""}"
2026-02-16T21:36:25.086472,SCENE-002,SCENE-002-SHOT-002,CRITIC_QA,FAIL,0.00,"{""score"": ""0.35"", ""reason"": ""semantic_drift"", ""method"": ""semantic_similarity""}"
2026-02-16T21:36:25.100876,SCENE-003,SCENE-003-SHOT-001,CRITIC_QA,PASS,0.00,"{""score"": ""0.56"", ""method"": ""semantic_similarity""}"
2026-02-16T21:36:25.120234,SCENE-003,SCENE-003-SHOT-002,CRITIC_QA,PASS,0.00,"{""score"": ""0.56"", ""method"": ""semantic_similarity""}"
2026-02-16T21:36:25.654636,SCENE-001,SCENE-001-SHOT-001,IMAGE_GEN,SUCCESS,533.18,"{""seed"": 2011861932}"
2026-02-16T21:36:26.661491,SCENE-001,SCENE-001-SHOT-001,VIDEO_GEN,SUCCESS,1006.52,"{""shot_type"": ""Wide"", ""lens"": ""24mm"", ""movement"": ""Slow Pan""}"
2026-02-16T21:36:27.190358,SCENE-002,SCENE-002-SHOT-001,IMAGE_GEN,SUCCESS,528.28,"{""seed"": 2142169240}"
2026-02-16T21:36:28.196970,SCENE-002,SCENE-002-SHOT-001,VIDEO_GEN,SUCCESS,1006.27,"{""shot_type"": ""Wide"", ""lens"": ""35mm"", ""movement"": ""Tracking""}"
2026-02-16T21:36:28.731433,SCENE-002,SCENE-002-SHOT-002,IMAGE_GEN,SUCCESS,533.90,"{""seed"": 1417424982}"
2026-02-16T21:36:29.738061,SCENE-002,SCENE-002-SHOT-002,VIDEO_GEN,SUCCESS,1006.37,"{""shot_type"": ""Medium"", ""lens"": ""35mm"", ""movement"": ""Tracking""}"
2026-02-16T21:36:30.263006,SCENE-003,SCENE-003-SHOT-001,IMAGE_GEN,SUCCESS,524.40,"{""seed"": 1313308739}"
2026-02-16T21:36:31.269973,SCENE-003,SCENE-003-SHOT-001,VIDEO_GEN,SUCCESS,1006.68,"{""shot_type"": ""Wide"", ""lens"": ""35mm"", ""movement"": ""Tracking""}"
2026-02-16T21:36:31.802329,SCENE-003,SCENE-003-SHOT-002,IMAGE_GEN,SUCCESS,531.77,"{""seed"": 1828254429}"
2026-02-16T21:36:32.808426,SCENE-003,SCENE-003-SHOT-002,VIDEO_GEN,SUCCESS,1005.76,"{""shot_type"": ""Medium"", ""lens"": ""35mm"", ""movement"": ""Tracking""}"
2026-02-16T21:36:32.858770,SCENE-001,SCENE-001-SHOT-001,CRITIC_QA,FAIL,0.00,"{""score"": ""0.32"", ""reason"": ""semantic_drift"", ""method"": ""semantic_similarity""}"
2026-02-16T21:36:32.875902,SCENE-002,SCENE-002-SHOT-001,CRITIC_QA,FAIL,0.00,"{""score"": ""0.35"", ""reason"": ""semantic_drift"", ""method"": ""semantic_similarity""}"
2026-02-16T21:36:32.891307,SCENE-002,SCENE-002-SHOT-002,CRITIC_QA,FAIL,0.00,"{""score"": ""0.35"", ""reason"": ""semantic_drift"", ""method"": ""semantic_similarity""}"
2026-02-16T21:36:32.907227,SCENE-003,SCENE-003-SHOT-001,CRITIC_QA,PASS,0.00,"{""score"": ""0.56"", ""method"": ""semantic_similarity""}"
2026-02-16T21:36:32.922738,SCENE-003,SCENE-003-SHOT-002,CRITIC_QA,PASS,0.00,"{""score"": ""0.56"", ""method"": ""semantic_similarity""}"
2026-02-16T21:36:33.460648,SCENE-001,SCENE-001-SHOT-001,IMAGE_GEN,SUCCESS,536.44,"{""seed"": 2011861932}"
2026-02-16T21:36:34.461808,SCENE-001,SCENE-001-SHOT-001,VIDEO_GEN,SUCCESS,1000.82,"{""shot_type"": ""Wide"", ""lens"": ""24mm"", ""movement"": ""Slow Pan""}"
2026-02-16T21:36:34.993932,SCENE-002,SCENE-002-SHOT-001,IMAGE_GEN,SUCCESS,531.92,"{""seed"": 2142169240}"
2026-02-16T21:36:36.000630,SCENE-002,SCENE-002-SHOT-001,VIDEO_GEN,SUCCESS,1006.37,"{""shot_type"": ""Wide"", ""lens"": ""35mm"", ""movement"": ""Tracking""}"
2026-02-16T21:36:36.529743,SCENE-002,SCENE-002-SHOT-002,IMAGE_GEN,SUCCESS,528.53,"{""seed"": 1417424982}"
2026-02-16T21:36:37.536392,SCENE-002,SCENE-002-SHOT-002,VIDEO_GEN,SUCCESS,1006.35,"{""shot_type"": ""Medium"", ""lens"": ""35mm"", ""movement"": ""Tracking""}"
2026-02-16T21:36:38.062747,SCENE-003,SCENE-003-SHOT-001,IMAGE_GEN,SUCCESS,525.81,"{""seed"": 1313308739}"
2026-02-16T21:36:39.069424,SCENE-003,SCENE-003-SHOT-001,VIDEO_GEN,SUCCESS,1006.36,"{""shot_type"": ""Wide"", ""lens"": ""35mm"", ""movement"": ""Tracking""}"
2026-02-16T21:36:39.594093,SCENE-003,SCENE-003-SHOT-002,IMAGE_GEN,SUCCESS,524.06,"{""seed"": 1828254429}"
2026-02-16T21:36:40.600660,SCENE-003,SCENE-003-SHOT-002,VIDEO_GEN,SUCCESS,1006.33,"{""shot_type"": ""Medium"", ""lens"": ""35mm"", ""movement"": ""Tracking""}"
2026-02-16T21:36:40.659002,SCENE-001,SCENE-001-SHOT-001,CRITIC_QA,FAIL,0.00,"{""score"": ""0.32"", ""reason"": ""semantic_drift"", ""method"": ""semantic_similarity""}"
2026-02-16T21:36:40.674787,SCENE-002,SCENE-002-SHOT-001,CRITIC_QA,FAIL,0.00,"{""score"": ""0.35"", ""reason"": ""semantic_drift"", ""method"": ""semantic_similarity""}"
2026-02-16T21:36:40.692330,SCENE-002,SCENE-002-SHOT-002,CRITIC_QA,FAIL,0.00,"{""score"": ""0.35"", ""reason"": ""semantic_drift"", ""method"": ""semantic_similarity""}"
2026-02-16T21:36:40.730280,SCENE-003,SCENE-003-SHOT-001,CRITIC_QA,PASS,0.00,"{""score"": ""0.56"", ""method"": ""semantic_similarity""}"
2026-02-16T21:36:40.752017,SCENE-003,SCENE-003-SHOT-002,CRITIC_QA,PASS,0.00,"{""score"": ""0.56"", ""method"": ""semantic_similarity""}"
2026-02-16T21:36:41.286395,SCENE-001,SCENE-001-SHOT-001,IMAGE_GEN,SUCCESS,533.24,"{""seed"": 2011861932}"
2026-02-16T21:36:42.293207,SCENE-001,SCENE-001-SHOT-001,VIDEO_GEN,SUCCESS,1006.46,"{""shot_type"": ""Wide"", ""lens"": ""24mm"", ""movement"": ""Slow Pan""}"
2026-02-16T21:36:42.824696,SCENE-002,SCENE-002-SHOT-001,IMAGE_GEN,SUCCESS,530.91,"{""seed"": 2142169240}"
2026-02-16T21:36:43.831305,SCENE-002,SCENE-002-SHOT-001,VIDEO_GEN,SUCCESS,1006.31,"{""shot_type"": ""Wide"", ""lens"": ""35mm"", ""movement"": ""Tracking""}"
2026-02-16T21:36:44.359181,SCENE-002,SCENE-002-SHOT-002,IMAGE_GEN,SUCCESS,527.31,"{""seed"": 1417424982}"
2026-02-16T21:36:45.365919,SCENE-002,SCENE-002-SHOT-002,VIDEO_GEN,SUCCESS,1006.46,"{""shot_type"": ""Medium"", ""lens"": ""35mm"", ""movement"": ""Tracking""}"
2026-02-16T21:36:45.898517,SCENE-003,SCENE-003-SHOT-001,IMAGE_GEN,SUCCESS,532.00,"{""seed"": 1313308739}"
2026-02-16T21:36:46.904129,SCENE-003,SCENE-003-SHOT-001,VIDEO_GEN,SUCCESS,1005.34,"{""shot_type"": ""Wide"", ""lens"": ""35mm"", ""movement"": ""Tracking""}"
2026-02-16T21:36:47.433676,SCENE-003,SCENE-003-SHOT-002,IMAGE_GEN,SUCCESS,529.26,"{""seed"": 1828254429}"
2026-02-16T21:36:48.440386,SCENE-003,SCENE-003-SHOT-002,VIDEO_GEN,SUCCESS,1006.47,"{""shot_type"": ""Medium"", ""lens"": ""35mm"", ""movement"": ""Tracking""}"
2026-02-16T21:36:48.530387,SCENE-001,SCENE-001-SHOT-001,CRITIC_QA,FAIL,0.00,"{""score"": ""0.32"", ""reason"": ""semantic_drift"", ""method"": ""semantic_similarity""}"
2026-02-16T21:36:48.547434,SCENE-002,SCENE-002-SHOT-001,CRITIC_QA,FAIL,0.00,"{""score"": ""0.35"", ""reason"": ""semantic_drift"", ""method"": ""semantic_similarity""}"
2026-02-16T21:36:48.569200,SCENE-002,SCENE-002-SHOT-002,CRITIC_QA,FAIL,0.00,"{""score"": ""0.35"", ""reason"": ""semantic_drift"", ""method"": ""semantic_similarity""}"
2026-02-16T21:36:48.586801,SCENE-003,SCENE-003-SHOT-001,CRITIC_QA,PASS,0.00,"{""score"": ""0.56"", ""method"": ""semantic_similarity""}"
2026-02-16T21:36:48.609472,SCENE-003,SCENE-003-SHOT-002,CRITIC_QA,PASS,0.00,"{""score"": ""0.56"", ""method"": ""semantic_similarity""}"
2026-02-16T21:36:49.149953,SCENE-001,SCENE-001-SHOT-001,IMAGE_GEN,SUCCESS,538.46,"{""seed"": 2011861932}"
2026-02-16T21:36:50.161442,SCENE-001,SCENE-001-SHOT-001,VIDEO_GEN,SUCCESS,1011.21,"{""shot_type"": ""Wide"", ""lens"": ""24mm"", ""movement"": ""Slow Pan""}"
2026-02-16T21:36:50.698903,SCENE-002,SCENE-002-SHOT-001,IMAGE_GEN,SUCCESS,536.53,"{""seed"": 2142169240}"
2026-02-16T21:36:51.710409,SCENE-002,SCENE-002-SHOT-001,VIDEO_GEN,SUCCESS,1011.23,"{""shot_type"": ""Wide"", ""lens"": ""35mm"", ""movement"": ""Tracking""}"
2026-02-16T21:36:52.246835,SCENE-002,SCENE-002-SHOT-002,IMAGE_GEN,SUCCESS,535.80,"{""seed"": 1417424982}"
2026-02-16T21:36:53.258292,SCENE-002,SCENE-002-SHOT-002,VIDEO_GEN,SUCCESS,1011.17,"{""shot_type"": ""Medium"", ""lens"": ""35mm"", ""movement"": ""Tracking""}"
2026-02-16T21:36:53.790190,SCENE-003,SCENE-003-SHOT-001,IMAGE_GEN,SUCCESS,531.35,"{""seed"": 1313308739}"
2026-02-16T21:36:54.801690,SCENE-003,SCENE-003-SHOT-001,VIDEO_GEN,SUCCESS,1011.18,"{""shot_type"": ""Wide"", ""lens"": ""35mm"", ""movement"": ""Tracking""}"
2026-02-16T21:36:55.333042,SCENE-003,SCENE-003-SHOT-002,IMAGE_GEN,SUCCESS,530.77,"{""seed"": 1828254429}"
2026-02-16T21:36:56.344692,SCENE-003,SCENE-003-SHOT-002,VIDEO_GEN,SUCCESS,1011.35,"{""shot_type"": ""Medium"", ""lens"": ""35mm"", ""movement"": ""Tracking""}"
2026-02-16T21:36:56.412125,SCENE-001,SCENE-001-SHOT-001,CRITIC_QA,FAIL,0.00,"{""score"": ""0.32"", ""reason"": ""semantic_drift"", ""method"": ""semantic_similarity""}"
2026-02-16T21:36:56.432169,SCENE-002,SCENE-002-SHOT-001,CRITIC_QA,FAIL,0.00,"{""score"": ""0.35"", ""reason"": ""semantic_drift"", ""method"": ""semantic_similarity""}"
2026-02-16T21:36:56.446812,SCENE-002,SCENE-002-SHOT-002,CRITIC_QA,FAIL,0.00,"{""score"": ""0.35"", ""reason"": ""semantic_drift"", ""method"": ""semantic_similarity""}"
2026-02-16T21:36:56.465374,SCENE-003,SCENE-003-SHOT-001,CRITIC_QA,PASS,0.00,"{""score"": ""0.56"", ""method"": ""semantic_similarity""}"
2026-02-16T21:36:56.479957,SCENE-003,SCENE-003-SHOT-002,CRITIC_QA,PASS,0.00,"{""score"": ""0.56"", ""method"": ""semantic_similarity""}"
2026-02-16T21:36:57.020001,SCENE-001,SCENE-001-SHOT-001,IMAGE_GEN,SUCCESS,538.80,"{""seed"": 2011861932}"
2026-02-16T21:36:58.032203,SCENE-001,SCENE-001-SHOT-001,VIDEO_GEN,SUCCESS,1011.95,"{""shot_type"": ""Wide"", ""lens"": ""24mm"", ""movement"": ""Slow Pan""}"
2026-02-16T21:36:58.569703,SCENE-002,SCENE-002-SHOT-001,IMAGE_GEN,SUCCESS,536.68,"{""seed"": 2142169240}"
2026-02-16T21:36:59.570858,SCENE-002,SCENE-002-SHOT-001,VIDEO_GEN,SUCCESS,1000.86,"{""shot_type"": ""Wide"", ""lens"": ""35mm"", ""movement"": ""Tracking""}"
2026-02-16T21:37:00.107592,SCENE-002,SCENE-002-SHOT-002,IMAGE_GEN,SUCCESS,536.56,"{""seed"": 1417424982}"
2026-02-16T21:37:01.118447,SCENE-002,SCENE-002-SHOT-002,VIDEO_GEN,SUCCESS,1010.57,"{""shot_type"": ""Medium"", ""lens"": ""35mm"", ""movement"": ""Tracking""}"
2026-02-16T21:37:01.655035,SCENE-003,SCENE-003-SHOT-001,IMAGE_GEN,SUCCESS,536.33,"{""seed"": 1313308739}"
2026-02-16T21:37:02.666448,SCENE-003,SCENE-003-SHOT-001,VIDEO_GEN,SUCCESS,1011.12,"{""shot_type"": ""Wide"", ""lens"": ""35mm"", ""movement"": ""Tracking""}"
2026-02-16T21:37:03.206446,SCENE-003,SCENE-003-SHOT-002,IMAGE_GEN,SUCCESS,536.36,"{""seed"": 1828254429}"
2026-02-16T21:37:04.217785,SCENE-003,SCENE-003-SHOT-002,VIDEO_GEN,SUCCESS,1011.06,"{""shot_type"": ""Medium"", ""lens"": ""35mm"", ""movement"": ""Tracking""}"
2026-02-16T21:37:04.312281,SCENE-001,SCENE-001-SHOT-001,CRITIC_QA,FAIL,0.00,"{""score"": ""0.32"", ""reason"": ""semantic_drift"", ""method"": ""semantic_similarity""}"
2026-02-16T21:37:04.326863,SCENE-002,SCENE-002-SHOT-001,CRITIC_QA,FAIL,0.00,"{""score"": ""0.35"", ""reason"": ""semantic_drift"", ""method"": ""semantic_similarity""}"
2026-02-16T21:37:04.340047,SCENE-002,SCENE-002-SHOT-002,CRITIC_QA,FAIL,0.00,"{""score"": ""0.35"", ""reason"": ""semantic_drift"", ""method"": ""semantic_similarity""}"
2026-02-16T21:37:04.353834,SCENE-003,SCENE-003-SHOT-001,CRITIC_QA,PASS,0.00,"{""score"": ""0.56"", ""method"": ""semantic_similarity""}"
2026-02-16T21:37:04.367492,SCENE-003,SCENE-003-SHOT-002,CRITIC_QA,PASS,0.00,"{""score"": ""0.56"", ""method"": ""semantic_similarity""}"
2026-02-16T21:37:04.907347,SCENE-001,SCENE-001-SHOT-001,IMAGE_GEN,SUCCESS,538.79,"{""seed"": 2011861932}"
2026-02-16T21:37:05.918685,SCENE-001,SCENE-001-SHOT-001,VIDEO_GEN,SUCCESS,1010.83,"{""shot_type"": ""Wide"", ""lens"": ""24mm"", ""movement"": ""Slow Pan""}"
2026-02-16T21:37:06.449926,SCENE-002,SCENE-002-SHOT-001,IMAGE_GEN,SUCCESS,530.92,"{""seed"": 2142169240}"
2026-02-16T21:37:07.452941,SCENE-002,SCENE-002-SHOT-001,VIDEO_GEN,SUCCESS,1002.75,"{""shot_type"": ""Wide"", ""lens"": ""35mm"", ""movement"": ""Tracking""}"
2026-02-16T21:37:07.989157,SCENE-002,SCENE-002-SHOT-002,IMAGE_GEN,SUCCESS,536.05,"{""seed"": 1417424982}"
2026-02-16T21:37:09.000676,SCENE-002,SCENE-002-SHOT-002,VIDEO_GEN,SUCCESS,1011.22,"{""shot_type"": ""Medium"", ""lens"": ""35mm"", ""movement"": ""Tracking""}"
2026-02-16T21:37:09.514827,SCENE-003,SCENE-003-SHOT-001,IMAGE_GEN,SUCCESS,513.62,"{""seed"": 1313308739}"
2026-02-16T21:37:10.526188,SCENE-003,SCENE-003-SHOT-001,VIDEO_GEN,SUCCESS,1011.20,"{""shot_type"": ""Wide"", ""lens"": ""35mm"", ""movement"": ""Tracking""}"
2026-02-16T21:37:11.060805,SCENE-003,SCENE-003-SHOT-002,IMAGE_GEN,SUCCESS,534.08,"{""seed"": 1828254429}"
2026-02-16T21:37:12.072039,SCENE-003,SCENE-003-SHOT-002,VIDEO_GEN,SUCCESS,1010.98,"{""shot_type"": ""Medium"", ""lens"": ""35mm"", ""movement"": ""Tracking""}"
2026-02-16T21:37:12.144097,SCENE-001,SCENE-001-SHOT-001,CRITIC_QA,FAIL,0.00,"{""score"": ""0.32"", ""reason"": ""semantic_drift"", ""method"": ""semantic_similarity""}"
2026-02-16T21:37:12.158915,SCENE-002,SCENE-002-SHOT-001,CRITIC_QA,FAIL,0.00,"{""score"": ""0.35"", ""reason"": ""semantic_drift"", ""method"": ""semantic_similarity""}"
2026-02-16T21:37:12.172221,SCENE-002,SCENE-002-SHOT-002,CRITIC_QA,FAIL,0.00,"{""score"": ""0.35"", ""reason"": ""semantic_drift"", ""method"": ""semantic_similarity""}"
2026-02-16T21:37:12.186265,SCENE-003,SCENE-003-SHOT-001,CRITIC_QA,PASS,0.00,"{""score"": ""0.56"", ""method"": ""semantic_similarity""}"
2026-02-16T21:37:12.200199,SCENE-003,SCENE-003-SHOT-002,CRITIC_QA,PASS,0.00,"{""score"": ""0.56"", ""method"": ""semantic_similarity""}"
2026-02-16T21:37:12.739693,SCENE-001,SCENE-001-SHOT-001,IMAGE_GEN,SUCCESS,538.43,"{""seed"": 2011861932}"
2026-02-16T21:37:13.751360,SCENE-001,SCENE-001-SHOT-001,VIDEO_GEN,SUCCESS,1011.45,"{""shot_type"": ""Wide"", ""lens"": ""24mm"", ""movement"": ""Slow Pan""}"
2026-02-16T21:37:14.282457,SCENE-002,SCENE-002-SHOT-001,IMAGE_GEN,SUCCESS,530.51,"{""seed"": 2142169240}"
2026-02-16T21:37:15.294076,SCENE-002,SCENE-002-SHOT-001,VIDEO_GEN,SUCCESS,1011.29,"{""shot_type"": ""Wide"", ""lens"": ""35mm"", ""movement"": ""Tracking""}"
2026-02-16T21:37:15.819417,SCENE-002,SCENE-002-SHOT-002,IMAGE_GEN,SUCCESS,524.82,"{""seed"": 1417424982}"
2026-02-16T21:37:16.830640,SCENE-002,SCENE-002-SHOT-002,VIDEO_GEN,SUCCESS,1010.94,"{""shot_type"": ""Medium"", ""lens"": ""35mm"", ""movement"": ""Tracking""}"
2026-02-16T21:37:17.361392,SCENE-003,SCENE-003-SHOT-001,IMAGE_GEN,SUCCESS,530.30,"{""seed"": 1313308739}"
2026-02-16T21:37:18.372866,SCENE-003,SCENE-003-SHOT-001,VIDEO_GEN,SUCCESS,1011.23,"{""shot_type"": ""Wide"", ""lens"": ""35mm"", ""movement"": ""Tracking""}"
2026-02-16T21:37:18.900846,SCENE-003,SCENE-003-SHOT-002,IMAGE_GEN,SUCCESS,527.46,"{""seed"": 1828254429}"
2026-02-16T21:37:19.912524,SCENE-003,SCENE-003-SHOT-002,VIDEO_GEN,SUCCESS,1011.41,"{""shot_type"": ""Medium"", ""lens"": ""35mm"", ""movement"": ""Tracking""}"
2026-02-16T21:37:19.976312,SCENE-001,SCENE-001-SHOT-001,CRITIC_QA,FAIL,0.00,"{""score"": ""0.32"", ""reason"": ""semantic_drift"", ""method"": ""semantic_similarity""}"
2026-02-16T21:37:19.991126,SCENE-002,SCENE-002-SHOT-001,CRITIC_QA,FAIL,0.00,"{""score"": ""0.35"", ""reason"": ""semantic_drift"", ""method"": ""semantic_similarity""}"
2026-02-16T21:37:20.004803,SCENE-002,SCENE-002-SHOT-002,CRITIC_QA,FAIL,0.00,"{""score"": ""0.35"", ""reason"": ""semantic_drift"", ""method"": ""semantic_similarity""}"
2026-02-16T21:37:20.019224,SCENE-003,SCENE-003-SHOT-001,CRITIC_QA,PASS,0.00,"{""score"": ""0.56"", ""method"": ""semantic_similarity""}"
2026-02-16T21:37:20.033381,SCENE-003,SCENE-003-SHOT-002,CRITIC_QA,PASS,0.00,"{""score"": ""0.56"", ""method"": ""semantic_similarity""}"
2026-02-16T21:37:20.575233,SCENE-001,SCENE-001-SHOT-001,IMAGE_GEN,SUCCESS,540.70,"{""seed"": 2011861932}"
2026-02-16T21:37:21.586736,SCENE-001,SCENE-001-SHOT-001,VIDEO_GEN,SUCCESS,1011.19,"{""shot_type"": ""Wide"", ""lens"": ""24mm"", ""movement"": ""Slow Pan""}"
2026-02-16T21:37:22.123899,SCENE-002,SCENE-002-SHOT-001,IMAGE_GEN,SUCCESS,536.64,"{""seed"": 2142169240}"
2026-02-16T21:37:23.135550,SCENE-002,SCENE-002-SHOT-001,VIDEO_GEN,SUCCESS,1011.38,"{""shot_type"": ""Wide"", ""lens"": ""35mm"", ""movement"": ""Tracking""}"
2026-02-16T21:37:23.666695,SCENE-002,SCENE-002-SHOT-002,IMAGE_GEN,SUCCESS,530.41,"{""seed"": 1417424982}"
2026-02-16T21:37:24.678222,SCENE-002,SCENE-002-SHOT-002,VIDEO_GEN,SUCCESS,1011.24,"{""shot_type"": ""Medium"", ""lens"": ""35mm"", ""movement"": ""Tracking""}"
2026-02-16T21:37:25.211840,SCENE-003,SCENE-003-SHOT-001,IMAGE_GEN,SUCCESS,533.08,"{""seed"": 1313308739}"
2026-02-16T21:37:26.223218,SCENE-003,SCENE-003-SHOT-001,VIDEO_GEN,SUCCESS,1011.11,"{""shot_type"": ""Wide"", ""lens"": ""35mm"", ""movement"": ""Tracking""}"
2026-02-16T21:37:26.748918,SCENE-003,SCENE-003-SHOT-002,IMAGE_GEN,SUCCESS,525.24,"{""seed"": 1828254429}"
2026-02-16T21:37:27.760487,SCENE-003,SCENE-003-SHOT-002,VIDEO_GEN,SUCCESS,1011.32,"{""shot_type"": ""Medium"", ""lens"": ""35mm"", ""movement"": ""Tracking""}"
2026-02-16T21:37:27.819400,SCENE-001,SCENE-001-SHOT-001,CRITIC_QA,FAIL,0.00,"{""score"": ""0.32"", ""reason"": ""semantic_drift"", ""method"": ""semantic_similarity""}"
2026-02-16T21:37:27.835100,SCENE-002,SCENE-002-SHOT-001,CRITIC_QA,FAIL,0.00,"{""score"": ""0.35"", ""reason"": ""semantic_drift"", ""method"": ""semantic_similarity""}"
2026-02-16T21:37:27.849416,SCENE-002,SCENE-002-SHOT-002,CRITIC_QA,FAIL,0.00,"{""score"": ""0.35"", ""reason"": ""semantic_drift"", ""method"": ""semantic_similarity""}"
2026-02-16T21:37:27.864137,SCENE-003,SCENE-003-SHOT-001,CRITIC_QA,PASS,0.00,"{""score"": ""0.56"", ""method"": ""semantic_similarity""}"
2026-02-16T21:37:27.878609,SCENE-003,SCENE-003-SHOT-002,CRITIC_QA,PASS,0.00,"{""score"": ""0.56"", ""method"": ""semantic_similarity""}"
2026-02-16T21:37:28.414487,SCENE-001,SCENE-001-SHOT-001,IMAGE_GEN,SUCCESS,534.64,"{""seed"": 2011861932}"
2026-02-16T21:37:29.426212,SCENE-001,SCENE-001-SHOT-001,VIDEO_GEN,SUCCESS,1011.49,"{""shot_type"": ""Wide"", ""lens"": ""24mm"", ""movement"": ""Slow Pan""}"
2026-02-16T21:37:29.957608,SCENE-002,SCENE-002-SHOT-001,IMAGE_GEN,SUCCESS,530.84,"{""seed"": 2142169240}"
2026-02-16T21:37:30.969219,SCENE-002,SCENE-002-SHOT-001,VIDEO_GEN,SUCCESS,1011.35,"{""shot_type"": ""Wide"", ""lens"": ""35mm"", ""movement"": ""Tracking""}"
2026-02-16T21:37:31.499955,SCENE-002,SCENE-002-SHOT-002,IMAGE_GEN,SUCCESS,530.15,"{""seed"": 1417424982}"
2026-02-16T21:37:32.511285,SCENE-002,SCENE-002-SHOT-002,VIDEO_GEN,SUCCESS,1011.02,"{""shot_type"": ""Medium"", ""lens"": ""35mm"", ""movement"": ""Tracking""}"
2026-02-16T21:37:33.043048,SCENE-003,SCENE-003-SHOT-001,IMAGE_GEN,SUCCESS,531.33,"{""seed"": 1313308739}"
2026-02-16T21:37:34.054472,SCENE-003,SCENE-003-SHOT-001,VIDEO_GEN,SUCCESS,1011.17,"{""shot_type"": ""Wide"", ""lens"": ""35mm"", ""movement"": ""Tracking""}"
2026-02-16T21:37:34.571583,SCENE-003,SCENE-003-SHOT-002,IMAGE_GEN,SUCCESS,516.63,"{""seed"": 1828254429}"
2026-02-16T21:37:35.583040,SCENE-003,SCENE-003-SHOT-002,VIDEO_GEN,SUCCESS,1011.27,"{""shot_type"": ""Medium"", ""lens"": ""35mm"", ""movement"": ""Tracking""}"
2026-02-16T21:37:35.644166,SCENE-001,SCENE-001-SHOT-001,CRITIC_QA,FAIL,0.00,"{""score"": ""0.32"", ""reason"": ""semantic_drift"", ""method"": ""semantic_similarity""}"
2026-02-16T21:37:35.660046,SCENE-002,SCENE-002-SHOT-001,CRITIC_QA,FAIL,0.00,"{""score"": ""0.35"", ""reason"": ""semantic_drift"", ""method"": ""semantic_similarity""}"
2026-02-16T21:37:35.674412,SCENE-002,SCENE-002-SHOT-002,CRITIC_QA,FAIL,0.00,"{""score"": ""0.35"", ""reason"": ""semantic_drift"", ""method"": ""semantic_similarity""}"
2026-02-16T21:37:35.689319,SCENE-003,SCENE-003-SHOT-001,CRITIC_QA,PASS,0.00,"{""score"": ""0.56"", ""method"": ""semantic_similarity""}"
2026-02-16T21:37:35.704089,SCENE-003,SCENE-003-SHOT-002,CRITIC_QA,PASS,0.00,"{""score"": ""0.56"", ""method"": ""semantic_similarity""}"
2026-02-16T21:37:36.240630,SCENE-001,SCENE-001-SHOT-001,IMAGE_GEN,SUCCESS,535.27,"{""seed"": 2011861932}"
2026-02-16T21:37:37.252170,SCENE-001,SCENE-001-SHOT-001,VIDEO_GEN,SUCCESS,1011.30,"{""shot_type"": ""Wide"", ""lens"": ""24mm"", ""movement"": ""Slow Pan""}"
2026-02-16T21:37:37.781171,SCENE-002,SCENE-002-SHOT-001,IMAGE_GEN,SUCCESS,528.48,"{""seed"": 2142169240}"
2026-02-16T21:37:38.792563,SCENE-002,SCENE-002-SHOT-001,VIDEO_GEN,SUCCESS,1011.11,"{""shot_type"": ""Wide"", ""lens"": ""35mm"", ""movement"": ""Tracking""}"
2026-02-16T21:37:39.318992,SCENE-002,SCENE-002-SHOT-002,IMAGE_GEN,SUCCESS,525.96,"{""seed"": 1417424982}"
2026-02-16T21:37:40.330600,SCENE-002,SCENE-002-SHOT-002,VIDEO_GEN,SUCCESS,1011.30,"{""shot_type"": ""Medium"", ""lens"": ""35mm"", ""movement"": ""Tracking""}"
2026-02-16T21:37:40.861105,SCENE-003,SCENE-003-SHOT-001,IMAGE_GEN,SUCCESS,529.92,"{""seed"": 1313308739}"
2026-02-16T21:37:41.872472,SCENE-003,SCENE-003-SHOT-001,VIDEO_GEN,SUCCESS,1011.05,"{""shot_type"": ""Wide"", ""lens"": ""35mm"", ""movement"": ""Tracking""}"
2026-02-16T21:37:42.403500,SCENE-003,SCENE-003-SHOT-002,IMAGE_GEN,SUCCESS,530.58,"{""seed"": 1828254429}"
2026-02-16T21:37:43.414806,SCENE-003,SCENE-003-SHOT-002,VIDEO_GEN,SUCCESS,1011.08,"{""shot_type"": ""Medium"", ""lens"": ""35mm"", ""movement"": ""Tracking""}"
2026-02-16T21:37:43.476815,SCENE-001,SCENE-001-SHOT-001,CRITIC_QA,FAIL,0.00,"{""score"": ""0.32"", ""reason"": ""semantic_drift"", ""method"": ""semantic_similarity""}"
2026-02-16T21:37:43.492458,SCENE-002,SCENE-002-SHOT-001,CRITIC_QA,FAIL,0.00,"{""score"": ""0.35"", ""reason"": ""semantic_drift"", ""method"": ""semantic_similarity""}"
2026-02-16T21:37:43.506302,SCENE-002,SCENE-002-SHOT-002,CRITIC_QA,FAIL,0.00,"{""score"": ""0.35"", ""reason"": ""semantic_drift"", ""method"": ""semantic_similarity""}"
2026-02-16T21:37:43.520793,SCENE-003,SCENE-003-SHOT-001,CRITIC_QA,PASS,0.00,"{""score"": ""0.56"", ""method"": ""semantic_similarity""}"
2026-02-16T21:37:43.535299,SCENE-003,SCENE-003-SHOT-002,CRITIC_QA,PASS,0.00,"{""score"": ""0.56"", ""method"": ""semantic_similarity""}"
2026-02-16T21:37:44.072936,SCENE-001,SCENE-001-SHOT-001,IMAGE_GEN,SUCCESS,536.44,"{""seed"": 2011861932}"
2026-02-16T21:37:45.084545,SCENE-001,SCENE-001-SHOT-001,VIDEO_GEN,SUCCESS,1011.36,"{""shot_type"": ""Wide"", ""lens"": ""24mm"", ""movement"": ""Slow Pan""}"
2026-02-16T21:37:45.618239,SCENE-002,SCENE-002-SHOT-001,IMAGE_GEN,SUCCESS,533.11,"{""seed"": 2142169240}"
2026-02-16T21:37:46.630150,SCENE-002,SCENE-002-SHOT-001,VIDEO_GEN,SUCCESS,1011.63,"{""shot_type"": ""Wide"", ""lens"": ""35mm"", ""movement"": ""Tracking""}"
2026-02-16T21:37:47.156101,SCENE-002,SCENE-002-SHOT-002,IMAGE_GEN,SUCCESS,525.37,"{""seed"": 1417424982}"
2026-02-16T21:37:48.167664,SCENE-002,SCENE-002-SHOT-002,VIDEO_GEN,SUCCESS,1011.25,"{""shot_type"": ""Medium"", ""lens"": ""35mm"", ""movement"": ""Tracking""}"
2026-02-16T21:37:48.703099,SCENE-003,SCENE-003-SHOT-001,IMAGE_GEN,SUCCESS,534.91,"{""seed"": 1313308739}"
2026-02-16T21:37:49.714793,SCENE-003,SCENE-003-SHOT-001,VIDEO_GEN,SUCCESS,1011.45,"{""shot_type"": ""Wide"", ""lens"": ""35mm"", ""movement"": ""Tracking""}"
2026-02-16T21:37:50.247480,SCENE-003,SCENE-003-SHOT-002,IMAGE_GEN,SUCCESS,532.09,"{""seed"": 1828254429}"
2026-02-16T21:37:51.258933,SCENE-003,SCENE-003-SHOT-002,VIDEO_GEN,SUCCESS,1011.21,"{""shot_type"": ""Medium"", ""lens"": ""35mm"", ""movement"": ""Tracking""}"
2026-02-16T21:37:51.319210,SCENE-001,SCENE-001-SHOT-001,CRITIC_QA,FAIL,0.00,"{""score"": ""0.32"", ""reason"": ""semantic_drift"", ""method"": ""semantic_similarity""}"
2026-02-16T21:37:51.335040,SCENE-002,SCENE-002-SHOT-001,CRITIC_QA,FAIL,0.00,"{""score"": ""0.35"", ""reason"": ""semantic_drift"", ""method"": ""semantic_similarity""}"
2026-02-16T21:37:51.349458,SCENE-002,SCENE-002-SHOT-002,CRITIC_QA,FAIL,0.00,"{""score"": ""0.35"", ""reason"": ""semantic_drift"", ""method"": ""semantic_similarity""}"
2026-02-16T21:37:51.364506,SCENE-003,SCENE-003-SHOT-001,CRITIC_QA,PASS,0.00,"{""score"": ""0.56"", ""method"": ""semantic_similarity""}"
2026-02-16T21:37:51.379261,SCENE-003,SCENE-003-SHOT-002,CRITIC_QA,PASS,0.00,"{""score"": ""0.56"", ""method"": ""semantic_similarity""}"
2026-02-16T21:37:51.914249,SCENE-001,SCENE-001-SHOT-001,IMAGE_GEN,SUCCESS,533.74,"{""seed"": 2011861932}"
2026-02-16T21:37:52.925587,SCENE-001,SCENE-001-SHOT-001,VIDEO_GEN,SUCCESS,1011.14,"{""shot_type"": ""Wide"", ""lens"": ""24mm"", ""movement"": ""Slow Pan""}"
2026-02-16T21:37:53.458351,SCENE-002,SCENE-002-SHOT-001,IMAGE_GEN,SUCCESS,532.29,"{""seed"": 2142169240}"
2026-02-16T21:37:54.469862,SCENE-002,SCENE-002-SHOT-001,VIDEO_GEN,SUCCESS,1011.28,"{""shot_type"": ""Wide"", ""lens"": ""35mm"", ""movement"": ""Tracking""}"
2026-02-16T21:37:55.003024,SCENE-002,SCENE-002-SHOT-002,IMAGE_GEN,SUCCESS,532.59,"{""seed"": 1417424982}"
2026-02-16T21:37:56.014418,SCENE-002,SCENE-002-SHOT-002,VIDEO_GEN,SUCCESS,1011.14,"{""shot_type"": ""Medium"", ""lens"": ""35mm"", ""movement"": ""Tracking""}"
2026-02-16T21:37:56.540290,SCENE-003,SCENE-003-SHOT-001,IMAGE_GEN,SUCCESS,525.38,"{""seed"": 1313308739}"
2026-02-16T21:37:57.551710,SCENE-003,SCENE-003-SHOT-001,VIDEO_GEN,SUCCESS,1011.19,"{""shot_type"": ""Wide"", ""lens"": ""35mm"", ""movement"": ""Tracking""}"
2026-02-16T21:37:58.080591,SCENE-003,SCENE-003-SHOT-002,IMAGE_GEN,SUCCESS,528.40,"{""seed"": 1828254429}"
2026-02-16T21:37:59.092376,SCENE-003,SCENE-003-SHOT-002,VIDEO_GEN,SUCCESS,1011.32,"{""shot_type"": ""Medium"", ""lens"": ""35mm"", ""movement"": ""Tracking""}"
2026-02-16T21:37:59.162141,SCENE-001,SCENE-001-SHOT-001,CRITIC_QA,FAIL,0.00,"{""score"": ""0.32"", ""reason"": ""semantic_drift"", ""method"": ""semantic_similarity""}"
2026-02-16T21:37:59.177850,SCENE-002,SCENE-002-SHOT-001,CRITIC_QA,FAIL,0.00,"{""score"": ""0.35"", ""reason"": ""semantic_drift"", ""method"": ""semantic_similarity""}"
2026-02-16T21:37:59.191550,SCENE-002,SCENE-002-SHOT-002,CRITIC_QA,FAIL,0.00,"{""score"": ""0.35"", ""reason"": ""semantic_drift"", ""method"": ""semantic_similarity""}"
2026-02-16T21:37:59.206209,SCENE-003,SCENE-003-SHOT-001,CRITIC_QA,PASS,0.00,"{""score"": ""0.56"", ""method"": ""semantic_similarity""}"
2026-02-16T21:37:59.220598,SCENE-003,SCENE-003-SHOT-002,CRITIC_QA,PASS,0.00,"{""score"": ""0.56"", ""method"": ""semantic_similarity""}"
2026-02-16T21:37:59.756232,SCENE-001,SCENE-001-SHOT-001,IMAGE_GEN,SUCCESS,534.27,"{""seed"": 2011861932}"
2026-02-16T21:38:00.768015,SCENE-001,SCENE-001-SHOT-001,VIDEO_GEN,SUCCESS,1011.44,"{""shot_type"": ""Wide"", ""lens"": ""24mm"", ""movement"": ""Slow Pan""}"
2026-02-16T21:38:01.300946,SCENE-002,SCENE-002-SHOT-001,IMAGE_GEN,SUCCESS,532.38,"{""seed"": 2142169240}"
2026-02-16T21:38:02.312351,SCENE-002,SCENE-002-SHOT-001,VIDEO_GEN,SUCCESS,1011.13,"{""shot_type"": ""Wide"", ""lens"": ""35mm"", ""movement"": ""Tracking""}"
2026-02-16T21:38:02.839047,SCENE-002,SCENE-002-SHOT-002,IMAGE_GEN,SUCCESS,526.19,"{""seed"": 1417424982}"
2026-02-16T21:38:03.850493,SCENE-002,SCENE-002-SHOT-002,VIDEO_GEN,SUCCESS,1011.20,"{""shot_type"": ""Medium"", ""lens"": ""35mm"", ""movement"": ""Tracking""}"
2026-02-16T21:38:04.380317,SCENE-003,SCENE-003-SHOT-001,IMAGE_GEN,SUCCESS,529.31,"{""seed"": 1313308739}"
2026-02-16T21:38:05.392211,SCENE-003,SCENE-003-SHOT-001,VIDEO_GEN,SUCCESS,1011.59,"{""shot_type"": ""Wide"", ""lens"": ""35mm"", ""movement"": ""Tracking""}"
2026-02-16T21:38:05.928673,SCENE-003,SCENE-003-SHOT-002,IMAGE_GEN,SUCCESS,535.87,"{""seed"": 1828254429}"
2026-02-16T21:38:06.940090,SCENE-003,SCENE-003-SHOT-002,VIDEO_GEN,SUCCESS,1011.13,"{""shot_type"": ""Medium"", ""lens"": ""35mm"", ""movement"": ""Tracking""}"
2026-02-16T21:38:06.997213,SCENE-001,SCENE-001-SHOT-001,CRITIC_QA,FAIL,0.00,"{""score"": ""0.32"", ""reason"": ""semantic_drift"", ""method"": ""semantic_similarity""}"
2026-02-16T21:38:07.012408,SCENE-002,SCENE-002-SHOT-001,CRITIC_QA,FAIL,0.00,"{""score"": ""0.35"", ""reason"": ""semantic_drift"", ""method"": ""semantic_similarity""}"
2026-02-16T21:38:07.026401,SCENE-002,SCENE-002-SHOT-002,CRITIC_QA,FAIL,0.00,"{""score"": ""0.35"", ""reason"": ""semantic_drift"", ""method"": ""semantic_similarity""}"
2026-02-16T21:38:07.041048,SCENE-003,SCENE-003-SHOT-001,CRITIC_QA,PASS,0.00,"{""score"": ""0.56"", ""method"": ""semantic_similarity""}"
2026-02-16T21:38:07.055424,SCENE-003,SCENE-003-SHOT-002,CRITIC_QA,PASS,0.00,"{""score"": ""0.56"", ""method"": ""semantic_similarity""}"
2026-02-16T21:38:07.594058,SCENE-001,SCENE-001-SHOT-001,IMAGE_GEN,SUCCESS,537.48,"{""seed"": 2011861932}"
2026-02-16T21:38:08.605801,SCENE-001,SCENE-001-SHOT-001,VIDEO_GEN,SUCCESS,1011.51,"{""shot_type"": ""Wide"", ""lens"": ""24mm"", ""movement"": ""Slow Pan""}"
2026-02-16T21:38:09.135316,SCENE-002,SCENE-002-SHOT-001,IMAGE_GEN,SUCCESS,528.97,"{""seed"": 2142169240}"
2026-02-16T21:38:10.147026,SCENE-002,SCENE-002-SHOT-001,VIDEO_GEN,SUCCESS,1011.40,"{""shot_type"": ""Wide"", ""lens"": ""35mm"", ""movement"": ""Tracking""}"
2026-02-16T21:38:10.680960,SCENE-002,SCENE-002-SHOT-002,IMAGE_GEN,SUCCESS,533.37,"{""seed"": 1417424982}"
2026-02-16T21:38:11.692262,SCENE-002,SCENE-002-SHOT-002,VIDEO_GEN,SUCCESS,1011.04,"{""shot_type"": ""Medium"", ""lens"": ""35mm"", ""movement"": ""Tracking""}"
2026-02-16T21:38:12.222115,SCENE-003,SCENE-003-SHOT-001,IMAGE_GEN,SUCCESS,529.44,"{""seed"": 1313308739}"
2026-02-16T21:38:13.233580,SCENE-003,SCENE-003-SHOT-001,VIDEO_GEN,SUCCESS,1011.15,"{""shot_type"": ""Wide"", ""lens"": ""35mm"", ""movement"": ""Tracking""}"
2026-02-16T21:38:13.766699,SCENE-003,SCENE-003-SHOT-002,IMAGE_GEN,SUCCESS,532.65,"{""seed"": 1828254429}"
2026-02-16T21:38:14.778262,SCENE-003,SCENE-003-SHOT-002,VIDEO_GEN,SUCCESS,1011.32,"{""shot_type"": ""Medium"", ""lens"": ""35mm"", ""movement"": ""Tracking""}"
2026-02-16T21:38:14.835948,SCENE-001,SCENE-001-SHOT-001,CRITIC_QA,FAIL,0.00,"{""score"": ""0.32"", ""reason"": ""semantic_drift"", ""method"": ""semantic_similarity""}"
2026-02-16T21:38:14.851475,SCENE-002,SCENE-002-SHOT-001,CRITIC_QA,FAIL,0.00,"{""score"": ""0.35"", ""reason"": ""semantic_drift"", ""method"": ""semantic_similarity""}"
2026-02-16T21:38:14.865421,SCENE-002,SCENE-002-SHOT-002,CRITIC_QA,FAIL,0.00,"{""score"": ""0.35"", ""reason"": ""semantic_drift"", ""method"": ""semantic_similarity""}"
2026-02-16T21:38:14.880123,SCENE-003,SCENE-003-SHOT-001,CRITIC_QA,PASS,0.00,"{""score"": ""0.56"", ""method"": ""semantic_similarity""}"
2026-02-16T21:38:14.894654,SCENE-003,SCENE-003-SHOT-002,CRITIC_QA,PASS,0.00,"{""score"": ""0.56"", ""method"": ""semantic_similarity""}"
2026-02-16T21:38:15.430889,SCENE-001,SCENE-001-SHOT-001,IMAGE_GEN,SUCCESS,535.05,"{""seed"": 2011861932}"
2026-02-16T21:38:16.442557,SCENE-001,SCENE-001-SHOT-001,VIDEO_GEN,SUCCESS,1011.43,"{""shot_type"": ""Wide"", ""lens"": ""24mm"", ""movement"": ""Slow Pan""}"
2026-02-16T21:38:16.976015,SCENE-002,SCENE-002-SHOT-001,IMAGE_GEN,SUCCESS,532.85,"{""seed"": 2142169240}"
2026-02-16T21:38:17.987482,SCENE-002,SCENE-002-SHOT-001,VIDEO_GEN,SUCCESS,1011.15,"{""shot_type"": ""Wide"", ""lens"": ""35mm"", ""movement"": ""Tracking""}"
2026-02-16T21:38:18.525915,SCENE-002,SCENE-002-SHOT-002,IMAGE_GEN,SUCCESS,537.95,"{""seed"": 1417424982}"
2026-02-16T21:38:19.526998,SCENE-002,SCENE-002-SHOT-002,VIDEO_GEN,SUCCESS,1000.80,"{""shot_type"": ""Medium"", ""lens"": ""35mm"", ""movement"": ""Tracking""}"
2026-02-16T21:38:20.065687,SCENE-003,SCENE-003-SHOT-001,IMAGE_GEN,SUCCESS,538.47,"{""seed"": 1313308739}"
2026-02-16T21:38:21.077050,SCENE-003,SCENE-003-SHOT-001,VIDEO_GEN,SUCCESS,1011.09,"{""shot_type"": ""Wide"", ""lens"": ""35mm"", ""movement"": ""Tracking""}"
2026-02-16T21:38:21.605558,SCENE-003,SCENE-003-SHOT-002,IMAGE_GEN,SUCCESS,528.03,"{""seed"": 1828254429}"
2026-02-16T21:38:22.616773,SCENE-003,SCENE-003-SHOT-002,VIDEO_GEN,SUCCESS,1011.01,"{""shot_type"": ""Medium"", ""lens"": ""35mm"", ""movement"": ""Tracking""}"
2026-02-16T21:38:22.674034,SCENE-001,SCENE-001-SHOT-001,CRITIC_QA,FAIL,0.00,"{""score"": ""0.32"", ""reason"": ""semantic_drift"", ""method"": ""semantic_similarity""}"
2026-02-16T21:38:22.689569,SCENE-002,SCENE-002-SHOT-001,CRITIC_QA,FAIL,0.00,"{""score"": ""0.35"", ""reason"": ""semantic_drift"", ""method"": ""semantic_similarity""}"
2026-02-16T21:38:22.703751,SCENE-002,SCENE-002-SHOT-002,CRITIC_QA,FAIL,0.00,"{""score"": ""0.35"", ""reason"": ""semantic_drift"", ""method"": ""semantic_similarity""}"
2026-02-16T21:38:22.718096,SCENE-003,SCENE-003-SHOT-001,CRITIC_QA,PASS,0.00,"{""score"": ""0.56"", ""method"": ""semantic_similarity""}"
2026-02-16T21:38:22.732591,SCENE-003,SCENE-003-SHOT-002,CRITIC_QA,PASS,0.00,"{""score"": ""0.56"", ""method"": ""semantic_similarity""}"
2026-02-16T21:38:23.270840,SCENE-001,SCENE-001-SHOT-001,IMAGE_GEN,SUCCESS,537.08,"{""seed"": 2011861932}"
2026-02-16T21:38:24.282658,SCENE-001,SCENE-001-SHOT-001,VIDEO_GEN,SUCCESS,1011.46,"{""shot_type"": ""Wide"", ""lens"": ""24mm"", ""movement"": ""Slow Pan""}"
2026-02-16T21:38:24.810715,SCENE-002,SCENE-002-SHOT-001,IMAGE_GEN,SUCCESS,527.45,"{""seed"": 2142169240}"
2026-02-16T21:38:25.822152,SCENE-002,SCENE-002-SHOT-001,VIDEO_GEN,SUCCESS,1011.15,"{""shot_type"": ""Wide"", ""lens"": ""35mm"", ""movement"": ""Tracking""}"
2026-02-16T21:38:26.358161,SCENE-002,SCENE-002-SHOT-002,IMAGE_GEN,SUCCESS,535.53,"{""seed"": 1417424982}"
2026-02-16T21:38:27.369357,SCENE-002,SCENE-002-SHOT-002,VIDEO_GEN,SUCCESS,1010.98,"{""shot_type"": ""Medium"", ""lens"": ""35mm"", ""movement"": ""Tracking""}"
2026-02-16T21:38:27.898129,SCENE-003,SCENE-003-SHOT-001,IMAGE_GEN,SUCCESS,528.30,"{""seed"": 1313308739}"
2026-02-16T21:38:28.909750,SCENE-003,SCENE-003-SHOT-001,VIDEO_GEN,SUCCESS,1011.21,"{""shot_type"": ""Wide"", ""lens"": ""35mm"", ""movement"": ""Tracking""}"
2026-02-16T21:38:29.439345,SCENE-003,SCENE-003-SHOT-002,IMAGE_GEN,SUCCESS,529.05,"{""seed"": 1828254429}"
2026-02-16T21:38:30.450198,SCENE-003,SCENE-003-SHOT-002,VIDEO_GEN,SUCCESS,1010.59,"{""shot_type"": ""Medium"", ""lens"": ""35mm"", ""movement"": ""Tracking""}"
2026-02-16T21:38:30.513851,SCENE-001,SCENE-001-SHOT-001,CRITIC_QA,FAIL,0.00,"{""score"": ""0.32"", ""reason"": ""semantic_drift"", ""method"": ""semantic_similarity""}"
2026-02-16T21:38:30.529168,SCENE-002,SCENE-002-SHOT-001,CRITIC_QA,FAIL,0.00,"{""score"": ""0.35"", ""reason"": ""semantic_drift"", ""method"": ""semantic_similarity""}"
2026-02-16T21:38:30.543338,SCENE-002,SCENE-002-SHOT-002,CRITIC_QA,FAIL,0.00,"{""score"": ""0.35"", ""reason"": ""semantic_drift"", ""method"": ""semantic_similarity""}"
2026-02-16T21:38:30.558118,SCENE-003,SCENE-003-SHOT-001,CRITIC_QA,PASS,0.00,"{""score"": ""0.56"", ""method"": ""semantic_similarity""}"
2026-02-16T21:38:30.572568,SCENE-003,SCENE-003-SHOT-002,CRITIC_QA,PASS,0.00,"{""score"": ""0.56"", ""method"": ""semantic_similarity""}"
2026-02-16T21:38:31.107868,SCENE-001,SCENE-001-SHOT-001,IMAGE_GEN,SUCCESS,534.12,"{""seed"": 2011861932}"
2026-02-16T21:38:32.119475,SCENE-001,SCENE-001-SHOT-001,VIDEO_GEN,SUCCESS,1011.39,"{""shot_type"": ""Wide"", ""lens"": ""24mm"", ""movement"": ""Slow Pan""}"
2026-02-16T21:38:32.649687,SCENE-002,SCENE-002-SHOT-001,IMAGE_GEN,SUCCESS,529.63,"{""seed"": 2142169240}"
2026-02-16T21:38:33.661046,SCENE-002,SCENE-002-SHOT-001,VIDEO_GEN,SUCCESS,1011.05,"{""shot_type"": ""Wide"", ""lens"": ""35mm"", ""movement"": ""Tracking""}"
2026-02-16T21:38:34.188136,SCENE-002,SCENE-002-SHOT-002,IMAGE_GEN,SUCCESS,526.68,"{""seed"": 1417424982}"
2026-02-16T21:38:35.199675,SCENE-002,SCENE-002-SHOT-002,VIDEO_GEN,SUCCESS,1011.27,"{""shot_type"": ""Medium"", ""lens"": ""35mm"", ""movement"": ""Tracking""}"
2026-02-16T21:38:35.731362,SCENE-003,SCENE-003-SHOT-001,IMAGE_GEN,SUCCESS,531.15,"{""seed"": 1313308739}"
2026-02-16T21:38:36.742943,SCENE-003,SCENE-003-SHOT-001,VIDEO_GEN,SUCCESS,1011.32,"{""shot_type"": ""Wide"", ""lens"": ""35mm"", ""movement"": ""Tracking""}"
2026-02-16T21:38:37.268915,SCENE-003,SCENE-003-SHOT-002,IMAGE_GEN,SUCCESS,525.44,"{""seed"": 1828254429}"
2026-02-16T21:38:38.280276,SCENE-003,SCENE-003-SHOT-002,VIDEO_GEN,SUCCESS,1011.13,"{""shot_type"": ""Medium"", ""lens"": ""35mm"", ""movement"": ""Tracking""}"
2026-02-16T21:38:38.339213,SCENE-001,SCENE-001-SHOT-001,CRITIC_QA,FAIL,0.00,"{""score"": ""0.32"", ""reason"": ""semantic_drift"", ""method"": ""semantic_similarity""}"
2026-02-16T21:38:38.354449,SCENE-002,SCENE-002-SHOT-001,CRITIC_QA,FAIL,0.00,"{""score"": ""0.35"", ""reason"": ""semantic_drift"", ""method"": ""semantic_similarity""}"
2026-02-16T21:38:38.368567,SCENE-002,SCENE-002-SHOT-002,CRITIC_QA,FAIL,0.00,"{""score"": ""0.35"", ""reason"": ""semantic_drift"", ""method"": ""semantic_similarity""}"
2026-02-16T21:38:38.383486,SCENE-003,SCENE-003-SHOT-001,CRITIC_QA,PASS,0.00,"{""score"": ""0.56"", ""method"": ""semantic_similarity""}"
2026-02-16T21:38:38.397921,SCENE-003,SCENE-003-SHOT-002,CRITIC_QA,PASS,0.00,"{""score"": ""0.56"", ""method"": ""semantic_similarity""}"
2026-02-16T21:38:38.926298,SCENE-001,SCENE-001-SHOT-001,IMAGE_GEN,SUCCESS,527.20,"{""seed"": 2011861932}"
2026-02-16T21:38:39.938012,SCENE-001,SCENE-001-SHOT-001,VIDEO_GEN,SUCCESS,1011.47,"{""shot_type"": ""Wide"", ""lens"": ""24mm"", ""movement"": ""Slow Pan""}"
2026-02-16T21:38:40.472428,SCENE-002,SCENE-002-SHOT-001,IMAGE_GEN,SUCCESS,533.80,"{""seed"": 2142169240}"
2026-02-16T21:38:41.478410,SCENE-002,SCENE-002-SHOT-001,VIDEO_GEN,SUCCESS,1005.68,"{""shot_type"": ""Wide"", ""lens"": ""35mm"", ""movement"": ""Tracking""}"
2026-02-16T21:38:42.006439,SCENE-002,SCENE-002-SHOT-002,IMAGE_GEN,SUCCESS,527.56,"{""seed"": 1417424982}"
2026-02-16T21:38:43.017970,SCENE-002,SCENE-002-SHOT-002,VIDEO_GEN,SUCCESS,1011.31,"{""shot_type"": ""Medium"", ""lens"": ""35mm"", ""movement"": ""Tracking""}"
2026-02-16T21:38:43.550501,SCENE-003,SCENE-003-SHOT-001,IMAGE_GEN,SUCCESS,531.97,"{""seed"": 1313308739}"
2026-02-16T21:38:44.552801,SCENE-003,SCENE-003-SHOT-001,VIDEO_GEN,SUCCESS,1002.03,"{""shot_type"": ""Wide"", ""lens"": ""35mm"", ""movement"": ""Tracking""}"
2026-02-16T21:38:45.085712,SCENE-003,SCENE-003-SHOT-002,IMAGE_GEN,SUCCESS,532.73,"{""seed"": 1828254429}"
2026-02-16T21:38:46.097011,SCENE-003,SCENE-003-SHOT-002,VIDEO_GEN,SUCCESS,1011.05,"{""shot_type"": ""Medium"", ""lens"": ""35mm"", ""movement"": ""Tracking""}"
2026-02-16T21:38:46.154306,SCENE-001,SCENE-001-SHOT-001,CRITIC_QA,FAIL,0.00,"{""score"": ""0.32"", ""reason"": ""semantic_drift"", ""method"": ""semantic_similarity""}"
2026-02-16T21:38:46.169744,SCENE-002,SCENE-002-SHOT-001,CRITIC_QA,FAIL,0.00,"{""score"": ""0.35"", ""reason"": ""semantic_drift"", ""method"": ""semantic_similarity""}"
2026-02-16T21:38:46.183810,SCENE-002,SCENE-002-SHOT-002,CRITIC_QA,FAIL,0.00,"{""score"": ""0.35"", ""reason"": ""semantic_drift"", ""method"": ""semantic_similarity""}"
2026-02-16T21:38:46.198420,SCENE-003,SCENE-003-SHOT-001,CRITIC_QA,PASS,0.00,"{""score"": ""0.56"", ""method"": ""semantic_similarity""}"
2026-02-16T21:38:46.213074,SCENE-003,SCENE-003-SHOT-002,CRITIC_QA,PASS,0.00,"{""score"": ""0.56"", ""method"": ""semantic_similarity""}"
2026-02-16T21:38:46.751028,SCENE-001,SCENE-001-SHOT-001,IMAGE_GEN,SUCCESS,536.76,"{""seed"": 2011861932}"
2026-02-16T21:38:47.762968,SCENE-001,SCENE-001-SHOT-001,VIDEO_GEN,SUCCESS,1011.65,"{""shot_type"": ""Wide"", ""lens"": ""24mm"", ""movement"": ""Slow Pan""}"
2026-02-16T21:38:48.301074,SCENE-002,SCENE-002-SHOT-001,IMAGE_GEN,SUCCESS,537.23,"{""seed"": 2142169240}"
2026-02-16T21:38:49.312055,SCENE-002,SCENE-002-SHOT-001,VIDEO_GEN,SUCCESS,1010.71,"{""shot_type"": ""Wide"", ""lens"": ""35mm"", ""movement"": ""Tracking""}"
2026-02-16T21:38:49.839448,SCENE-002,SCENE-002-SHOT-002,IMAGE_GEN,SUCCESS,526.96,"{""seed"": 1417424982}"
2026-02-16T21:38:50.851038,SCENE-002,SCENE-002-SHOT-002,VIDEO_GEN,SUCCESS,1011.32,"{""shot_type"": ""Medium"", ""lens"": ""35mm"", ""movement"": ""Tracking""}"
2026-02-16T21:38:51.387161,SCENE-003,SCENE-003-SHOT-001,IMAGE_GEN,SUCCESS,535.54,"{""seed"": 1313308739}"
2026-02-16T21:38:52.398516,SCENE-003,SCENE-003-SHOT-001,VIDEO_GEN,SUCCESS,1011.05,"{""shot_type"": ""Wide"", ""lens"": ""35mm"", ""movement"": ""Tracking""}"
2026-02-16T21:38:52.932067,SCENE-003,SCENE-003-SHOT-002,IMAGE_GEN,SUCCESS,533.08,"{""seed"": 1828254429}"
2026-02-16T21:38:53.943062,SCENE-003,SCENE-003-SHOT-002,VIDEO_GEN,SUCCESS,1010.77,"{""shot_type"": ""Medium"", ""lens"": ""35mm"", ""movement"": ""Tracking""}"
2026-02-16T21:38:54.021461,SCENE-001,SCENE-001-SHOT-001,CRITIC_QA,FAIL,0.00,"{""score"": ""0.32"", ""reason"": ""semantic_drift"", ""method"": ""semantic_similarity""}"
2026-02-16T21:38:54.036846,SCENE-002,SCENE-002-SHOT-001,CRITIC_QA,FAIL,0.00,"{""score"": ""0.35"", ""reason"": ""semantic_drift"", ""method"": ""semantic_similarity""}"
2026-02-16T21:38:54.051175,SCENE-002,SCENE-002-SHOT-002,CRITIC_QA,FAIL,0.00,"{""score"": ""0.35"", ""reason"": ""semantic_drift"", ""method"": ""semantic_similarity""}"
2026-02-16T21:38:54.066078,SCENE-003,SCENE-003-SHOT-001,CRITIC_QA,PASS,0.00,"{""score"": ""0.56"", ""method"": ""semantic_similarity""}"
2026-02-16T21:38:54.080723,SCENE-003,SCENE-003-SHOT-002,CRITIC_QA,PASS,0.00,"{""score"": ""0.56"", ""method"": ""semantic_similarity""}"
2026-02-16T21:38:54.596121,SCENE-001,SCENE-001-SHOT-001,IMAGE_GEN,SUCCESS,514.23,"{""seed"": 2011861932}"
2026-02-16T21:38:55.607767,SCENE-001,SCENE-001-SHOT-001,VIDEO_GEN,SUCCESS,1011.48,"{""shot_type"": ""Wide"", ""lens"": ""24mm"", ""movement"": ""Slow Pan""}"
2026-02-16T21:38:56.142397,SCENE-002,SCENE-002-SHOT-001,IMAGE_GEN,SUCCESS,534.04,"{""seed"": 2142169240}"
2026-02-16T21:38:57.153859,SCENE-002,SCENE-002-SHOT-001,VIDEO_GEN,SUCCESS,1011.18,"{""shot_type"": ""Wide"", ""lens"": ""35mm"", ""movement"": ""Tracking""}"
2026-02-16T21:38:57.684280,SCENE-002,SCENE-002-SHOT-002,IMAGE_GEN,SUCCESS,529.92,"{""seed"": 1417424982}"
2026-02-16T21:38:58.695570,SCENE-002,SCENE-002-SHOT-002,VIDEO_GEN,SUCCESS,1011.05,"{""shot_type"": ""Medium"", ""lens"": ""35mm"", ""movement"": ""Tracking""}"
2026-02-16T21:38:59.228928,SCENE-003,SCENE-003-SHOT-001,IMAGE_GEN,SUCCESS,532.90,"{""seed"": 1313308739}"
2026-02-16T21:39:00.240136,SCENE-003,SCENE-003-SHOT-001,VIDEO_GEN,SUCCESS,1010.92,"{""shot_type"": ""Wide"", ""lens"": ""35mm"", ""movement"": ""Tracking""}"
2026-02-16T21:39:00.775955,SCENE-003,SCENE-003-SHOT-002,IMAGE_GEN,SUCCESS,535.32,"{""seed"": 1828254429}"
2026-02-16T21:39:01.787516,SCENE-003,SCENE-003-SHOT-002,VIDEO_GEN,SUCCESS,1011.27,"{""shot_type"": ""Medium"", ""lens"": ""35mm"", ""movement"": ""Tracking""}"
2026-02-16T21:39:01.844646,SCENE-001,SCENE-001-SHOT-001,CRITIC_QA,FAIL,0.00,"{""score"": ""0.32"", ""reason"": ""semantic_drift"", ""method"": ""semantic_similarity""}"
2026-02-16T21:39:01.854407,SCENE-002,SCENE-002-SHOT-001,CRITIC_QA,FAIL,0.00,"{""score"": ""0.35"", ""reason"": ""semantic_drift"", ""method"": ""semantic_similarity""}"
2026-02-16T21:39:01.863204,SCENE-002,SCENE-002-SHOT-002,CRITIC_QA,FAIL,0.00,"{""score"": ""0.35"", ""reason"": ""semantic_drift"", ""method"": ""semantic_similarity""}"
2026-02-16T21:39:01.872304,SCENE-003,SCENE-003-SHOT-001,CRITIC_QA,PASS,0.00,"{""score"": ""0.56"", ""method"": ""semantic_similarity""}"
2026-02-16T21:39:01.881097,SCENE-003,SCENE-003-SHOT-002,CRITIC_QA,PASS,0.00,"{""score"": ""0.56"", ""method"": ""semantic_similarity""}"
2026-02-16T21:39:02.418174,SCENE-001,SCENE-001-SHOT-001,IMAGE_GEN,SUCCESS,536.00,"{""seed"": 2011861932}"
2026-02-16T21:39:03.429827,SCENE-001,SCENE-001-SHOT-001,VIDEO_GEN,SUCCESS,1011.45,"{""shot_type"": ""Wide"", ""lens"": ""24mm"", ""movement"": ""Slow Pan""}"
2026-02-16T21:39:03.961706,SCENE-002,SCENE-002-SHOT-001,IMAGE_GEN,SUCCESS,531.28,"{""seed"": 2142169240}"
2026-02-16T21:39:04.973248,SCENE-002,SCENE-002-SHOT-001,VIDEO_GEN,SUCCESS,1011.29,"{""shot_type"": ""Wide"", ""lens"": ""35mm"", ""movement"": ""Tracking""}"
2026-02-16T21:39:05.503059,SCENE-002,SCENE-002-SHOT-002,IMAGE_GEN,SUCCESS,529.30,"{""seed"": 1417424982}"
2026-02-16T21:39:06.514771,SCENE-002,SCENE-002-SHOT-002,VIDEO_GEN,SUCCESS,1011.41,"{""shot_type"": ""Medium"", ""lens"": ""35mm"", ""movement"": ""Tracking""}"
2026-02-16T21:39:07.048702,SCENE-003,SCENE-003-SHOT-001,IMAGE_GEN,SUCCESS,533.34,"{""seed"": 1313308739}"
2026-02-16T21:39:08.060083,SCENE-003,SCENE-003-SHOT-001,VIDEO_GEN,SUCCESS,1011.11,"{""shot_type"": ""Wide"", ""lens"": ""35mm"", ""movement"": ""Tracking""}"
2026-02-16T21:39:08.597220,SCENE-003,SCENE-003-SHOT-002,IMAGE_GEN,SUCCESS,536.65,"{""seed"": 1828254429}"
2026-02-16T21:39:09.599040,SCENE-003,SCENE-003-SHOT-002,VIDEO_GEN,SUCCESS,1001.58,"{""shot_type"": ""Medium"", ""lens"": ""35mm"", ""movement"": ""Tracking""}"
2026-02-16T21:39:09.632465,SCENE-001,SCENE-001-SHOT-001,CRITIC_QA,FAIL,0.00,"{""score"": ""0.32"", ""reason"": ""semantic_drift"", ""method"": ""semantic_similarity""}"
2026-02-16T21:39:09.647276,SCENE-002,SCENE-002-SHOT-001,CRITIC_QA,FAIL,0.00,"{""score"": ""0.35"", ""reason"": ""semantic_drift"", ""method"": ""semantic_similarity""}"
2026-02-16T21:39:09.660778,SCENE-002,SCENE-002-SHOT-002,CRITIC_QA,FAIL,0.00,"{""score"": ""0.35"", ""reason"": ""semantic_drift"", ""method"": ""semantic_similarity""}"
2026-02-16T21:39:09.674940,SCENE-003,SCENE-003-SHOT-001,CRITIC_QA,PASS,0.00,"{""score"": ""0.56"", ""method"": ""semantic_similarity""}"
2026-02-16T21:39:09.688984,SCENE-003,SCENE-003-SHOT-002,CRITIC_QA,PASS,0.00,"{""score"": ""0.56"", ""method"": ""semantic_similarity""}"
2026-02-16T21:39:10.226107,SCENE-001,SCENE-001-SHOT-001,IMAGE_GEN,SUCCESS,536.05,"{""seed"": 2011861932}"
2026-02-16T21:39:11.237679,SCENE-001,SCENE-001-SHOT-001,VIDEO_GEN,SUCCESS,1011.35,"{""shot_type"": ""Wide"", ""lens"": ""24mm"", ""movement"": ""Slow Pan""}"
2026-02-16T21:39:11.764074,SCENE-002,SCENE-002-SHOT-001,IMAGE_GEN,SUCCESS,525.81,"{""seed"": 2142169240}"
2026-02-16T21:39:12.775642,SCENE-002,SCENE-002-SHOT-001,VIDEO_GEN,SUCCESS,1011.28,"{""shot_type"": ""Wide"", ""lens"": ""35mm"", ""movement"": ""Tracking""}"
2026-02-16T21:39:13.304468,SCENE-002,SCENE-002-SHOT-002,IMAGE_GEN,SUCCESS,528.28,"{""seed"": 1417424982}"
2026-02-16T21:39:14.315803,SCENE-002,SCENE-002-SHOT-002,VIDEO_GEN,SUCCESS,1011.08,"{""shot_type"": ""Medium"", ""lens"": ""35mm"", ""movement"": ""Tracking""}"
2026-02-16T21:39:14.851435,SCENE-003,SCENE-003-SHOT-001,IMAGE_GEN,SUCCESS,535.16,"{""seed"": 1313308739}"
2026-02-16T21:39:15.862790,SCENE-003,SCENE-003-SHOT-001,VIDEO_GEN,SUCCESS,1011.01,"{""shot_type"": ""Wide"", ""lens"": ""35mm"", ""movement"": ""Tracking""}"
2026-02-16T21:39:16.402244,SCENE-003,SCENE-003-SHOT-002,IMAGE_GEN,SUCCESS,538.94,"{""seed"": 1828254429}"
2026-02-16T21:39:17.413733,SCENE-003,SCENE-003-SHOT-002,VIDEO_GEN,SUCCESS,1011.25,"{""shot_type"": ""Medium"", ""lens"": ""35mm"", ""movement"": ""Tracking""}"
2026-02-16T21:39:17.476196,SCENE-001,SCENE-001-SHOT-001,CRITIC_QA,FAIL,0.00,"{""score"": ""0.32"", ""reason"": ""semantic_drift"", ""method"": ""semantic_similarity""}"
2026-02-16T21:39:17.492021,SCENE-002,SCENE-002-SHOT-001,CRITIC_QA,FAIL,0.00,"{""score"": ""0.35"", ""reason"": ""semantic_drift"", ""method"": ""semantic_similarity""}"
2026-02-16T21:39:17.506068,SCENE-002,SCENE-002-SHOT-002,CRITIC_QA,FAIL,0.00,"{""score"": ""0.35"", ""reason"": ""semantic_drift"", ""method"": ""semantic_similarity""}"
2026-02-16T21:39:17.520711,SCENE-003,SCENE-003-SHOT-001,CRITIC_QA,PASS,0.00,"{""score"": ""0.56"", ""method"": ""semantic_similarity""}"
2026-02-16T21:39:17.535368,SCENE-003,SCENE-003-SHOT-002,CRITIC_QA,PASS,0.00,"{""score"": ""0.56"", ""method"": ""semantic_similarity""}"
2026-02-16T21:39:18.079898,SCENE-001,SCENE-001-SHOT-001,IMAGE_GEN,SUCCESS,543.23,"{""seed"": 2011861932}"
2026-02-16T21:39:19.091359,SCENE-001,SCENE-001-SHOT-001,VIDEO_GEN,SUCCESS,1011.22,"{""shot_type"": ""Wide"", ""lens"": ""24mm"", ""movement"": ""Slow Pan""}"
2026-02-16T21:39:19.609100,SCENE-002,SCENE-002-SHOT-001,IMAGE_GEN,SUCCESS,517.23,"{""seed"": 2142169240}"
2026-02-16T21:39:20.620515,SCENE-002,SCENE-002-SHOT-001,VIDEO_GEN,SUCCESS,1011.23,"{""shot_type"": ""Wide"", ""lens"": ""35mm"", ""movement"": ""Tracking""}"
2026-02-16T21:39:21.153771,SCENE-002,SCENE-002-SHOT-002,IMAGE_GEN,SUCCESS,532.70,"{""seed"": 1417424982}"
2026-02-16T21:39:22.165090,SCENE-002,SCENE-002-SHOT-002,VIDEO_GEN,SUCCESS,1011.04,"{""shot_type"": ""Medium"", ""lens"": ""35mm"", ""movement"": ""Tracking""}"
2026-02-16T21:39:22.692087,SCENE-003,SCENE-003-SHOT-001,IMAGE_GEN,SUCCESS,526.52,"{""seed"": 1313308739}"
2026-02-16T21:39:23.703583,SCENE-003,SCENE-003-SHOT-001,VIDEO_GEN,SUCCESS,1011.28,"{""shot_type"": ""Wide"", ""lens"": ""35mm"", ""movement"": ""Tracking""}"
2026-02-16T21:39:24.238804,SCENE-003,SCENE-003-SHOT-002,IMAGE_GEN,SUCCESS,534.66,"{""seed"": 1828254429}"
2026-02-16T21:39:25.250418,SCENE-003,SCENE-003-SHOT-002,VIDEO_GEN,SUCCESS,1011.31,"{""shot_type"": ""Medium"", ""lens"": ""35mm"", ""movement"": ""Tracking""}"
2026-02-16T21:39:25.320910,SCENE-001,SCENE-001-SHOT-001,CRITIC_QA,FAIL,0.00,"{""score"": ""0.32"", ""reason"": ""semantic_drift"", ""method"": ""semantic_similarity""}"
2026-02-16T21:39:25.336326,SCENE-002,SCENE-002-SHOT-001,CRITIC_QA,FAIL,0.00,"{""score"": ""0.35"", ""reason"": ""semantic_drift"", ""method"": ""semantic_similarity""}"
2026-02-16T21:39:25.350165,SCENE-002,SCENE-002-SHOT-002,CRITIC_QA,FAIL,0.00,"{""score"": ""0.35"", ""reason"": ""semantic_drift"", ""method"": ""semantic_similarity""}"
2026-02-16T21:39:25.364870,SCENE-003,SCENE-003-SHOT-001,CRITIC_QA,PASS,0.00,"{""score"": ""0.56"", ""method"": ""semantic_similarity""}"
2026-02-16T21:39:25.379307,SCENE-003,SCENE-003-SHOT-002,CRITIC_QA,PASS,0.00,"{""score"": ""0.56"", ""method"": ""semantic_similarity""}"
2026-02-16T21:39:25.917305,SCENE-001,SCENE-001-SHOT-001,IMAGE_GEN,SUCCESS,536.75,"{""seed"": 2011861932}"
2026-02-16T21:39:26.928715,SCENE-001,SCENE-001-SHOT-001,VIDEO_GEN,SUCCESS,1011.17,"{""shot_type"": ""Wide"", ""lens"": ""24mm"", ""movement"": ""Slow Pan""}"
2026-02-16T21:39:27.458414,SCENE-002,SCENE-002-SHOT-001,IMAGE_GEN,SUCCESS,529.19,"{""seed"": 2142169240}"
2026-02-16T21:39:28.469939,SCENE-002,SCENE-002-SHOT-001,VIDEO_GEN,SUCCESS,1011.25,"{""shot_type"": ""Wide"", ""lens"": ""35mm"", ""movement"": ""Tracking""}"
2026-02-16T21:39:29.006143,SCENE-002,SCENE-002-SHOT-002,IMAGE_GEN,SUCCESS,535.70,"{""seed"": 1417424982}"
2026-02-16T21:39:30.017914,SCENE-002,SCENE-002-SHOT-002,VIDEO_GEN,SUCCESS,1011.50,"{""shot_type"": ""Medium"", ""lens"": ""35mm"", ""movement"": ""Tracking""}"
2026-02-16T21:39:30.545035,SCENE-003,SCENE-003-SHOT-001,IMAGE_GEN,SUCCESS,526.54,"{""seed"": 1313308739}"
2026-02-16T21:39:31.557075,SCENE-003,SCENE-003-SHOT-001,VIDEO_GEN,SUCCESS,1011.71,"{""shot_type"": ""Wide"", ""lens"": ""35mm"", ""movement"": ""Tracking""}"
2026-02-16T21:39:32.097089,SCENE-003,SCENE-003-SHOT-002,IMAGE_GEN,SUCCESS,539.24,"{""seed"": 1828254429}"
2026-02-16T21:39:33.108612,SCENE-003,SCENE-003-SHOT-002,VIDEO_GEN,SUCCESS,1011.23,"{""shot_type"": ""Medium"", ""lens"": ""35mm"", ""movement"": ""Tracking""}"
2026-02-16T21:39:33.173800,SCENE-001,SCENE-001-SHOT-001,CRITIC_QA,FAIL,0.00,"{""score"": ""0.32"", ""reason"": ""semantic_drift"", ""method"": ""semantic_similarity""}"
2026-02-16T21:39:33.189632,SCENE-002,SCENE-002-SHOT-001,CRITIC_QA,FAIL,0.00,"{""score"": ""0.35"", ""reason"": ""semantic_drift"", ""method"": ""semantic_similarity""}"
2026-02-16T21:39:33.203556,SCENE-002,SCENE-002-SHOT-002,CRITIC_QA,FAIL,0.00,"{""score"": ""0.35"", ""reason"": ""semantic_drift"", ""method"": ""semantic_similarity""}"
2026-02-16T21:39:33.218304,SCENE-003,SCENE-003-SHOT-001,CRITIC_QA,PASS,0.00,"{""score"": ""0.56"", ""method"": ""semantic_similarity""}"
2026-02-16T21:39:33.232790,SCENE-003,SCENE-003-SHOT-002,CRITIC_QA,PASS,0.00,"{""score"": ""0.56"", ""method"": ""semantic_similarity""}"
2026-02-16T21:39:33.771892,SCENE-001,SCENE-001-SHOT-001,IMAGE_GEN,SUCCESS,537.92,"{""seed"": 2011861932}"
2026-02-16T21:39:34.783556,SCENE-001,SCENE-001-SHOT-001,VIDEO_GEN,SUCCESS,1011.37,"{""shot_type"": ""Wide"", ""lens"": ""24mm"", ""movement"": ""Slow Pan""}"
2026-02-16T21:39:35.321696,SCENE-002,SCENE-002-SHOT-001,IMAGE_GEN,SUCCESS,537.55,"{""seed"": 2142169240}"
2026-02-16T21:39:36.333192,SCENE-002,SCENE-002-SHOT-001,VIDEO_GEN,SUCCESS,1011.19,"{""shot_type"": ""Wide"", ""lens"": ""35mm"", ""movement"": ""Tracking""}"
2026-02-16T21:39:36.870281,SCENE-002,SCENE-002-SHOT-002,IMAGE_GEN,SUCCESS,536.51,"{""seed"": 1417424982}"
2026-02-16T21:39:37.882051,SCENE-002,SCENE-002-SHOT-002,VIDEO_GEN,SUCCESS,1011.47,"{""shot_type"": ""Medium"", ""lens"": ""35mm"", ""movement"": ""Tracking""}"
2026-02-16T21:39:38.407031,SCENE-003,SCENE-003-SHOT-001,IMAGE_GEN,SUCCESS,524.36,"{""seed"": 1313308739}"
2026-02-16T21:39:39.418687,SCENE-003,SCENE-003-SHOT-001,VIDEO_GEN,SUCCESS,1011.29,"{""shot_type"": ""Wide"", ""lens"": ""35mm"", ""movement"": ""Tracking""}"
2026-02-16T21:39:39.942994,SCENE-003,SCENE-003-SHOT-002,IMAGE_GEN,SUCCESS,523.72,"{""seed"": 1828254429}"
2026-02-16T21:39:40.954466,SCENE-003,SCENE-003-SHOT-002,VIDEO_GEN,SUCCESS,1011.19,"{""shot_type"": ""Medium"", ""lens"": ""35mm"", ""movement"": ""Tracking""}"
2026-02-16T21:39:41.011024,SCENE-001,SCENE-001-SHOT-001,CRITIC_QA,FAIL,0.00,"{""score"": ""0.32"", ""reason"": ""semantic_drift"", ""method"": ""semantic_similarity""}"
2026-02-16T21:39:41.021411,SCENE-002,SCENE-002-SHOT-001,CRITIC_QA,FAIL,0.00,"{""score"": ""0.35"", ""reason"": ""semantic_drift"", ""method"": ""semantic_similarity""}"
2026-02-16T21:39:41.030259,SCENE-002,SCENE-002-SHOT-002,CRITIC_QA,FAIL,0.00,"{""score"": ""0.35"", ""reason"": ""semantic_drift"", ""method"": ""semantic_similarity""}"
2026-02-16T21:39:41.039879,SCENE-003,SCENE-003-SHOT-001,CRITIC_QA,PASS,0.00,"{""score"": ""0.56"", ""method"": ""semantic_similarity""}"
2026-02-16T21:39:41.048712,SCENE-003,SCENE-003-SHOT-002,CRITIC_QA,PASS,0.00,"{""score"": ""0.56"", ""method"": ""semantic_similarity""}"
2026-02-16T21:39:41.589390,SCENE-001,SCENE-001-SHOT-001,IMAGE_GEN,SUCCESS,539.47,"{""seed"": 2011861932}"
2026-02-16T21:39:42.600850,SCENE-001,SCENE-001-SHOT-001,VIDEO_GEN,SUCCESS,1011.22,"{""shot_type"": ""Wide"", ""lens"": ""24mm"", ""movement"": ""Slow Pan""}"
2026-02-16T21:39:43.138995,SCENE-002,SCENE-002-SHOT-001,IMAGE_GEN,SUCCESS,537.54,"{""seed"": 2142169240}"
2026-02-16T21:39:44.150397,SCENE-002,SCENE-002-SHOT-001,VIDEO_GEN,SUCCESS,1011.12,"{""shot_type"": ""Wide"", ""lens"": ""35mm"", ""movement"": ""Tracking""}"
2026-02-16T21:39:44.675316,SCENE-002,SCENE-002-SHOT-002,IMAGE_GEN,SUCCESS,524.42,"{""seed"": 1417424982}"
2026-02-16T21:39:45.686794,SCENE-002,SCENE-002-SHOT-002,VIDEO_GEN,SUCCESS,1011.29,"{""shot_type"": ""Medium"", ""lens"": ""35mm"", ""movement"": ""Tracking""}"
2026-02-16T21:39:46.222733,SCENE-003,SCENE-003-SHOT-001,IMAGE_GEN,SUCCESS,535.33,"{""seed"": 1313308739}"
2026-02-16T21:39:47.226627,SCENE-003,SCENE-003-SHOT-001,VIDEO_GEN,SUCCESS,1003.63,"{""shot_type"": ""Wide"", ""lens"": ""35mm"", ""movement"": ""Tracking""}"
2026-02-16T21:39:47.759534,SCENE-003,SCENE-003-SHOT-002,IMAGE_GEN,SUCCESS,532.40,"{""seed"": 1828254429}"
2026-02-16T21:39:48.770682,SCENE-003,SCENE-003-SHOT-002,VIDEO_GEN,SUCCESS,1010.91,"{""shot_type"": ""Medium"", ""lens"": ""35mm"", ""movement"": ""Tracking""}"
2026-02-16T21:39:48.816902,SCENE-001,SCENE-001-SHOT-001,CRITIC_QA,FAIL,0.00,"{""score"": ""0.32"", ""reason"": ""semantic_drift"", ""method"": ""semantic_similarity""}"
2026-02-16T21:39:48.832652,SCENE-002,SCENE-002-SHOT-001,CRITIC_QA,FAIL,0.00,"{""score"": ""0.35"", ""reason"": ""semantic_drift"", ""method"": ""semantic_similarity""}"
2026-02-16T21:39:48.847454,SCENE-002,SCENE-002-SHOT-002,CRITIC_QA,FAIL,0.00,"{""score"": ""0.35"", ""reason"": ""semantic_drift"", ""method"": ""semantic_similarity""}"
2026-02-16T21:39:48.863140,SCENE-003,SCENE-003-SHOT-001,CRITIC_QA,PASS,0.00,"{""score"": ""0.56"", ""method"": ""semantic_similarity""}"
2026-02-16T21:39:48.878763,SCENE-003,SCENE-003-SHOT-002,CRITIC_QA,PASS,0.00,"{""score"": ""0.56"", ""method"": ""semantic_similarity""}"
2026-02-16T21:39:49.418655,SCENE-001,SCENE-001-SHOT-001,IMAGE_GEN,SUCCESS,538.40,"{""seed"": 2011861932}"
2026-02-16T21:39:50.430256,SCENE-001,SCENE-001-SHOT-001,VIDEO_GEN,SUCCESS,1011.36,"{""shot_type"": ""Wide"", ""lens"": ""24mm"", ""movement"": ""Slow Pan""}"
2026-02-16T21:39:50.960497,SCENE-002,SCENE-002-SHOT-001,IMAGE_GEN,SUCCESS,529.38,"{""seed"": 2142169240}"
2026-02-16T21:39:51.972083,SCENE-002,SCENE-002-SHOT-001,VIDEO_GEN,SUCCESS,1011.28,"{""shot_type"": ""Wide"", ""lens"": ""35mm"", ""movement"": ""Tracking""}"
2026-02-16T21:39:52.510229,SCENE-002,SCENE-002-SHOT-002,IMAGE_GEN,SUCCESS,537.58,"{""seed"": 1417424982}"
2026-02-16T21:39:53.521529,SCENE-002,SCENE-002-SHOT-002,VIDEO_GEN,SUCCESS,1011.02,"{""shot_type"": ""Medium"", ""lens"": ""35mm"", ""movement"": ""Tracking""}"
2026-02-16T21:39:54.053071,SCENE-003,SCENE-003-SHOT-001,IMAGE_GEN,SUCCESS,531.04,"{""seed"": 1313308739}"
2026-02-16T21:39:55.064586,SCENE-003,SCENE-003-SHOT-001,VIDEO_GEN,SUCCESS,1011.32,"{""shot_type"": ""Wide"", ""lens"": ""35mm"", ""movement"": ""Tracking""}"
2026-02-16T21:39:55.600090,SCENE-003,SCENE-003-SHOT-002,IMAGE_GEN,SUCCESS,534.94,"{""seed"": 1828254429}"
2026-02-16T21:39:56.611601,SCENE-003,SCENE-003-SHOT-002,VIDEO_GEN,SUCCESS,1011.21,"{""shot_type"": ""Medium"", ""lens"": ""35mm"", ""movement"": ""Tracking""}"
2026-02-16T21:39:56.675278,SCENE-001,SCENE-001-SHOT-001,CRITIC_QA,FAIL,0.00,"{""score"": ""0.32"", ""reason"": ""semantic_drift"", ""method"": ""semantic_similarity""}"
2026-02-16T21:39:56.690995,SCENE-002,SCENE-002-SHOT-001,CRITIC_QA,FAIL,0.00,"{""score"": ""0.35"", ""reason"": ""semantic_drift"", ""method"": ""semantic_similarity""}"
2026-02-16T21:39:56.705105,SCENE-002,SCENE-002-SHOT-002,CRITIC_QA,FAIL,0.00,"{""score"": ""0.35"", ""reason"": ""semantic_drift"", ""method"": ""semantic_similarity""}"
2026-02-16T21:39:56.719778,SCENE-003,SCENE-003-SHOT-001,CRITIC_QA,PASS,0.00,"{""score"": ""0.56"", ""method"": ""semantic_similarity""}"
2026-02-16T21:39:56.734528,SCENE-003,SCENE-003-SHOT-002,CRITIC_QA,PASS,0.00,"{""score"": ""0.56"", ""method"": ""semantic_similarity""}"
2026-02-16T21:39:57.271840,SCENE-001,SCENE-001-SHOT-001,IMAGE_GEN,SUCCESS,536.08,"{""seed"": 2011861932}"
2026-02-16T21:39:58.283106,SCENE-001,SCENE-001-SHOT-001,VIDEO_GEN,SUCCESS,1011.00,"{""shot_type"": ""Wide"", ""lens"": ""24mm"", ""movement"": ""Slow Pan""}"
2026-02-16T21:39:58.812914,SCENE-002,SCENE-002-SHOT-001,IMAGE_GEN,SUCCESS,529.35,"{""seed"": 2142169240}"
2026-02-16T21:39:59.820424,SCENE-002,SCENE-002-SHOT-001,VIDEO_GEN,SUCCESS,1007.26,"{""shot_type"": ""Wide"", ""lens"": ""35mm"", ""movement"": ""Tracking""}"
2026-02-16T21:40:00.356960,SCENE-002,SCENE-002-SHOT-002,IMAGE_GEN,SUCCESS,536.09,"{""seed"": 1417424982}"
2026-02-16T21:40:01.368351,SCENE-002,SCENE-002-SHOT-002,VIDEO_GEN,SUCCESS,1011.13,"{""shot_type"": ""Medium"", ""lens"": ""35mm"", ""movement"": ""Tracking""}"
2026-02-16T21:40:01.897211,SCENE-003,SCENE-003-SHOT-001,IMAGE_GEN,SUCCESS,528.38,"{""seed"": 1313308739}"
2026-02-16T21:40:02.908864,SCENE-003,SCENE-003-SHOT-001,VIDEO_GEN,SUCCESS,1011.39,"{""shot_type"": ""Wide"", ""lens"": ""35mm"", ""movement"": ""Tracking""}"
2026-02-16T21:40:03.435146,SCENE-003,SCENE-003-SHOT-002,IMAGE_GEN,SUCCESS,525.76,"{""seed"": 1828254429}"
2026-02-16T21:40:04.446711,SCENE-003,SCENE-003-SHOT-002,VIDEO_GEN,SUCCESS,1011.31,"{""shot_type"": ""Medium"", ""lens"": ""35mm"", ""movement"": ""Tracking""}"
2026-02-16T21:40:04.510516,SCENE-001,SCENE-001-SHOT-001,CRITIC_QA,FAIL,0.00,"{""score"": ""0.32"", ""reason"": ""semantic_drift"", ""method"": ""semantic_similarity""}"
2026-02-16T21:40:04.520398,SCENE-002,SCENE-002-SHOT-001,CRITIC_QA,FAIL,0.00,"{""score"": ""0.35"", ""reason"": ""semantic_drift"", ""method"": ""semantic_similarity""}"
2026-02-16T21:40:04.529407,SCENE-002,SCENE-002-SHOT-002,CRITIC_QA,FAIL,0.00,"{""score"": ""0.35"", ""reason"": ""semantic_drift"", ""method"": ""semantic_similarity""}"
2026-02-16T21:40:04.538651,SCENE-003,SCENE-003-SHOT-001,CRITIC_QA,PASS,0.00,"{""score"": ""0.56"", ""method"": ""semantic_similarity""}"
2026-02-16T21:40:04.547375,SCENE-003,SCENE-003-SHOT-002,CRITIC_QA,PASS,0.00,"{""score"": ""0.56"", ""method"": ""semantic_similarity""}"
2026-02-16T21:40:05.084631,SCENE-001,SCENE-001-SHOT-001,IMAGE_GEN,SUCCESS,536.01,"{""seed"": 2011861932}"
2026-02-16T21:40:06.095587,SCENE-001,SCENE-001-SHOT-001,VIDEO_GEN,SUCCESS,1010.70,"{""shot_type"": ""Wide"", ""lens"": ""24mm"", ""movement"": ""Slow Pan""}"
2026-02-16T21:40:06.618727,SCENE-002,SCENE-002-SHOT-001,IMAGE_GEN,SUCCESS,522.79,"{""seed"": 2142169240}"
2026-02-16T21:40:07.630439,SCENE-002,SCENE-002-SHOT-001,VIDEO_GEN,SUCCESS,1011.48,"{""shot_type"": ""Wide"", ""lens"": ""35mm"", ""movement"": ""Tracking""}"
2026-02-16T21:40:08.160241,SCENE-002,SCENE-002-SHOT-002,IMAGE_GEN,SUCCESS,529.30,"{""seed"": 1417424982}"
2026-02-16T21:40:09.171663,SCENE-002,SCENE-002-SHOT-002,VIDEO_GEN,SUCCESS,1011.11,"{""shot_type"": ""Medium"", ""lens"": ""35mm"", ""movement"": ""Tracking""}"
2026-02-16T21:40:09.696436,SCENE-003,SCENE-003-SHOT-001,IMAGE_GEN,SUCCESS,524.26,"{""seed"": 1313308739}"
2026-02-16T21:40:10.707693,SCENE-003,SCENE-003-SHOT-001,VIDEO_GEN,SUCCESS,1011.10,"{""shot_type"": ""Wide"", ""lens"": ""35mm"", ""movement"": ""Tracking""}"
2026-02-16T21:40:11.234939,SCENE-003,SCENE-003-SHOT-002,IMAGE_GEN,SUCCESS,526.71,"{""seed"": 1828254429}"
2026-02-16T21:40:12.246666,SCENE-003,SCENE-003-SHOT-002,VIDEO_GEN,SUCCESS,1011.48,"{""shot_type"": ""Medium"", ""lens"": ""35mm"", ""movement"": ""Tracking""}"
2026-02-16T21:40:12.308166,SCENE-001,SCENE-001-SHOT-001,CRITIC_QA,FAIL,0.00,"{""score"": ""0.32"", ""reason"": ""semantic_drift"", ""method"": ""semantic_similarity""}"
2026-02-16T21:40:12.323719,SCENE-002,SCENE-002-SHOT-001,CRITIC_QA,FAIL,0.00,"{""score"": ""0.35"", ""reason"": ""semantic_drift"", ""method"": ""semantic_similarity""}"
2026-02-16T21:40:12.337876,SCENE-002,SCENE-002-SHOT-002,CRITIC_QA,FAIL,0.00,"{""score"": ""0.35"", ""reason"": ""semantic_drift"", ""method"": ""semantic_similarity""}"
2026-02-16T21:40:12.352397,SCENE-003,SCENE-003-SHOT-001,CRITIC_QA,PASS,0.00,"{""score"": ""0.56"", ""method"": ""semantic_similarity""}"
2026-02-16T21:40:12.366911,SCENE-003,SCENE-003-SHOT-002,CRITIC_QA,PASS,0.00,"{""score"": ""0.56"", ""method"": ""semantic_similarity""}"
2026-02-16T21:40:12.900625,SCENE-001,SCENE-001-SHOT-001,IMAGE_GEN,SUCCESS,532.52,"{""seed"": 2011861932}"
2026-02-16T21:40:13.912072,SCENE-001,SCENE-001-SHOT-001,VIDEO_GEN,SUCCESS,1011.26,"{""shot_type"": ""Wide"", ""lens"": ""24mm"", ""movement"": ""Slow Pan""}"
2026-02-16T21:40:14.440331,SCENE-002,SCENE-002-SHOT-001,IMAGE_GEN,SUCCESS,527.75,"{""seed"": 2142169240}"
2026-02-16T21:40:15.452290,SCENE-002,SCENE-002-SHOT-001,VIDEO_GEN,SUCCESS,1011.69,"{""shot_type"": ""Wide"", ""lens"": ""35mm"", ""movement"": ""Tracking""}"
2026-02-16T21:40:15.987795,SCENE-002,SCENE-002-SHOT-002,IMAGE_GEN,SUCCESS,534.90,"{""seed"": 1417424982}"
2026-02-16T21:40:16.999241,SCENE-002,SCENE-002-SHOT-002,VIDEO_GEN,SUCCESS,1011.15,"{""shot_type"": ""Medium"", ""lens"": ""35mm"", ""movement"": ""Tracking""}"
2026-02-16T21:40:17.533854,SCENE-003,SCENE-003-SHOT-001,IMAGE_GEN,SUCCESS,534.13,"{""seed"": 1313308739}"
2026-02-16T21:40:18.545199,SCENE-003,SCENE-003-SHOT-001,VIDEO_GEN,SUCCESS,1011.08,"{""shot_type"": ""Wide"", ""lens"": ""35mm"", ""movement"": ""Tracking""}"
2026-02-16T21:40:19.081178,SCENE-003,SCENE-003-SHOT-002,IMAGE_GEN,SUCCESS,535.47,"{""seed"": 1828254429}"
2026-02-16T21:40:20.092818,SCENE-003,SCENE-003-SHOT-002,VIDEO_GEN,SUCCESS,1011.38,"{""shot_type"": ""Medium"", ""lens"": ""35mm"", ""movement"": ""Tracking""}"
2026-02-16T21:40:20.151911,SCENE-001,SCENE-001-SHOT-001,CRITIC_QA,FAIL,0.00,"{""score"": ""0.32"", ""reason"": ""semantic_drift"", ""method"": ""semantic_similarity""}"
2026-02-16T21:40:20.167826,SCENE-002,SCENE-002-SHOT-001,CRITIC_QA,FAIL,0.00,"{""score"": ""0.35"", ""reason"": ""semantic_drift"", ""method"": ""semantic_similarity""}"
2026-02-16T21:40:20.182096,SCENE-002,SCENE-002-SHOT-002,CRITIC_QA,FAIL,0.00,"{""score"": ""0.35"", ""reason"": ""semantic_drift"", ""method"": ""semantic_similarity""}"
2026-02-16T21:40:20.196864,SCENE-003,SCENE-003-SHOT-001,CRITIC_QA,PASS,0.00,"{""score"": ""0.56"", ""method"": ""semantic_similarity""}"
2026-02-16T21:40:20.211637,SCENE-003,SCENE-003-SHOT-002,CRITIC_QA,PASS,0.00,"{""score"": ""0.56"", ""method"": ""semantic_similarity""}"
2026-02-16T21:40:20.747428,SCENE-001,SCENE-001-SHOT-001,IMAGE_GEN,SUCCESS,534.49,"{""seed"": 2011861932}"
2026-02-16T21:40:21.758389,SCENE-001,SCENE-001-SHOT-001,VIDEO_GEN,SUCCESS,1010.70,"{""shot_type"": ""Wide"", ""lens"": ""24mm"", ""movement"": ""Slow Pan""}"
2026-02-16T21:40:22.294677,SCENE-002,SCENE-002-SHOT-001,IMAGE_GEN,SUCCESS,535.98,"{""seed"": 2142169240}"
2026-02-16T21:40:23.306578,SCENE-002,SCENE-002-SHOT-001,VIDEO_GEN,SUCCESS,1011.63,"{""shot_type"": ""Wide"", ""lens"": ""35mm"", ""movement"": ""Tracking""}"
2026-02-16T21:40:23.838773,SCENE-002,SCENE-002-SHOT-002,IMAGE_GEN,SUCCESS,531.53,"{""seed"": 1417424982}"
2026-02-16T21:40:24.841358,SCENE-002,SCENE-002-SHOT-002,VIDEO_GEN,SUCCESS,1002.29,"{""shot_type"": ""Medium"", ""lens"": ""35mm"", ""movement"": ""Tracking""}"
2026-02-16T21:40:25.378472,SCENE-003,SCENE-003-SHOT-001,IMAGE_GEN,SUCCESS,536.50,"{""seed"": 1313308739}"
2026-02-16T21:40:26.389948,SCENE-003,SCENE-003-SHOT-001,VIDEO_GEN,SUCCESS,1011.18,"{""shot_type"": ""Wide"", ""lens"": ""35mm"", ""movement"": ""Tracking""}"
2026-02-16T21:40:26.918622,SCENE-003,SCENE-003-SHOT-002,IMAGE_GEN,SUCCESS,528.21,"{""seed"": 1828254429}"
2026-02-16T21:40:27.929973,SCENE-003,SCENE-003-SHOT-002,VIDEO_GEN,SUCCESS,1011.12,"{""shot_type"": ""Medium"", ""lens"": ""35mm"", ""movement"": ""Tracking""}"
2026-02-16T21:40:27.987199,SCENE-001,SCENE-001-SHOT-001,CRITIC_QA,FAIL,0.00,"{""score"": ""0.32"", ""reason"": ""semantic_drift"", ""method"": ""semantic_similarity""}"
2026-02-16T21:40:28.002810,SCENE-002,SCENE-002-SHOT-001,CRITIC_QA,FAIL,0.00,"{""score"": ""0.35"", ""reason"": ""semantic_drift"", ""method"": ""semantic_similarity""}"
2026-02-16T21:40:28.016676,SCENE-002,SCENE-002-SHOT-002,CRITIC_QA,FAIL,0.00,"{""score"": ""0.35"", ""reason"": ""semantic_drift"", ""method"": ""semantic_similarity""}"
2026-02-16T21:40:28.031534,SCENE-003,SCENE-003-SHOT-001,CRITIC_QA,PASS,0.00,"{""score"": ""0.56"", ""method"": ""semantic_similarity""}"
2026-02-16T21:40:28.046293,SCENE-003,SCENE-003-SHOT-002,CRITIC_QA,PASS,0.00,"{""score"": ""0.56"", ""method"": ""semantic_similarity""}"
2026-02-16T21:40:28.584802,SCENE-001,SCENE-001-SHOT-001,IMAGE_GEN,SUCCESS,537.30,"{""seed"": 2011861932}"
2026-02-16T21:40:29.596400,SCENE-001,SCENE-001-SHOT-001,VIDEO_GEN,SUCCESS,1011.38,"{""shot_type"": ""Wide"", ""lens"": ""24mm"", ""movement"": ""Slow Pan""}"
2026-02-16T21:40:30.128346,SCENE-002,SCENE-002-SHOT-001,IMAGE_GEN,SUCCESS,531.37,"{""seed"": 2142169240}"
2026-02-16T21:40:31.139581,SCENE-002,SCENE-002-SHOT-001,VIDEO_GEN,SUCCESS,1010.94,"{""shot_type"": ""Wide"", ""lens"": ""35mm"", ""movement"": ""Tracking""}"
2026-02-16T21:40:31.668471,SCENE-002,SCENE-002-SHOT-002,IMAGE_GEN,SUCCESS,528.43,"{""seed"": 1417424982}"
2026-02-16T21:40:32.676496,SCENE-002,SCENE-002-SHOT-002,VIDEO_GEN,SUCCESS,1007.80,"{""shot_type"": ""Medium"", ""lens"": ""35mm"", ""movement"": ""Tracking""}"
2026-02-16T21:40:33.212251,SCENE-003,SCENE-003-SHOT-001,IMAGE_GEN,SUCCESS,535.27,"{""seed"": 1313308739}"
2026-02-16T21:40:34.219054,SCENE-003,SCENE-003-SHOT-001,VIDEO_GEN,SUCCESS,1006.58,"{""shot_type"": ""Wide"", ""lens"": ""35mm"", ""movement"": ""Tracking""}"
2026-02-16T21:40:34.746473,SCENE-003,SCENE-003-SHOT-002,IMAGE_GEN,SUCCESS,526.79,"{""seed"": 1828254429}"
2026-02-16T21:40:35.757875,SCENE-003,SCENE-003-SHOT-002,VIDEO_GEN,SUCCESS,1011.20,"{""shot_type"": ""Medium"", ""lens"": ""35mm"", ""movement"": ""Tracking""}"
2026-02-16T21:40:35.819842,SCENE-001,SCENE-001-SHOT-001,CRITIC_QA,FAIL,0.00,"{""score"": ""0.32"", ""reason"": ""semantic_drift"", ""method"": ""semantic_similarity""}"
2026-02-16T21:40:35.835765,SCENE-002,SCENE-002-SHOT-001,CRITIC_QA,FAIL,0.00,"{""score"": ""0.35"", ""reason"": ""semantic_drift"", ""method"": ""semantic_similarity""}"
2026-02-16T21:40:35.849650,SCENE-002,SCENE-002-SHOT-002,CRITIC_QA,FAIL,0.00,"{""score"": ""0.35"", ""reason"": ""semantic_drift"", ""method"": ""semantic_similarity""}"
2026-02-16T21:40:35.864445,SCENE-003,SCENE-003-SHOT-001,CRITIC_QA,PASS,0.00,"{""score"": ""0.56"", ""method"": ""semantic_similarity""}"
2026-02-16T21:40:35.879176,SCENE-003,SCENE-003-SHOT-002,CRITIC_QA,PASS,0.00,"{""score"": ""0.56"", ""method"": ""semantic_similarity""}"
2026-02-16T21:40:36.412999,SCENE-001,SCENE-001-SHOT-001,IMAGE_GEN,SUCCESS,532.55,"{""seed"": 2011861932}"
2026-02-16T21:40:37.424474,SCENE-001,SCENE-001-SHOT-001,VIDEO_GEN,SUCCESS,1011.29,"{""shot_type"": ""Wide"", ""lens"": ""24mm"", ""movement"": ""Slow Pan""}"
2026-02-16T21:40:37.954536,SCENE-002,SCENE-002-SHOT-001,IMAGE_GEN,SUCCESS,529.59,"{""seed"": 2142169240}"
2026-02-16T21:40:38.966147,SCENE-002,SCENE-002-SHOT-001,VIDEO_GEN,SUCCESS,1011.35,"{""shot_type"": ""Wide"", ""lens"": ""35mm"", ""movement"": ""Tracking""}"
2026-02-16T21:40:39.503043,SCENE-002,SCENE-002-SHOT-002,IMAGE_GEN,SUCCESS,536.33,"{""seed"": 1417424982}"
2026-02-16T21:40:40.514620,SCENE-002,SCENE-002-SHOT-002,VIDEO_GEN,SUCCESS,1011.32,"{""shot_type"": ""Medium"", ""lens"": ""35mm"", ""movement"": ""Tracking""}"
2026-02-16T21:40:41.046331,SCENE-003,SCENE-003-SHOT-001,IMAGE_GEN,SUCCESS,531.16,"{""seed"": 1313308739}"
2026-02-16T21:40:42.057832,SCENE-003,SCENE-003-SHOT-001,VIDEO_GEN,SUCCESS,1011.23,"{""shot_type"": ""Wide"", ""lens"": ""35mm"", ""movement"": ""Tracking""}"
2026-02-16T21:40:42.595092,SCENE-003,SCENE-003-SHOT-002,IMAGE_GEN,SUCCESS,536.45,"{""seed"": 1828254429}"
2026-02-16T21:40:43.606175,SCENE-003,SCENE-003-SHOT-002,VIDEO_GEN,SUCCESS,1010.78,"{""shot_type"": ""Medium"", ""lens"": ""35mm"", ""movement"": ""Tracking""}"
2026-02-16T21:40:43.670594,SCENE-001,SCENE-001-SHOT-001,CRITIC_QA,FAIL,0.00,"{""score"": ""0.32"", ""reason"": ""semantic_drift"", ""method"": ""semantic_similarity""}"
2026-02-16T21:40:43.685409,SCENE-002,SCENE-002-SHOT-001,CRITIC_QA,FAIL,0.00,"{""score"": ""0.35"", ""reason"": ""semantic_drift"", ""method"": ""semantic_similarity""}"
2026-02-16T21:40:43.699142,SCENE-002,SCENE-002-SHOT-002,CRITIC_QA,FAIL,0.00,"{""score"": ""0.35"", ""reason"": ""semantic_drift"", ""method"": ""semantic_similarity""}"
2026-02-16T21:40:43.713401,SCENE-003,SCENE-003-SHOT-001,CRITIC_QA,PASS,0.00,"{""score"": ""0.56"", ""method"": ""semantic_similarity""}"
2026-02-16T21:40:43.727802,SCENE-003,SCENE-003-SHOT-002,CRITIC_QA,PASS,0.00,"{""score"": ""0.56"", ""method"": ""semantic_similarity""}"
2026-02-16T21:40:44.262885,SCENE-001,SCENE-001-SHOT-001,IMAGE_GEN,SUCCESS,533.84,"{""seed"": 2011861932}"
2026-02-16T21:40:45.274643,SCENE-001,SCENE-001-SHOT-001,VIDEO_GEN,SUCCESS,1011.55,"{""shot_type"": ""Wide"", ""lens"": ""24mm"", ""movement"": ""Slow Pan""}"
2026-02-16T21:40:45.802047,SCENE-002,SCENE-002-SHOT-001,IMAGE_GEN,SUCCESS,526.84,"{""seed"": 2142169240}"
2026-02-16T21:40:46.813806,SCENE-002,SCENE-002-SHOT-001,VIDEO_GEN,SUCCESS,1011.40,"{""shot_type"": ""Wide"", ""lens"": ""35mm"", ""movement"": ""Tracking""}"
2026-02-16T21:40:47.325664,SCENE-002,SCENE-002-SHOT-002,IMAGE_GEN,SUCCESS,511.27,"{""seed"": 1417424982}"
2026-02-16T21:40:48.337204,SCENE-002,SCENE-002-SHOT-002,VIDEO_GEN,SUCCESS,1011.34,"{""shot_type"": ""Medium"", ""lens"": ""35mm"", ""movement"": ""Tracking""}"
2026-02-16T21:40:48.873020,SCENE-003,SCENE-003-SHOT-001,IMAGE_GEN,SUCCESS,535.24,"{""seed"": 1313308739}"
2026-02-16T21:40:49.884852,SCENE-003,SCENE-003-SHOT-001,VIDEO_GEN,SUCCESS,1011.53,"{""shot_type"": ""Wide"", ""lens"": ""35mm"", ""movement"": ""Tracking""}"
2026-02-16T21:40:50.423329,SCENE-003,SCENE-003-SHOT-002,IMAGE_GEN,SUCCESS,537.99,"{""seed"": 1828254429}"
2026-02-16T21:40:51.434710,SCENE-003,SCENE-003-SHOT-002,VIDEO_GEN,SUCCESS,1011.14,"{""shot_type"": ""Medium"", ""lens"": ""35mm"", ""movement"": ""Tracking""}"
2026-02-16T21:40:51.497547,SCENE-001,SCENE-001-SHOT-001,CRITIC_QA,FAIL,0.00,"{""score"": ""0.32"", ""reason"": ""semantic_drift"", ""method"": ""semantic_similarity""}"
2026-02-16T21:40:51.512783,SCENE-002,SCENE-002-SHOT-001,CRITIC_QA,FAIL,0.00,"{""score"": ""0.35"", ""reason"": ""semantic_drift"", ""method"": ""semantic_similarity""}"
2026-02-16T21:40:51.526705,SCENE-002,SCENE-002-SHOT-002,CRITIC_QA,FAIL,0.00,"{""score"": ""0.35"", ""reason"": ""semantic_drift"", ""method"": ""semantic_similarity""}"
2026-02-16T21:40:51.541124,SCENE-003,SCENE-003-SHOT-001,CRITIC_QA,PASS,0.00,"{""score"": ""0.56"", ""method"": ""semantic_similarity""}"
2026-02-16T21:40:51.555480,SCENE-003,SCENE-003-SHOT-002,CRITIC_QA,PASS,0.00,"{""score"": ""0.56"", ""method"": ""semantic_similarity""}"
2026-02-16T21:40:52.094163,SCENE-001,SCENE-001-SHOT-001,IMAGE_GEN,SUCCESS,537.43,"{""seed"": 2011861932}"
2026-02-16T21:40:53.105851,SCENE-001,SCENE-001-SHOT-001,VIDEO_GEN,SUCCESS,1011.40,"{""shot_type"": ""Wide"", ""lens"": ""24mm"", ""movement"": ""Slow Pan""}"
2026-02-16T21:40:53.641101,SCENE-002,SCENE-002-SHOT-001,IMAGE_GEN,SUCCESS,534.66,"{""seed"": 2142169240}"
2026-02-16T21:40:54.651880,SCENE-002,SCENE-002-SHOT-001,VIDEO_GEN,SUCCESS,1010.45,"{""shot_type"": ""Wide"", ""lens"": ""35mm"", ""movement"": ""Tracking""}"
2026-02-16T21:40:55.190667,SCENE-002,SCENE-002-SHOT-002,IMAGE_GEN,SUCCESS,538.58,"{""seed"": 1417424982}"
2026-02-16T21:40:56.202226,SCENE-002,SCENE-002-SHOT-002,VIDEO_GEN,SUCCESS,1011.32,"{""shot_type"": ""Medium"", ""lens"": ""35mm"", ""movement"": ""Tracking""}"
2026-02-16T21:40:56.733059,SCENE-003,SCENE-003-SHOT-001,IMAGE_GEN,SUCCESS,530.25,"{""seed"": 1313308739}"
2026-02-16T21:40:57.744480,SCENE-003,SCENE-003-SHOT-001,VIDEO_GEN,SUCCESS,1011.14,"{""shot_type"": ""Wide"", ""lens"": ""35mm"", ""movement"": ""Tracking""}"
2026-02-16T21:40:58.281004,SCENE-003,SCENE-003-SHOT-002,IMAGE_GEN,SUCCESS,536.04,"{""seed"": 1828254429}"
2026-02-16T21:40:59.292334,SCENE-003,SCENE-003-SHOT-002,VIDEO_GEN,SUCCESS,1011.11,"{""shot_type"": ""Medium"", ""lens"": ""35mm"", ""movement"": ""Tracking""}"
2026-02-16T21:40:59.347142,SCENE-001,SCENE-001-SHOT-001,CRITIC_QA,FAIL,0.00,"{""score"": ""0.32"", ""reason"": ""semantic_drift"", ""method"": ""semantic_similarity""}"
2026-02-16T21:40:59.357537,SCENE-002,SCENE-002-SHOT-001,CRITIC_QA,FAIL,0.00,"{""score"": ""0.35"", ""reason"": ""semantic_drift"", ""method"": ""semantic_similarity""}"
2026-02-16T21:40:59.366657,SCENE-002,SCENE-002-SHOT-002,CRITIC_QA,FAIL,0.00,"{""score"": ""0.35"", ""reason"": ""semantic_drift"", ""method"": ""semantic_similarity""}"
2026-02-16T21:40:59.376503,SCENE-003,SCENE-003-SHOT-001,CRITIC_QA,PASS,0.00,"{""score"": ""0.56"", ""method"": ""semantic_similarity""}"
2026-02-16T21:40:59.385619,SCENE-003,SCENE-003-SHOT-002,CRITIC_QA,PASS,0.00,"{""score"": ""0.56"", ""method"": ""semantic_similarity""}"
2026-02-16T21:40:59.927619,SCENE-001,SCENE-001-SHOT-001,IMAGE_GEN,SUCCESS,540.92,"{""seed"": 2011861932}"
2026-02-16T21:41:00.939350,SCENE-001,SCENE-001-SHOT-001,VIDEO_GEN,SUCCESS,1011.41,"{""shot_type"": ""Wide"", ""lens"": ""24mm"", ""movement"": ""Slow Pan""}"
2026-02-16T21:41:01.468458,SCENE-002,SCENE-002-SHOT-001,IMAGE_GEN,SUCCESS,528.52,"{""seed"": 2142169240}"
2026-02-16T21:41:02.479922,SCENE-002,SCENE-002-SHOT-001,VIDEO_GEN,SUCCESS,1011.17,"{""shot_type"": ""Wide"", ""lens"": ""35mm"", ""movement"": ""Tracking""}"
2026-02-16T21:41:03.006348,SCENE-002,SCENE-002-SHOT-002,IMAGE_GEN,SUCCESS,525.93,"{""seed"": 1417424982}"
2026-02-16T21:41:04.017608,SCENE-002,SCENE-002-SHOT-002,VIDEO_GEN,SUCCESS,1011.02,"{""shot_type"": ""Medium"", ""lens"": ""35mm"", ""movement"": ""Tracking""}"
2026-02-16T21:41:04.542365,SCENE-003,SCENE-003-SHOT-001,IMAGE_GEN,SUCCESS,524.26,"{""seed"": 1313308739}"
2026-02-16T21:41:05.553829,SCENE-003,SCENE-003-SHOT-001,VIDEO_GEN,SUCCESS,1011.19,"{""shot_type"": ""Wide"", ""lens"": ""35mm"", ""movement"": ""Tracking""}"
2026-02-16T21:41:06.087213,SCENE-003,SCENE-003-SHOT-002,IMAGE_GEN,SUCCESS,532.82,"{""seed"": 1828254429}"
2026-02-16T21:41:07.098274,SCENE-003,SCENE-003-SHOT-002,VIDEO_GEN,SUCCESS,1010.72,"{""shot_type"": ""Medium"", ""lens"": ""35mm"", ""movement"": ""Tracking""}"
2026-02-16T21:41:07.166672,SCENE-001,SCENE-001-SHOT-001,CRITIC_QA,FAIL,0.00,"{""score"": ""0.32"", ""reason"": ""semantic_drift"", ""method"": ""semantic_similarity""}"
2026-02-16T21:41:07.182131,SCENE-002,SCENE-002-SHOT-001,CRITIC_QA,FAIL,0.00,"{""score"": ""0.35"", ""reason"": ""semantic_drift"", ""method"": ""semantic_similarity""}"
2026-02-16T21:41:07.196011,SCENE-002,SCENE-002-SHOT-002,CRITIC_QA,FAIL,0.00,"{""score"": ""0.35"", ""reason"": ""semantic_drift"", ""method"": ""semantic_similarity""}"
2026-02-16T21:41:07.210381,SCENE-003,SCENE-003-SHOT-001,CRITIC_QA,PASS,0.00,"{""score"": ""0.56"", ""method"": ""semantic_similarity""}"
2026-02-16T21:41:07.224722,SCENE-003,SCENE-003-SHOT-002,CRITIC_QA,PASS,0.00,"{""score"": ""0.56"", ""method"": ""semantic_similarity""}"
2026-02-16T21:41:07.763998,SCENE-001,SCENE-001-SHOT-001,IMAGE_GEN,SUCCESS,538.08,"{""seed"": 2011861932}"
2026-02-16T21:41:08.775559,SCENE-001,SCENE-001-SHOT-001,VIDEO_GEN,SUCCESS,1011.29,"{""shot_type"": ""Wide"", ""lens"": ""24mm"", ""movement"": ""Slow Pan""}"
2026-02-16T21:41:09.305996,SCENE-002,SCENE-002-SHOT-001,IMAGE_GEN,SUCCESS,529.84,"{""seed"": 2142169240}"
2026-02-16T21:41:10.317662,SCENE-002,SCENE-002-SHOT-001,VIDEO_GEN,SUCCESS,1011.38,"{""shot_type"": ""Wide"", ""lens"": ""35mm"", ""movement"": ""Tracking""}"
2026-02-16T21:41:10.852992,SCENE-002,SCENE-002-SHOT-002,IMAGE_GEN,SUCCESS,534.75,"{""seed"": 1417424982}"
2026-02-16T21:41:11.864615,SCENE-002,SCENE-002-SHOT-002,VIDEO_GEN,SUCCESS,1011.32,"{""shot_type"": ""Medium"", ""lens"": ""35mm"", ""movement"": ""Tracking""}"
2026-02-16T21:41:12.394853,SCENE-003,SCENE-003-SHOT-001,IMAGE_GEN,SUCCESS,529.65,"{""seed"": 1313308739}"
2026-02-16T21:41:13.406310,SCENE-003,SCENE-003-SHOT-001,VIDEO_GEN,SUCCESS,1011.16,"{""shot_type"": ""Wide"", ""lens"": ""35mm"", ""movement"": ""Tracking""}"
2026-02-16T21:41:13.943620,SCENE-003,SCENE-003-SHOT-002,IMAGE_GEN,SUCCESS,536.83,"{""seed"": 1828254429}"
2026-02-16T21:41:14.955321,SCENE-003,SCENE-003-SHOT-002,VIDEO_GEN,SUCCESS,1011.42,"{""shot_type"": ""Medium"", ""lens"": ""35mm"", ""movement"": ""Tracking""}"
2026-02-16T21:41:15.016284,SCENE-001,SCENE-001-SHOT-001,CRITIC_QA,FAIL,0.00,"{""score"": ""0.32"", ""reason"": ""semantic_drift"", ""method"": ""semantic_similarity""}"
2026-02-16T21:41:15.031823,SCENE-002,SCENE-002-SHOT-001,CRITIC_QA,FAIL,0.00,"{""score"": ""0.35"", ""reason"": ""semantic_drift"", ""method"": ""semantic_similarity""}"
2026-02-16T21:41:15.046066,SCENE-002,SCENE-002-SHOT-002,CRITIC_QA,FAIL,0.00,"{""score"": ""0.35"", ""reason"": ""semantic_drift"", ""method"": ""semantic_similarity""}"
2026-02-16T21:41:15.060660,SCENE-003,SCENE-003-SHOT-001,CRITIC_QA,PASS,0.00,"{""score"": ""0.56"", ""method"": ""semantic_similarity""}"
2026-02-16T21:41:15.075118,SCENE-003,SCENE-003-SHOT-002,CRITIC_QA,PASS,0.00,"{""score"": ""0.56"", ""method"": ""semantic_similarity""}"
2026-02-16T21:41:15.610229,SCENE-001,SCENE-001-SHOT-001,IMAGE_GEN,SUCCESS,533.83,"{""seed"": 2011861932}"
2026-02-16T21:41:16.621791,SCENE-001,SCENE-001-SHOT-001,VIDEO_GEN,SUCCESS,1011.34,"{""shot_type"": ""Wide"", ""lens"": ""24mm"", ""movement"": ""Slow Pan""}"
2026-02-16T21:41:17.158762,SCENE-002,SCENE-002-SHOT-001,IMAGE_GEN,SUCCESS,536.40,"{""seed"": 2142169240}"
2026-02-16T21:41:18.170587,SCENE-002,SCENE-002-SHOT-001,VIDEO_GEN,SUCCESS,1011.52,"{""shot_type"": ""Wide"", ""lens"": ""35mm"", ""movement"": ""Tracking""}"
2026-02-16T21:41:18.706746,SCENE-002,SCENE-002-SHOT-002,IMAGE_GEN,SUCCESS,535.58,"{""seed"": 1417424982}"
2026-02-16T21:41:19.710361,SCENE-002,SCENE-002-SHOT-002,VIDEO_GEN,SUCCESS,1003.37,"{""shot_type"": ""Medium"", ""lens"": ""35mm"", ""movement"": ""Tracking""}"
2026-02-16T21:41:20.250719,SCENE-003,SCENE-003-SHOT-001,IMAGE_GEN,SUCCESS,540.24,"{""seed"": 1313308739}"
2026-02-16T21:41:21.262194,SCENE-003,SCENE-003-SHOT-001,VIDEO_GEN,SUCCESS,1011.22,"{""shot_type"": ""Wide"", ""lens"": ""35mm"", ""movement"": ""Tracking""}"
2026-02-16T21:41:21.794370,SCENE-003,SCENE-003-SHOT-002,IMAGE_GEN,SUCCESS,531.66,"{""seed"": 1828254429}"
2026-02-16T21:41:22.805568,SCENE-003,SCENE-003-SHOT-002,VIDEO_GEN,SUCCESS,1010.91,"{""shot_type"": ""Medium"", ""lens"": ""35mm"", ""movement"": ""Tracking""}"
2026-02-16T21:41:22.867597,SCENE-001,SCENE-001-SHOT-001,CRITIC_QA,FAIL,0.00,"{""score"": ""0.32"", ""reason"": ""semantic_drift"", ""method"": ""semantic_similarity""}"
2026-02-16T21:41:22.883165,SCENE-002,SCENE-002-SHOT-001,CRITIC_QA,FAIL,0.00,"{""score"": ""0.35"", ""reason"": ""semantic_drift"", ""method"": ""semantic_similarity""}"
2026-02-16T21:41:22.897144,SCENE-002,SCENE-002-SHOT-002,CRITIC_QA,FAIL,0.00,"{""score"": ""0.35"", ""reason"": ""semantic_drift"", ""method"": ""semantic_similarity""}"
2026-02-16T21:41:22.911753,SCENE-003,SCENE-003-SHOT-001,CRITIC_QA,PASS,0.00,"{""score"": ""0.56"", ""method"": ""semantic_similarity""}"
2026-02-16T21:41:22.926326,SCENE-003,SCENE-003-SHOT-002,CRITIC_QA,PASS,0.00,"{""score"": ""0.56"", ""method"": ""semantic_similarity""}"
2026-02-16T21:41:23.466867,SCENE-001,SCENE-001-SHOT-001,IMAGE_GEN,SUCCESS,539.30,"{""seed"": 2011861932}"
2026-02-16T21:41:24.478252,SCENE-001,SCENE-001-SHOT-001,VIDEO_GEN,SUCCESS,1011.15,"{""shot_type"": ""Wide"", ""lens"": ""24mm"", ""movement"": ""Slow Pan""}"
2026-02-16T21:41:25.003200,SCENE-002,SCENE-002-SHOT-001,IMAGE_GEN,SUCCESS,524.46,"{""seed"": 2142169240}"
2026-02-16T21:41:26.014576,SCENE-002,SCENE-002-SHOT-001,VIDEO_GEN,SUCCESS,1011.07,"{""shot_type"": ""Wide"", ""lens"": ""35mm"", ""movement"": ""Tracking""}"
2026-02-16T21:41:26.545683,SCENE-002,SCENE-002-SHOT-002,IMAGE_GEN,SUCCESS,530.61,"{""seed"": 1417424982}"
2026-02-16T21:41:27.557134,SCENE-002,SCENE-002-SHOT-002,VIDEO_GEN,SUCCESS,1011.23,"{""shot_type"": ""Medium"", ""lens"": ""35mm"", ""movement"": ""Tracking""}"
2026-02-16T21:41:28.091028,SCENE-003,SCENE-003-SHOT-001,IMAGE_GEN,SUCCESS,533.33,"{""seed"": 1313308739}"
2026-02-16T21:41:29.102437,SCENE-003,SCENE-003-SHOT-001,VIDEO_GEN,SUCCESS,1011.13,"{""shot_type"": ""Wide"", ""lens"": ""35mm"", ""movement"": ""Tracking""}"
2026-02-16T21:41:29.634486,SCENE-003,SCENE-003-SHOT-002,IMAGE_GEN,SUCCESS,531.55,"{""seed"": 1828254429}"
2026-02-16T21:41:30.645483,SCENE-003,SCENE-003-SHOT-002,VIDEO_GEN,SUCCESS,1010.77,"{""shot_type"": ""Medium"", ""lens"": ""35mm"", ""movement"": ""Tracking""}"
2026-02-16T21:41:30.704371,SCENE-001,SCENE-001-SHOT-001,CRITIC_QA,FAIL,0.00,"{""score"": ""0.32"", ""reason"": ""semantic_drift"", ""method"": ""semantic_similarity""}"
2026-02-16T21:41:30.720181,SCENE-002,SCENE-002-SHOT-001,CRITIC_QA,FAIL,0.00,"{""score"": ""0.35"", ""reason"": ""semantic_drift"", ""method"": ""semantic_similarity""}"
2026-02-16T21:41:30.734618,SCENE-002,SCENE-002-SHOT-002,CRITIC_QA,FAIL,0.00,"{""score"": ""0.35"", ""reason"": ""semantic_drift"", ""method"": ""semantic_similarity""}"
2026-02-16T21:41:30.749633,SCENE-003,SCENE-003-SHOT-001,CRITIC_QA,PASS,0.00,"{""score"": ""0.56"", ""method"": ""semantic_similarity""}"
2026-02-16T21:41:30.764295,SCENE-003,SCENE-003-SHOT-002,CRITIC_QA,PASS,0.00,"{""score"": ""0.56"", ""method"": ""semantic_similarity""}"
2026-02-16T21:41:31.299565,SCENE-001,SCENE-001-SHOT-001,IMAGE_GEN,SUCCESS,533.95,"{""seed"": 2011861932}"
2026-02-16T21:41:32.311378,SCENE-001,SCENE-001-SHOT-001,VIDEO_GEN,SUCCESS,1011.50,"{""shot_type"": ""Wide"", ""lens"": ""24mm"", ""movement"": ""Slow Pan""}"
2026-02-16T21:41:32.839209,SCENE-002,SCENE-002-SHOT-001,IMAGE_GEN,SUCCESS,527.23,"{""seed"": 2142169240}"
2026-02-16T21:41:33.844713,SCENE-002,SCENE-002-SHOT-001,VIDEO_GEN,SUCCESS,1005.22,"{""shot_type"": ""Wide"", ""lens"": ""35mm"", ""movement"": ""Tracking""}"
2026-02-16T21:41:34.379832,SCENE-002,SCENE-002-SHOT-002,IMAGE_GEN,SUCCESS,534.91,"{""seed"": 1417424982}"
2026-02-16T21:41:35.391278,SCENE-002,SCENE-002-SHOT-002,VIDEO_GEN,SUCCESS,1011.24,"{""shot_type"": ""Medium"", ""lens"": ""35mm"", ""movement"": ""Tracking""}"
2026-02-16T21:41:35.921333,SCENE-003,SCENE-003-SHOT-001,IMAGE_GEN,SUCCESS,529.52,"{""seed"": 1313308739}"
2026-02-16T21:41:36.932771,SCENE-003,SCENE-003-SHOT-001,VIDEO_GEN,SUCCESS,1011.12,"{""shot_type"": ""Wide"", ""lens"": ""35mm"", ""movement"": ""Tracking""}"
2026-02-16T21:41:37.463145,SCENE-003,SCENE-003-SHOT-002,IMAGE_GEN,SUCCESS,529.88,"{""seed"": 1828254429}"
2026-02-16T21:41:38.474499,SCENE-003,SCENE-003-SHOT-002,VIDEO_GEN,SUCCESS,1011.11,"{""shot_type"": ""Medium"", ""lens"": ""35mm"", ""movement"": ""Tracking""}"
2026-02-16T21:41:38.530941,SCENE-001,SCENE-001-SHOT-001,CRITIC_QA,FAIL,0.00,"{""score"": ""0.32"", ""reason"": ""semantic_drift"", ""method"": ""semantic_similarity""}"
2026-02-16T21:41:38.546215,SCENE-002,SCENE-002-SHOT-001,CRITIC_QA,FAIL,0.00,"{""score"": ""0.35"", ""reason"": ""semantic_drift"", ""method"": ""semantic_similarity""}"
2026-02-16T21:41:38.560092,SCENE-002,SCENE-002-SHOT-002,CRITIC_QA,FAIL,0.00,"{""score"": ""0.35"", ""reason"": ""semantic_drift"", ""method"": ""semantic_similarity""}"
2026-02-16T21:41:38.574649,SCENE-003,SCENE-003-SHOT-001,CRITIC_QA,PASS,0.00,"{""score"": ""0.56"", ""method"": ""semantic_similarity""}"
2026-02-16T21:41:38.589100,SCENE-003,SCENE-003-SHOT-002,CRITIC_QA,PASS,0.00,"{""score"": ""0.56"", ""method"": ""semantic_similarity""}"
2026-02-16T21:41:39.122734,SCENE-001,SCENE-001-SHOT-001,IMAGE_GEN,SUCCESS,532.27,"{""seed"": 2011861932}"
2026-02-16T21:41:40.133821,SCENE-001,SCENE-001-SHOT-001,VIDEO_GEN,SUCCESS,1010.84,"{""shot_type"": ""Wide"", ""lens"": ""24mm"", ""movement"": ""Slow Pan""}"
2026-02-16T21:41:40.672797,SCENE-002,SCENE-002-SHOT-001,IMAGE_GEN,SUCCESS,538.63,"{""seed"": 2142169240}"
2026-02-16T21:41:41.684330,SCENE-002,SCENE-002-SHOT-001,VIDEO_GEN,SUCCESS,1011.21,"{""shot_type"": ""Wide"", ""lens"": ""35mm"", ""movement"": ""Tracking""}"
2026-02-16T21:41:42.214474,SCENE-002,SCENE-002-SHOT-002,IMAGE_GEN,SUCCESS,529.58,"{""seed"": 1417424982}"
2026-02-16T21:41:43.225732,SCENE-002,SCENE-002-SHOT-002,VIDEO_GEN,SUCCESS,1011.01,"{""shot_type"": ""Medium"", ""lens"": ""35mm"", ""movement"": ""Tracking""}"
2026-02-16T21:41:43.751794,SCENE-003,SCENE-003-SHOT-001,IMAGE_GEN,SUCCESS,525.52,"{""seed"": 1313308739}"
2026-02-16T21:41:44.762425,SCENE-003,SCENE-003-SHOT-001,VIDEO_GEN,SUCCESS,1010.37,"{""shot_type"": ""Wide"", ""lens"": ""35mm"", ""movement"": ""Tracking""}"
2026-02-16T21:41:45.299391,SCENE-003,SCENE-003-SHOT-002,IMAGE_GEN,SUCCESS,536.82,"{""seed"": 1828254429}"
2026-02-16T21:41:46.310955,SCENE-003,SCENE-003-SHOT-002,VIDEO_GEN,SUCCESS,1011.32,"{""shot_type"": ""Medium"", ""lens"": ""35mm"", ""movement"": ""Tracking""}"
2026-02-16T21:41:46.379870,SCENE-001,SCENE-001-SHOT-001,CRITIC_QA,FAIL,0.00,"{""score"": ""0.32"", ""reason"": ""semantic_drift"", ""method"": ""semantic_similarity""}"
2026-02-16T21:41:46.395321,SCENE-002,SCENE-002-SHOT-001,CRITIC_QA,FAIL,0.00,"{""score"": ""0.35"", ""reason"": ""semantic_drift"", ""method"": ""semantic_similarity""}"
2026-02-16T21:41:46.409010,SCENE-002,SCENE-002-SHOT-002,CRITIC_QA,FAIL,0.00,"{""score"": ""0.35"", ""reason"": ""semantic_drift"", ""method"": ""semantic_similarity""}"
2026-02-16T21:41:46.423323,SCENE-003,SCENE-003-SHOT-001,CRITIC_QA,PASS,0.00,"{""score"": ""0.56"", ""method"": ""semantic_similarity""}"
2026-02-16T21:41:46.437681,SCENE-003,SCENE-003-SHOT-002,CRITIC_QA,PASS,0.00,"{""score"": ""0.56"", ""method"": ""semantic_similarity""}"
2026-02-16T21:41:46.974272,SCENE-001,SCENE-001-SHOT-001,IMAGE_GEN,SUCCESS,535.37,"{""seed"": 2011861932}"
2026-02-16T21:41:47.985907,SCENE-001,SCENE-001-SHOT-001,VIDEO_GEN,SUCCESS,1011.41,"{""shot_type"": ""Wide"", ""lens"": ""24mm"", ""movement"": ""Slow Pan""}"
2026-02-16T21:41:48.512836,SCENE-002,SCENE-002-SHOT-001,IMAGE_GEN,SUCCESS,526.40,"{""seed"": 2142169240}"
2026-02-16T21:41:49.524061,SCENE-002,SCENE-002-SHOT-001,VIDEO_GEN,SUCCESS,1010.96,"{""shot_type"": ""Wide"", ""lens"": ""35mm"", ""movement"": ""Tracking""}"
2026-02-16T21:41:50.045667,SCENE-002,SCENE-002-SHOT-002,IMAGE_GEN,SUCCESS,521.21,"{""seed"": 1417424982}"
2026-02-16T21:41:51.057224,SCENE-002,SCENE-002-SHOT-002,VIDEO_GEN,SUCCESS,1011.35,"{""shot_type"": ""Medium"", ""lens"": ""35mm"", ""movement"": ""Tracking""}"
2026-02-16T21:41:51.590411,SCENE-003,SCENE-003-SHOT-001,IMAGE_GEN,SUCCESS,532.70,"{""seed"": 1313308739}"
2026-02-16T21:41:52.601754,SCENE-003,SCENE-003-SHOT-001,VIDEO_GEN,SUCCESS,1011.05,"{""shot_type"": ""Wide"", ""lens"": ""35mm"", ""movement"": ""Tracking""}"
2026-02-16T21:41:53.138813,SCENE-003,SCENE-003-SHOT-002,IMAGE_GEN,SUCCESS,536.56,"{""seed"": 1828254429}"
2026-02-16T21:41:54.150406,SCENE-003,SCENE-003-SHOT-002,VIDEO_GEN,SUCCESS,1011.34,"{""shot_type"": ""Medium"", ""lens"": ""35mm"", ""movement"": ""Tracking""}"
2026-02-16T21:41:54.240737,SCENE-001,SCENE-001-SHOT-001,CRITIC_QA,FAIL,0.00,"{""score"": ""0.32"", ""reason"": ""semantic_drift"", ""method"": ""semantic_similarity""}"
2026-02-16T21:41:54.256129,SCENE-002,SCENE-002-SHOT-001,CRITIC_QA,FAIL,0.00,"{""score"": ""0.35"", ""reason"": ""semantic_drift"", ""method"": ""semantic_similarity""}"
2026-02-16T21:41:54.269627,SCENE-002,SCENE-002-SHOT-002,CRITIC_QA,FAIL,0.00,"{""score"": ""0.35"", ""reason"": ""semantic_drift"", ""method"": ""semantic_similarity""}"
2026-02-16T21:41:54.283931,SCENE-003,SCENE-003-SHOT-001,CRITIC_QA,PASS,0.00,"{""score"": ""0.56"", ""method"": ""semantic_similarity""}"
2026-02-16T21:41:54.298213,SCENE-003,SCENE-003-SHOT-002,CRITIC_QA,PASS,0.00,"{""score"": ""0.56"", ""method"": ""semantic_similarity""}"
2026-02-16T21:41:54.819225,SCENE-001,SCENE-001-SHOT-001,IMAGE_GEN,SUCCESS,519.58,"{""seed"": 2011861932}"
2026-02-16T21:41:55.830535,SCENE-001,SCENE-001-SHOT-001,VIDEO_GEN,SUCCESS,1011.12,"{""shot_type"": ""Wide"", ""lens"": ""24mm"", ""movement"": ""Slow Pan""}"
2026-02-16T21:41:56.363037,SCENE-002,SCENE-002-SHOT-001,IMAGE_GEN,SUCCESS,531.92,"{""seed"": 2142169240}"
2026-02-16T21:41:57.374593,SCENE-002,SCENE-002-SHOT-001,VIDEO_GEN,SUCCESS,1011.29,"{""shot_type"": ""Wide"", ""lens"": ""35mm"", ""movement"": ""Tracking""}"
2026-02-16T21:41:57.906517,SCENE-002,SCENE-002-SHOT-002,IMAGE_GEN,SUCCESS,531.36,"{""seed"": 1417424982}"
2026-02-16T21:41:58.917601,SCENE-002,SCENE-002-SHOT-002,VIDEO_GEN,SUCCESS,1010.83,"{""shot_type"": ""Medium"", ""lens"": ""35mm"", ""movement"": ""Tracking""}"
2026-02-16T21:41:59.441221,SCENE-003,SCENE-003-SHOT-001,IMAGE_GEN,SUCCESS,523.15,"{""seed"": 1313308739}"
2026-02-16T21:42:00.452888,SCENE-003,SCENE-003-SHOT-001,VIDEO_GEN,SUCCESS,1011.40,"{""shot_type"": ""Wide"", ""lens"": ""35mm"", ""movement"": ""Tracking""}"
2026-02-16T21:42:00.986837,SCENE-003,SCENE-003-SHOT-002,IMAGE_GEN,SUCCESS,533.15,"{""seed"": 1828254429}"
2026-02-16T21:42:01.998534,SCENE-003,SCENE-003-SHOT-002,VIDEO_GEN,SUCCESS,1011.41,"{""shot_type"": ""Medium"", ""lens"": ""35mm"", ""movement"": ""Tracking""}"
2026-02-16T21:42:02.055437,SCENE-001,SCENE-001-SHOT-001,CRITIC_QA,FAIL,0.00,"{""score"": ""0.32"", ""reason"": ""semantic_drift"", ""method"": ""semantic_similarity""}"
2026-02-16T21:42:02.070501,SCENE-002,SCENE-002-SHOT-001,CRITIC_QA,FAIL,0.00,"{""score"": ""0.35"", ""reason"": ""semantic_drift"", ""method"": ""semantic_similarity""}"
2026-02-16T21:42:02.084372,SCENE-002,SCENE-002-SHOT-002,CRITIC_QA,FAIL,0.00,"{""score"": ""0.35"", ""reason"": ""semantic_drift"", ""method"": ""semantic_similarity""}"
2026-02-16T21:42:02.098741,SCENE-003,SCENE-003-SHOT-001,CRITIC_QA,PASS,0.00,"{""score"": ""0.56"", ""method"": ""semantic_similarity""}"
2026-02-16T21:42:02.112925,SCENE-003,SCENE-003-SHOT-002,CRITIC_QA,PASS,0.00,"{""score"": ""0.56"", ""method"": ""semantic_similarity""}"
2026-02-16T21:42:02.649717,SCENE-001,SCENE-001-SHOT-001,IMAGE_GEN,SUCCESS,535.56,"{""seed"": 2011861932}"
2026-02-16T21:42:03.661343,SCENE-001,SCENE-001-SHOT-001,VIDEO_GEN,SUCCESS,1011.38,"{""shot_type"": ""Wide"", ""lens"": ""24mm"", ""movement"": ""Slow Pan""}"
2026-02-16T21:42:04.192743,SCENE-002,SCENE-002-SHOT-001,IMAGE_GEN,SUCCESS,530.83,"{""seed"": 2142169240}"
2026-02-16T21:42:05.204291,SCENE-002,SCENE-002-SHOT-001,VIDEO_GEN,SUCCESS,1011.27,"{""shot_type"": ""Wide"", ""lens"": ""35mm"", ""movement"": ""Tracking""}"
2026-02-16T21:42:05.735719,SCENE-002,SCENE-002-SHOT-002,IMAGE_GEN,SUCCESS,530.89,"{""seed"": 1417424982}"
2026-02-16T21:42:06.747364,SCENE-002,SCENE-002-SHOT-002,VIDEO_GEN,SUCCESS,1011.36,"{""shot_type"": ""Medium"", ""lens"": ""35mm"", ""movement"": ""Tracking""}"
2026-02-16T21:42:07.281306,SCENE-003,SCENE-003-SHOT-001,IMAGE_GEN,SUCCESS,533.36,"{""seed"": 1313308739}"
2026-02-16T21:42:08.292673,SCENE-003,SCENE-003-SHOT-001,VIDEO_GEN,SUCCESS,1011.11,"{""shot_type"": ""Wide"", ""lens"": ""35mm"", ""movement"": ""Tracking""}"
2026-02-16T21:42:08.830986,SCENE-003,SCENE-003-SHOT-002,IMAGE_GEN,SUCCESS,537.82,"{""seed"": 1828254429}"
2026-02-16T21:42:09.840143,SCENE-003,SCENE-003-SHOT-002,VIDEO_GEN,SUCCESS,1008.91,"{""shot_type"": ""Medium"", ""lens"": ""35mm"", ""movement"": ""Tracking""}"
2026-02-16T21:42:09.891308,SCENE-001,SCENE-001-SHOT-001,CRITIC_QA,FAIL,0.00,"{""score"": ""0.32"", ""reason"": ""semantic_drift"", ""method"": ""semantic_similarity""}"
2026-02-16T21:42:09.906608,SCENE-002,SCENE-002-SHOT-001,CRITIC_QA,FAIL,0.00,"{""score"": ""0.35"", ""reason"": ""semantic_drift"", ""method"": ""semantic_similarity""}"
2026-02-16T21:42:09.920461,SCENE-002,SCENE-002-SHOT-002,CRITIC_QA,FAIL,0.00,"{""score"": ""0.35"", ""reason"": ""semantic_drift"", ""method"": ""semantic_similarity""}"
2026-02-16T21:42:09.934787,SCENE-003,SCENE-003-SHOT-001,CRITIC_QA,PASS,0.00,"{""score"": ""0.56"", ""method"": ""semantic_similarity""}"
2026-02-16T21:42:09.949403,SCENE-003,SCENE-003-SHOT-002,CRITIC_QA,PASS,0.00,"{""score"": ""0.56"", ""method"": ""semantic_similarity""}"
2026-02-16T21:42:10.485796,SCENE-001,SCENE-001-SHOT-001,IMAGE_GEN,SUCCESS,535.15,"{""seed"": 2011861932}"
2026-02-16T21:42:11.497250,SCENE-001,SCENE-001-SHOT-001,VIDEO_GEN,SUCCESS,1011.24,"{""shot_type"": ""Wide"", ""lens"": ""24mm"", ""movement"": ""Slow Pan""}"
2026-02-16T21:42:12.030781,SCENE-002,SCENE-002-SHOT-001,IMAGE_GEN,SUCCESS,532.98,"{""seed"": 2142169240}"
2026-02-16T21:42:13.042226,SCENE-002,SCENE-002-SHOT-001,VIDEO_GEN,SUCCESS,1011.13,"{""shot_type"": ""Wide"", ""lens"": ""35mm"", ""movement"": ""Tracking""}"
2026-02-16T21:42:13.571573,SCENE-002,SCENE-002-SHOT-002,IMAGE_GEN,SUCCESS,528.87,"{""seed"": 1417424982}"
2026-02-16T21:42:14.583214,SCENE-002,SCENE-002-SHOT-002,VIDEO_GEN,SUCCESS,1011.38,"{""shot_type"": ""Medium"", ""lens"": ""35mm"", ""movement"": ""Tracking""}"
2026-02-16T21:42:15.112839,SCENE-003,SCENE-003-SHOT-001,IMAGE_GEN,SUCCESS,529.05,"{""seed"": 1313308739}"
2026-02-16T21:42:16.123936,SCENE-003,SCENE-003-SHOT-001,VIDEO_GEN,SUCCESS,1010.81,"{""shot_type"": ""Wide"", ""lens"": ""35mm"", ""movement"": ""Tracking""}"
2026-02-16T21:42:16.656375,SCENE-003,SCENE-003-SHOT-002,IMAGE_GEN,SUCCESS,532.11,"{""seed"": 1828254429}"
2026-02-16T21:42:17.667949,SCENE-003,SCENE-003-SHOT-002,VIDEO_GEN,SUCCESS,1011.30,"{""shot_type"": ""Medium"", ""lens"": ""35mm"", ""movement"": ""Tracking""}"
2026-02-16T21:42:17.728786,SCENE-001,SCENE-001-SHOT-001,CRITIC_QA,FAIL,0.00,"{""score"": ""0.32"", ""reason"": ""semantic_drift"", ""method"": ""semantic_similarity""}"
2026-02-16T21:42:17.744777,SCENE-002,SCENE-002-SHOT-001,CRITIC_QA,FAIL,0.00,"{""score"": ""0.35"", ""reason"": ""semantic_drift"", ""method"": ""semantic_similarity""}"
2026-02-16T21:42:17.758840,SCENE-002,SCENE-002-SHOT-002,CRITIC_QA,FAIL,0.00,"{""score"": ""0.35"", ""reason"": ""semantic_drift"", ""method"": ""semantic_similarity""}"
2026-02-16T21:42:17.773700,SCENE-003,SCENE-003-SHOT-001,CRITIC_QA,PASS,0.00,"{""score"": ""0.56"", ""method"": ""semantic_similarity""}"
2026-02-16T21:42:17.788457,SCENE-003,SCENE-003-SHOT-002,CRITIC_QA,PASS,0.00,"{""score"": ""0.56"", ""method"": ""semantic_similarity""}"
2026-02-16T21:42:18.331105,SCENE-001,SCENE-001-SHOT-001,IMAGE_GEN,SUCCESS,541.33,"{""seed"": 2011861932}"
2026-02-16T21:42:19.342710,SCENE-001,SCENE-001-SHOT-001,VIDEO_GEN,SUCCESS,1011.36,"{""shot_type"": ""Wide"", ""lens"": ""24mm"", ""movement"": ""Slow Pan""}"
2026-02-16T21:42:19.863580,SCENE-002,SCENE-002-SHOT-001,IMAGE_GEN,SUCCESS,520.33,"{""seed"": 2142169240}"
2026-02-16T21:42:20.874964,SCENE-002,SCENE-002-SHOT-001,VIDEO_GEN,SUCCESS,1011.17,"{""shot_type"": ""Wide"", ""lens"": ""35mm"", ""movement"": ""Tracking""}"
2026-02-16T21:42:21.409945,SCENE-002,SCENE-002-SHOT-002,IMAGE_GEN,SUCCESS,534.49,"{""seed"": 1417424982}"
2026-02-16T21:42:22.421321,SCENE-002,SCENE-002-SHOT-002,VIDEO_GEN,SUCCESS,1011.19,"{""shot_type"": ""Medium"", ""lens"": ""35mm"", ""movement"": ""Tracking""}"
2026-02-16T21:42:22.957375,SCENE-003,SCENE-003-SHOT-001,IMAGE_GEN,SUCCESS,535.46,"{""seed"": 1313308739}"
2026-02-16T21:42:23.968626,SCENE-003,SCENE-003-SHOT-001,VIDEO_GEN,SUCCESS,1010.99,"{""shot_type"": ""Wide"", ""lens"": ""35mm"", ""movement"": ""Tracking""}"
2026-02-16T21:42:24.492451,SCENE-003,SCENE-003-SHOT-002,IMAGE_GEN,SUCCESS,523.37,"{""seed"": 1828254429}"
2026-02-16T21:42:25.504494,SCENE-003,SCENE-003-SHOT-002,VIDEO_GEN,SUCCESS,1011.79,"{""shot_type"": ""Medium"", ""lens"": ""35mm"", ""movement"": ""Tracking""}"
2026-02-16T21:42:25.589059,SCENE-001,SCENE-001-SHOT-001,CRITIC_QA,FAIL,0.00,"{""score"": ""0.32"", ""reason"": ""semantic_drift"", ""method"": ""semantic_similarity""}"
2026-02-16T21:42:25.604043,SCENE-002,SCENE-002-SHOT-001,CRITIC_QA,FAIL,0.00,"{""score"": ""0.35"", ""reason"": ""semantic_drift"", ""method"": ""semantic_similarity""}"
2026-02-16T21:42:25.617569,SCENE-002,SCENE-002-SHOT-002,CRITIC_QA,FAIL,0.00,"{""score"": ""0.35"", ""reason"": ""semantic_drift"", ""method"": ""semantic_similarity""}"
2026-02-16T21:42:25.631779,SCENE-003,SCENE-003-SHOT-001,CRITIC_QA,PASS,0.00,"{""score"": ""0.56"", ""method"": ""semantic_similarity""}"
2026-02-16T21:42:25.646038,SCENE-003,SCENE-003-SHOT-002,CRITIC_QA,PASS,0.00,"{""score"": ""0.56"", ""method"": ""semantic_similarity""}"
2026-02-16T21:42:26.185151,SCENE-001,SCENE-001-SHOT-001,IMAGE_GEN,SUCCESS,537.89,"{""seed"": 2011861932}"
2026-02-16T21:42:27.196678,SCENE-001,SCENE-001-SHOT-001,VIDEO_GEN,SUCCESS,1011.24,"{""shot_type"": ""Wide"", ""lens"": ""24mm"", ""movement"": ""Slow Pan""}"
2026-02-16T21:42:27.729624,SCENE-002,SCENE-002-SHOT-001,IMAGE_GEN,SUCCESS,532.45,"{""seed"": 2142169240}"
2026-02-16T21:42:28.741110,SCENE-002,SCENE-002-SHOT-001,VIDEO_GEN,SUCCESS,1011.16,"{""shot_type"": ""Wide"", ""lens"": ""35mm"", ""movement"": ""Tracking""}"
2026-02-16T21:42:29.272766,SCENE-002,SCENE-002-SHOT-002,IMAGE_GEN,SUCCESS,531.15,"{""seed"": 1417424982}"
2026-02-16T21:42:30.284319,SCENE-002,SCENE-002-SHOT-002,VIDEO_GEN,SUCCESS,1011.30,"{""shot_type"": ""Medium"", ""lens"": ""35mm"", ""movement"": ""Tracking""}"
2026-02-16T21:42:30.817560,SCENE-003,SCENE-003-SHOT-001,IMAGE_GEN,SUCCESS,532.67,"{""seed"": 1313308739}"
2026-02-16T21:42:31.828946,SCENE-003,SCENE-003-SHOT-001,VIDEO_GEN,SUCCESS,1011.11,"{""shot_type"": ""Wide"", ""lens"": ""35mm"", ""movement"": ""Tracking""}"
2026-02-16T21:42:32.357285,SCENE-003,SCENE-003-SHOT-002,IMAGE_GEN,SUCCESS,527.84,"{""seed"": 1828254429}"
2026-02-16T21:42:33.368693,SCENE-003,SCENE-003-SHOT-002,VIDEO_GEN,SUCCESS,1011.19,"{""shot_type"": ""Medium"", ""lens"": ""35mm"", ""movement"": ""Tracking""}"
2026-02-16T21:42:33.428353,SCENE-001,SCENE-001-SHOT-001,CRITIC_QA,FAIL,0.00,"{""score"": ""0.32"", ""reason"": ""semantic_drift"", ""method"": ""semantic_similarity""}"
2026-02-16T21:42:33.444389,SCENE-002,SCENE-002-SHOT-001,CRITIC_QA,FAIL,0.00,"{""score"": ""0.35"", ""reason"": ""semantic_drift"", ""method"": ""semantic_similarity""}"
2026-02-16T21:42:33.458542,SCENE-002,SCENE-002-SHOT-002,CRITIC_QA,FAIL,0.00,"{""score"": ""0.35"", ""reason"": ""semantic_drift"", ""method"": ""semantic_similarity""}"
2026-02-16T21:42:33.473041,SCENE-003,SCENE-003-SHOT-001,CRITIC_QA,PASS,0.00,"{""score"": ""0.56"", ""method"": ""semantic_similarity""}"
2026-02-16T21:42:33.487839,SCENE-003,SCENE-003-SHOT-002,CRITIC_QA,PASS,0.00,"{""score"": ""0.56"", ""method"": ""semantic_similarity""}"
2026-02-16T21:42:34.029701,SCENE-001,SCENE-001-SHOT-001,IMAGE_GEN,SUCCESS,540.54,"{""seed"": 2011861932}"
2026-02-16T21:42:35.041521,SCENE-001,SCENE-001-SHOT-001,VIDEO_GEN,SUCCESS,1011.56,"{""shot_type"": ""Wide"", ""lens"": ""24mm"", ""movement"": ""Slow Pan""}"
2026-02-16T21:42:35.576394,SCENE-002,SCENE-002-SHOT-001,IMAGE_GEN,SUCCESS,534.27,"{""seed"": 2142169240}"
2026-02-16T21:42:36.587992,SCENE-002,SCENE-002-SHOT-001,VIDEO_GEN,SUCCESS,1011.23,"{""shot_type"": ""Wide"", ""lens"": ""35mm"", ""movement"": ""Tracking""}"
2026-02-16T21:42:37.124734,SCENE-002,SCENE-002-SHOT-002,IMAGE_GEN,SUCCESS,536.24,"{""seed"": 1417424982}"
2026-02-16T21:42:38.136183,SCENE-002,SCENE-002-SHOT-002,VIDEO_GEN,SUCCESS,1011.19,"{""shot_type"": ""Medium"", ""lens"": ""35mm"", ""movement"": ""Tracking""}"
2026-02-16T21:42:38.668607,SCENE-003,SCENE-003-SHOT-001,IMAGE_GEN,SUCCESS,531.91,"{""seed"": 1313308739}"
2026-02-16T21:42:39.680151,SCENE-003,SCENE-003-SHOT-001,VIDEO_GEN,SUCCESS,1011.25,"{""shot_type"": ""Wide"", ""lens"": ""35mm"", ""movement"": ""Tracking""}"
2026-02-16T21:42:40.214438,SCENE-003,SCENE-003-SHOT-002,IMAGE_GEN,SUCCESS,533.73,"{""seed"": 1828254429}"
2026-02-16T21:42:41.226028,SCENE-003,SCENE-003-SHOT-002,VIDEO_GEN,SUCCESS,1011.29,"{""shot_type"": ""Medium"", ""lens"": ""35mm"", ""movement"": ""Tracking""}"
2026-02-16T21:42:41.289945,SCENE-001,SCENE-001-SHOT-001,CRITIC_QA,FAIL,0.00,"{""score"": ""0.32"", ""reason"": ""semantic_drift"", ""method"": ""semantic_similarity""}"
2026-02-16T21:42:41.305635,SCENE-002,SCENE-002-SHOT-001,CRITIC_QA,FAIL,0.00,"{""score"": ""0.35"", ""reason"": ""semantic_drift"", ""method"": ""semantic_similarity""}"
2026-02-16T21:42:41.319813,SCENE-002,SCENE-002-SHOT-002,CRITIC_QA,FAIL,0.00,"{""score"": ""0.35"", ""reason"": ""semantic_drift"", ""method"": ""semantic_similarity""}"
2026-02-16T21:42:41.334424,SCENE-003,SCENE-003-SHOT-001,CRITIC_QA,PASS,0.00,"{""score"": ""0.56"", ""method"": ""semantic_similarity""}"
2026-02-16T21:42:41.349234,SCENE-003,SCENE-003-SHOT-002,CRITIC_QA,PASS,0.00,"{""score"": ""0.56"", ""method"": ""semantic_similarity""}"
2026-02-16T21:42:41.888653,SCENE-001,SCENE-001-SHOT-001,IMAGE_GEN,SUCCESS,538.09,"{""seed"": 2011861932}"
2026-02-16T21:42:42.900341,SCENE-001,SCENE-001-SHOT-001,VIDEO_GEN,SUCCESS,1011.43,"{""shot_type"": ""Wide"", ""lens"": ""24mm"", ""movement"": ""Slow Pan""}"
2026-02-16T21:42:43.431297,SCENE-002,SCENE-002-SHOT-001,IMAGE_GEN,SUCCESS,530.35,"{""seed"": 2142169240}"
2026-02-16T21:42:44.435040,SCENE-002,SCENE-002-SHOT-001,VIDEO_GEN,SUCCESS,1003.45,"{""shot_type"": ""Wide"", ""lens"": ""35mm"", ""movement"": ""Tracking""}"
2026-02-16T21:42:44.963302,SCENE-002,SCENE-002-SHOT-002,IMAGE_GEN,SUCCESS,527.90,"{""seed"": 1417424982}"
2026-02-16T21:42:45.974842,SCENE-002,SCENE-002-SHOT-002,VIDEO_GEN,SUCCESS,1011.24,"{""shot_type"": ""Medium"", ""lens"": ""35mm"", ""movement"": ""Tracking""}"
2026-02-16T21:42:46.512191,SCENE-003,SCENE-003-SHOT-001,IMAGE_GEN,SUCCESS,536.81,"{""seed"": 1313308739}"
2026-02-16T21:42:47.522814,SCENE-003,SCENE-003-SHOT-001,VIDEO_GEN,SUCCESS,1010.37,"{""shot_type"": ""Wide"", ""lens"": ""35mm"", ""movement"": ""Tracking""}"
2026-02-16T21:42:48.057138,SCENE-003,SCENE-003-SHOT-002,IMAGE_GEN,SUCCESS,533.95,"{""seed"": 1828254429}"
2026-02-16T21:42:49.068654,SCENE-003,SCENE-003-SHOT-002,VIDEO_GEN,SUCCESS,1011.23,"{""shot_type"": ""Medium"", ""lens"": ""35mm"", ""movement"": ""Tracking""}"
2026-02-16T21:42:49.168883,SCENE-001,SCENE-001-SHOT-001,CRITIC_QA,FAIL,0.00,"{""score"": ""0.32"", ""reason"": ""semantic_drift"", ""method"": ""semantic_similarity""}"
2026-02-16T21:42:49.183620,SCENE-002,SCENE-002-SHOT-001,CRITIC_QA,FAIL,0.00,"{""score"": ""0.35"", ""reason"": ""semantic_drift"", ""method"": ""semantic_similarity""}"
2026-02-16T21:42:49.197195,SCENE-002,SCENE-002-SHOT-002,CRITIC_QA,FAIL,0.00,"{""score"": ""0.35"", ""reason"": ""semantic_drift"", ""method"": ""semantic_similarity""}"
2026-02-16T21:42:49.211286,SCENE-003,SCENE-003-SHOT-001,CRITIC_QA,PASS,0.00,"{""score"": ""0.56"", ""method"": ""semantic_similarity""}"
2026-02-16T21:42:49.225388,SCENE-003,SCENE-003-SHOT-002,CRITIC_QA,PASS,0.00,"{""score"": ""0.56"", ""method"": ""semantic_similarity""}"
2026-02-16T21:42:49.760602,SCENE-001,SCENE-001-SHOT-001,IMAGE_GEN,SUCCESS,534.02,"{""seed"": 2011861932}"
2026-02-16T21:42:50.772326,SCENE-001,SCENE-001-SHOT-001,VIDEO_GEN,SUCCESS,1011.52,"{""shot_type"": ""Wide"", ""lens"": ""24mm"", ""movement"": ""Slow Pan""}"
2026-02-16T21:42:51.307511,SCENE-002,SCENE-002-SHOT-001,IMAGE_GEN,SUCCESS,534.60,"{""seed"": 2142169240}"
2026-02-16T21:42:52.319028,SCENE-002,SCENE-002-SHOT-001,VIDEO_GEN,SUCCESS,1011.22,"{""shot_type"": ""Wide"", ""lens"": ""35mm"", ""movement"": ""Tracking""}"
2026-02-16T21:42:52.855172,SCENE-002,SCENE-002-SHOT-002,IMAGE_GEN,SUCCESS,535.65,"{""seed"": 1417424982}"
2026-02-16T21:42:53.866472,SCENE-002,SCENE-002-SHOT-002,VIDEO_GEN,SUCCESS,1011.03,"{""shot_type"": ""Medium"", ""lens"": ""35mm"", ""movement"": ""Tracking""}"
2026-02-16T21:42:54.401416,SCENE-003,SCENE-003-SHOT-001,IMAGE_GEN,SUCCESS,534.48,"{""seed"": 1313308739}"
2026-02-16T21:42:55.413188,SCENE-003,SCENE-003-SHOT-001,VIDEO_GEN,SUCCESS,1011.54,"{""shot_type"": ""Wide"", ""lens"": ""35mm"", ""movement"": ""Tracking""}"
2026-02-16T21:42:55.942684,SCENE-003,SCENE-003-SHOT-002,IMAGE_GEN,SUCCESS,528.92,"{""seed"": 1828254429}"
2026-02-16T21:42:56.954250,SCENE-003,SCENE-003-SHOT-002,VIDEO_GEN,SUCCESS,1011.29,"{""shot_type"": ""Medium"", ""lens"": ""35mm"", ""movement"": ""Tracking""}"
2026-02-16T21:42:57.023940,SCENE-001,SCENE-001-SHOT-001,CRITIC_QA,FAIL,0.00,"{""score"": ""0.32"", ""reason"": ""semantic_drift"", ""method"": ""semantic_similarity""}"
2026-02-16T21:42:57.038782,SCENE-002,SCENE-002-SHOT-001,CRITIC_QA,FAIL,0.00,"{""score"": ""0.35"", ""reason"": ""semantic_drift"", ""method"": ""semantic_similarity""}"
2026-02-16T21:42:57.052392,SCENE-002,SCENE-002-SHOT-002,CRITIC_QA,FAIL,0.00,"{""score"": ""0.35"", ""reason"": ""semantic_drift"", ""method"": ""semantic_similarity""}"
2026-02-16T21:42:57.066774,SCENE-003,SCENE-003-SHOT-001,CRITIC_QA,PASS,0.00,"{""score"": ""0.56"", ""method"": ""semantic_similarity""}"
2026-02-16T21:42:57.081115,SCENE-003,SCENE-003-SHOT-002,CRITIC_QA,PASS,0.00,"{""score"": ""0.56"", ""method"": ""semantic_similarity""}"
2026-02-16T21:42:57.618512,SCENE-001,SCENE-001-SHOT-001,IMAGE_GEN,SUCCESS,536.14,"{""seed"": 2011861932}"
2026-02-16T21:42:58.629921,SCENE-001,SCENE-001-SHOT-001,VIDEO_GEN,SUCCESS,1011.21,"{""shot_type"": ""Wide"", ""lens"": ""24mm"", ""movement"": ""Slow Pan""}"
2026-02-16T21:42:59.156264,SCENE-002,SCENE-002-SHOT-001,IMAGE_GEN,SUCCESS,525.83,"{""seed"": 2142169240}"
2026-02-16T21:43:00.168031,SCENE-002,SCENE-002-SHOT-001,VIDEO_GEN,SUCCESS,1011.49,"{""shot_type"": ""Wide"", ""lens"": ""35mm"", ""movement"": ""Tracking""}"
2026-02-16T21:43:00.699875,SCENE-002,SCENE-002-SHOT-002,IMAGE_GEN,SUCCESS,531.24,"{""seed"": 1417424982}"
2026-02-16T21:43:01.711374,SCENE-002,SCENE-002-SHOT-002,VIDEO_GEN,SUCCESS,1011.19,"{""shot_type"": ""Medium"", ""lens"": ""35mm"", ""movement"": ""Tracking""}"
2026-02-16T21:43:02.239486,SCENE-003,SCENE-003-SHOT-001,IMAGE_GEN,SUCCESS,527.61,"{""seed"": 1313308739}"
2026-02-16T21:43:03.251083,SCENE-003,SCENE-003-SHOT-001,VIDEO_GEN,SUCCESS,1011.35,"{""shot_type"": ""Wide"", ""lens"": ""35mm"", ""movement"": ""Tracking""}"
2026-02-16T21:43:03.776298,SCENE-003,SCENE-003-SHOT-002,IMAGE_GEN,SUCCESS,524.63,"{""seed"": 1828254429}"
2026-02-16T21:43:04.784394,SCENE-003,SCENE-003-SHOT-002,VIDEO_GEN,SUCCESS,1007.85,"{""shot_type"": ""Medium"", ""lens"": ""35mm"", ""movement"": ""Tracking""}"
2026-02-16T21:43:04.849719,SCENE-001,SCENE-001-SHOT-001,CRITIC_QA,FAIL,0.00,"{""score"": ""0.32"", ""reason"": ""semantic_drift"", ""method"": ""semantic_similarity""}"
2026-02-16T21:43:04.864777,SCENE-002,SCENE-002-SHOT-001,CRITIC_QA,FAIL,0.00,"{""score"": ""0.35"", ""reason"": ""semantic_drift"", ""method"": ""semantic_similarity""}"
2026-02-16T21:43:04.878630,SCENE-002,SCENE-002-SHOT-002,CRITIC_QA,FAIL,0.00,"{""score"": ""0.35"", ""reason"": ""semantic_drift"", ""method"": ""semantic_similarity""}"
2026-02-16T21:43:04.893107,SCENE-003,SCENE-003-SHOT-001,CRITIC_QA,PASS,0.00,"{""score"": ""0.56"", ""method"": ""semantic_similarity""}"
2026-02-16T21:43:04.907404,SCENE-003,SCENE-003-SHOT-002,CRITIC_QA,PASS,0.00,"{""score"": ""0.56"", ""method"": ""semantic_similarity""}"
2026-02-16T21:43:05.432714,SCENE-001,SCENE-001-SHOT-001,IMAGE_GEN,SUCCESS,524.05,"{""seed"": 2011861932}"
2026-02-16T21:43:06.444446,SCENE-001,SCENE-001-SHOT-001,VIDEO_GEN,SUCCESS,1011.45,"{""shot_type"": ""Wide"", ""lens"": ""24mm"", ""movement"": ""Slow Pan""}"
2026-02-16T21:43:06.970944,SCENE-002,SCENE-002-SHOT-001,IMAGE_GEN,SUCCESS,525.96,"{""seed"": 2142169240}"
2026-02-16T21:43:07.982593,SCENE-002,SCENE-002-SHOT-001,VIDEO_GEN,SUCCESS,1011.33,"{""shot_type"": ""Wide"", ""lens"": ""35mm"", ""movement"": ""Tracking""}"
2026-02-16T21:43:08.517878,SCENE-002,SCENE-002-SHOT-002,IMAGE_GEN,SUCCESS,534.72,"{""seed"": 1417424982}"
2026-02-16T21:43:09.529455,SCENE-002,SCENE-002-SHOT-002,VIDEO_GEN,SUCCESS,1011.27,"{""shot_type"": ""Medium"", ""lens"": ""35mm"", ""movement"": ""Tracking""}"
2026-02-16T21:43:10.058916,SCENE-003,SCENE-003-SHOT-001,IMAGE_GEN,SUCCESS,528.90,"{""seed"": 1313308739}"
2026-02-16T21:43:11.070198,SCENE-003,SCENE-003-SHOT-001,VIDEO_GEN,SUCCESS,1011.00,"{""shot_type"": ""Wide"", ""lens"": ""35mm"", ""movement"": ""Tracking""}"
2026-02-16T21:43:11.604487,SCENE-003,SCENE-003-SHOT-002,IMAGE_GEN,SUCCESS,533.80,"{""seed"": 1828254429}"
2026-02-16T21:43:12.615941,SCENE-003,SCENE-003-SHOT-002,VIDEO_GEN,SUCCESS,1011.24,"{""shot_type"": ""Medium"", ""lens"": ""35mm"", ""movement"": ""Tracking""}"
2026-02-16T21:43:12.680765,SCENE-001,SCENE-001-SHOT-001,CRITIC_QA,FAIL,0.00,"{""score"": ""0.32"", ""reason"": ""semantic_drift"", ""method"": ""semantic_similarity""}"
2026-02-16T21:43:12.696410,SCENE-002,SCENE-002-SHOT-001,CRITIC_QA,FAIL,0.00,"{""score"": ""0.35"", ""reason"": ""semantic_drift"", ""method"": ""semantic_similarity""}"
2026-02-16T21:43:12.710450,SCENE-002,SCENE-002-SHOT-002,CRITIC_QA,FAIL,0.00,"{""score"": ""0.35"", ""reason"": ""semantic_drift"", ""method"": ""semantic_similarity""}"
2026-02-16T21:43:12.725082,SCENE-003,SCENE-003-SHOT-001,CRITIC_QA,PASS,0.00,"{""score"": ""0.56"", ""method"": ""semantic_similarity""}"
2026-02-16T21:43:12.739673,SCENE-003,SCENE-003-SHOT-002,CRITIC_QA,PASS,0.00,"{""score"": ""0.56"", ""method"": ""semantic_similarity""}"
2026-02-16T21:43:13.278061,SCENE-001,SCENE-001-SHOT-001,IMAGE_GEN,SUCCESS,537.14,"{""seed"": 2011861932}"
2026-02-16T21:43:14.289502,SCENE-001,SCENE-001-SHOT-001,VIDEO_GEN,SUCCESS,1011.23,"{""shot_type"": ""Wide"", ""lens"": ""24mm"", ""movement"": ""Slow Pan""}"
2026-02-16T21:43:14.813378,SCENE-002,SCENE-002-SHOT-001,IMAGE_GEN,SUCCESS,523.37,"{""seed"": 2142169240}"
2026-02-16T21:43:15.824752,SCENE-002,SCENE-002-SHOT-001,VIDEO_GEN,SUCCESS,1011.19,"{""shot_type"": ""Wide"", ""lens"": ""35mm"", ""movement"": ""Tracking""}"
2026-02-16T21:43:16.360497,SCENE-002,SCENE-002-SHOT-002,IMAGE_GEN,SUCCESS,535.20,"{""seed"": 1417424982}"
2026-02-16T21:43:17.371853,SCENE-002,SCENE-002-SHOT-002,VIDEO_GEN,SUCCESS,1011.07,"{""shot_type"": ""Medium"", ""lens"": ""35mm"", ""movement"": ""Tracking""}"
2026-02-16T21:43:17.899097,SCENE-003,SCENE-003-SHOT-001,IMAGE_GEN,SUCCESS,526.78,"{""seed"": 1313308739}"
2026-02-16T21:43:18.910349,SCENE-003,SCENE-003-SHOT-001,VIDEO_GEN,SUCCESS,1011.03,"{""shot_type"": ""Wide"", ""lens"": ""35mm"", ""movement"": ""Tracking""}"
2026-02-16T21:43:19.438067,SCENE-003,SCENE-003-SHOT-002,IMAGE_GEN,SUCCESS,527.23,"{""seed"": 1828254429}"
2026-02-16T21:43:20.450094,SCENE-003,SCENE-003-SHOT-002,VIDEO_GEN,SUCCESS,1011.54,"{""shot_type"": ""Medium"", ""lens"": ""35mm"", ""movement"": ""Tracking""}"
2026-02-16T21:43:20.510130,SCENE-001,SCENE-001-SHOT-001,CRITIC_QA,FAIL,0.00,"{""score"": ""0.32"", ""reason"": ""semantic_drift"", ""method"": ""semantic_similarity""}"
2026-02-16T21:43:20.520376,SCENE-002,SCENE-002-SHOT-001,CRITIC_QA,FAIL,0.00,"{""score"": ""0.35"", ""reason"": ""semantic_drift"", ""method"": ""semantic_similarity""}"
2026-02-16T21:43:20.528990,SCENE-002,SCENE-002-SHOT-002,CRITIC_QA,FAIL,0.00,"{""score"": ""0.35"", ""reason"": ""semantic_drift"", ""method"": ""semantic_similarity""}"
2026-02-16T21:43:20.538263,SCENE-003,SCENE-003-SHOT-001,CRITIC_QA,PASS,0.00,"{""score"": ""0.56"", ""method"": ""semantic_similarity""}"
2026-02-16T21:43:20.547384,SCENE-003,SCENE-003-SHOT-002,CRITIC_QA,PASS,0.00,"{""score"": ""0.56"", ""method"": ""semantic_similarity""}"
2026-02-16T21:43:21.084196,SCENE-001,SCENE-001-SHOT-001,IMAGE_GEN,SUCCESS,535.62,"{""seed"": 2011861932}"
2026-02-16T21:43:22.095812,SCENE-001,SCENE-001-SHOT-001,VIDEO_GEN,SUCCESS,1011.38,"{""shot_type"": ""Wide"", ""lens"": ""24mm"", ""movement"": ""Slow Pan""}"
2026-02-16T21:43:22.623970,SCENE-002,SCENE-002-SHOT-001,IMAGE_GEN,SUCCESS,527.58,"{""seed"": 2142169240}"
2026-02-16T21:43:23.635444,SCENE-002,SCENE-002-SHOT-001,VIDEO_GEN,SUCCESS,1011.25,"{""shot_type"": ""Wide"", ""lens"": ""35mm"", ""movement"": ""Tracking""}"
2026-02-16T21:43:24.162686,SCENE-002,SCENE-002-SHOT-002,IMAGE_GEN,SUCCESS,526.72,"{""seed"": 1417424982}"
2026-02-16T21:43:25.166947,SCENE-002,SCENE-002-SHOT-002,VIDEO_GEN,SUCCESS,1004.05,"{""shot_type"": ""Medium"", ""lens"": ""35mm"", ""movement"": ""Tracking""}"
2026-02-16T21:43:25.693207,SCENE-003,SCENE-003-SHOT-001,IMAGE_GEN,SUCCESS,526.14,"{""seed"": 1313308739}"
2026-02-16T21:43:26.695324,SCENE-003,SCENE-003-SHOT-001,VIDEO_GEN,SUCCESS,1001.77,"{""shot_type"": ""Wide"", ""lens"": ""35mm"", ""movement"": ""Tracking""}"
2026-02-16T21:43:27.213413,SCENE-003,SCENE-003-SHOT-002,IMAGE_GEN,SUCCESS,517.38,"{""seed"": 1828254429}"
2026-02-16T21:43:28.219728,SCENE-003,SCENE-003-SHOT-002,VIDEO_GEN,SUCCESS,1006.05,"{""shot_type"": ""Medium"", ""lens"": ""35mm"", ""movement"": ""Tracking""}"
2026-02-16T21:43:28.451654,SCENE-001,SCENE-001-SHOT-001,CRITIC_QA,FAIL,0.00,"{""score"": ""0.32"", ""reason"": ""semantic_drift"", ""method"": ""semantic_similarity""}"
2026-02-16T21:43:28.466659,SCENE-002,SCENE-002-SHOT-001,CRITIC_QA,FAIL,0.00,"{""score"": ""0.35"", ""reason"": ""semantic_drift"", ""method"": ""semantic_similarity""}"
2026-02-16T21:43:28.480554,SCENE-002,SCENE-002-SHOT-002,CRITIC_QA,FAIL,0.00,"{""score"": ""0.35"", ""reason"": ""semantic_drift"", ""method"": ""semantic_similarity""}"
2026-02-16T21:43:28.496690,SCENE-003,SCENE-003-SHOT-001,CRITIC_QA,PASS,0.00,"{""score"": ""0.56"", ""method"": ""semantic_similarity""}"
2026-02-16T21:43:28.511270,SCENE-003,SCENE-003-SHOT-002,CRITIC_QA,PASS,0.00,"{""score"": ""0.56"", ""method"": ""semantic_similarity""}"
2026-02-16T21:43:29.057342,SCENE-001,SCENE-001-SHOT-001,IMAGE_GEN,SUCCESS,544.86,"{""seed"": 2011861932}"
2026-02-16T21:43:30.064118,SCENE-001,SCENE-001-SHOT-001,VIDEO_GEN,SUCCESS,1006.37,"{""shot_type"": ""Wide"", ""lens"": ""24mm"", ""movement"": ""Slow Pan""}"
2026-02-16T21:43:30.592620,SCENE-002,SCENE-002-SHOT-001,IMAGE_GEN,SUCCESS,528.01,"{""seed"": 2142169240}"
2026-02-16T21:43:31.598762,SCENE-002,SCENE-002-SHOT-001,VIDEO_GEN,SUCCESS,1005.88,"{""shot_type"": ""Wide"", ""lens"": ""35mm"", ""movement"": ""Tracking""}"
2026-02-16T21:43:32.127266,SCENE-002,SCENE-002-SHOT-002,IMAGE_GEN,SUCCESS,528.14,"{""seed"": 1417424982}"
2026-02-16T21:43:33.134617,SCENE-002,SCENE-002-SHOT-002,VIDEO_GEN,SUCCESS,1007.11,"{""shot_type"": ""Medium"", ""lens"": ""35mm"", ""movement"": ""Tracking""}"
2026-02-16T21:43:33.662447,SCENE-003,SCENE-003-SHOT-001,IMAGE_GEN,SUCCESS,527.16,"{""seed"": 1313308739}"
2026-02-16T21:43:34.664059,SCENE-003,SCENE-003-SHOT-001,VIDEO_GEN,SUCCESS,1001.32,"{""shot_type"": ""Wide"", ""lens"": ""35mm"", ""movement"": ""Tracking""}"
2026-02-16T21:43:35.182797,SCENE-003,SCENE-003-SHOT-002,IMAGE_GEN,SUCCESS,518.46,"{""seed"": 1828254429}"
2026-02-16T21:43:36.187236,SCENE-003,SCENE-003-SHOT-002,VIDEO_GEN,SUCCESS,1004.24,"{""shot_type"": ""Medium"", ""lens"": ""35mm"", ""movement"": ""Tracking""}"
2026-02-16T21:43:36.310805,SCENE-001,SCENE-001-SHOT-001,CRITIC_QA,FAIL,0.00,"{""score"": ""0.32"", ""reason"": ""semantic_drift"", ""method"": ""semantic_similarity""}"
2026-02-16T21:43:36.326833,SCENE-002,SCENE-002-SHOT-001,CRITIC_QA,FAIL,0.00,"{""score"": ""0.35"", ""reason"": ""semantic_drift"", ""method"": ""semantic_similarity""}"
2026-02-16T21:43:36.340461,SCENE-002,SCENE-002-SHOT-002,CRITIC_QA,FAIL,0.00,"{""score"": ""0.35"", ""reason"": ""semantic_drift"", ""method"": ""semantic_similarity""}"
2026-02-16T21:43:36.355044,SCENE-003,SCENE-003-SHOT-001,CRITIC_QA,PASS,0.00,"{""score"": ""0.56"", ""method"": ""semantic_similarity""}"
2026-02-16T21:43:36.369603,SCENE-003,SCENE-003-SHOT-002,CRITIC_QA,PASS,0.00,"{""score"": ""0.56"", ""method"": ""semantic_similarity""}"
2026-02-16T21:43:36.895802,SCENE-001,SCENE-001-SHOT-001,IMAGE_GEN,SUCCESS,524.40,"{""seed"": 2011861932}"
2026-02-16T21:43:37.902384,SCENE-001,SCENE-001-SHOT-001,VIDEO_GEN,SUCCESS,1006.35,"{""shot_type"": ""Wide"", ""lens"": ""24mm"", ""movement"": ""Slow Pan""}"
2026-02-16T21:43:38.435552,SCENE-002,SCENE-002-SHOT-001,IMAGE_GEN,SUCCESS,532.72,"{""seed"": 2142169240}"
2026-02-16T21:43:39.441983,SCENE-002,SCENE-002-SHOT-001,VIDEO_GEN,SUCCESS,1006.07,"{""shot_type"": ""Wide"", ""lens"": ""35mm"", ""movement"": ""Tracking""}"
2026-02-16T21:43:39.960039,SCENE-002,SCENE-002-SHOT-002,IMAGE_GEN,SUCCESS,517.64,"{""seed"": 1417424982}"
2026-02-16T21:43:40.965763,SCENE-002,SCENE-002-SHOT-002,VIDEO_GEN,SUCCESS,1005.51,"{""shot_type"": ""Medium"", ""lens"": ""35mm"", ""movement"": ""Tracking""}"
2026-02-16T21:43:41.497937,SCENE-003,SCENE-003-SHOT-001,IMAGE_GEN,SUCCESS,531.96,"{""seed"": 1313308739}"
2026-02-16T21:43:42.504421,SCENE-003,SCENE-003-SHOT-001,VIDEO_GEN,SUCCESS,1006.16,"{""shot_type"": ""Wide"", ""lens"": ""35mm"", ""movement"": ""Tracking""}"
2026-02-16T21:43:43.031269,SCENE-003,SCENE-003-SHOT-002,IMAGE_GEN,SUCCESS,526.46,"{""seed"": 1828254429}"
2026-02-16T21:43:44.037900,SCENE-003,SCENE-003-SHOT-002,VIDEO_GEN,SUCCESS,1006.38,"{""shot_type"": ""Medium"", ""lens"": ""35mm"", ""movement"": ""Tracking""}"
2026-02-16T21:43:44.180431,SCENE-001,SCENE-001-SHOT-001,CRITIC_QA,FAIL,0.00,"{""score"": ""0.32"", ""reason"": ""semantic_drift"", ""method"": ""semantic_similarity""}"
2026-02-16T21:43:44.190831,SCENE-002,SCENE-002-SHOT-001,CRITIC_QA,FAIL,0.00,"{""score"": ""0.35"", ""reason"": ""semantic_drift"", ""method"": ""semantic_similarity""}"
2026-02-16T21:43:44.201250,SCENE-002,SCENE-002-SHOT-002,CRITIC_QA,FAIL,0.00,"{""score"": ""0.35"", ""reason"": ""semantic_drift"", ""method"": ""semantic_similarity""}"
2026-02-16T21:43:44.212298,SCENE-003,SCENE-003-SHOT-001,CRITIC_QA,PASS,0.00,"{""score"": ""0.56"", ""method"": ""semantic_similarity""}"
2026-02-16T21:43:44.222374,SCENE-003,SCENE-003-SHOT-002,CRITIC_QA,PASS,0.00,"{""score"": ""0.56"", ""method"": ""semantic_similarity""}"
2026-02-16T21:43:44.754411,SCENE-001,SCENE-001-SHOT-001,IMAGE_GEN,SUCCESS,530.85,"{""seed"": 2011861932}"
2026-02-16T21:43:45.761072,SCENE-001,SCENE-001-SHOT-001,VIDEO_GEN,SUCCESS,1006.38,"{""shot_type"": ""Wide"", ""lens"": ""24mm"", ""movement"": ""Slow Pan""}"
2026-02-16T21:43:46.293100,SCENE-002,SCENE-002-SHOT-001,IMAGE_GEN,SUCCESS,531.37,"{""seed"": 2142169240}"
2026-02-16T21:43:47.296565,SCENE-002,SCENE-002-SHOT-001,VIDEO_GEN,SUCCESS,1003.18,"{""shot_type"": ""Wide"", ""lens"": ""35mm"", ""movement"": ""Tracking""}"
2026-02-16T21:43:47.824954,SCENE-002,SCENE-002-SHOT-002,IMAGE_GEN,SUCCESS,528.19,"{""seed"": 1417424982}"
2026-02-16T21:43:48.831654,SCENE-002,SCENE-002-SHOT-002,VIDEO_GEN,SUCCESS,1006.31,"{""shot_type"": ""Medium"", ""lens"": ""35mm"", ""movement"": ""Tracking""}"
2026-02-16T21:43:49.361448,SCENE-003,SCENE-003-SHOT-001,IMAGE_GEN,SUCCESS,529.18,"{""seed"": 1313308739}"
2026-02-16T21:43:50.368043,SCENE-003,SCENE-003-SHOT-001,VIDEO_GEN,SUCCESS,1006.29,"{""shot_type"": ""Wide"", ""lens"": ""35mm"", ""movement"": ""Tracking""}"
2026-02-16T21:43:50.894994,SCENE-003,SCENE-003-SHOT-002,IMAGE_GEN,SUCCESS,526.36,"{""seed"": 1828254429}"
2026-02-16T21:43:51.901604,SCENE-003,SCENE-003-SHOT-002,VIDEO_GEN,SUCCESS,1006.28,"{""shot_type"": ""Medium"", ""lens"": ""35mm"", ""movement"": ""Tracking""}"
2026-02-16T21:43:52.007983,SCENE-001,SCENE-001-SHOT-001,CRITIC_QA,FAIL,0.00,"{""score"": ""0.32"", ""reason"": ""semantic_drift"", ""method"": ""semantic_similarity""}"
2026-02-16T21:43:52.023082,SCENE-002,SCENE-002-SHOT-001,CRITIC_QA,FAIL,0.00,"{""score"": ""0.35"", ""reason"": ""semantic_drift"", ""method"": ""semantic_similarity""}"
2026-02-16T21:43:52.037118,SCENE-002,SCENE-002-SHOT-002,CRITIC_QA,FAIL,0.00,"{""score"": ""0.35"", ""reason"": ""semantic_drift"", ""method"": ""semantic_similarity""}"
2026-02-16T21:43:52.051100,SCENE-003,SCENE-003-SHOT-001,CRITIC_QA,PASS,0.00,"{""score"": ""0.56"", ""method"": ""semantic_similarity""}"
2026-02-16T21:43:52.066133,SCENE-003,SCENE-003-SHOT-002,CRITIC_QA,PASS,0.00,"{""score"": ""0.56"", ""method"": ""semantic_similarity""}"
2026-02-16T21:43:52.587485,SCENE-001,SCENE-001-SHOT-001,IMAGE_GEN,SUCCESS,519.81,"{""seed"": 2011861932}"
2026-02-16T21:43:53.594259,SCENE-001,SCENE-001-SHOT-001,VIDEO_GEN,SUCCESS,1006.58,"{""shot_type"": ""Wide"", ""lens"": ""24mm"", ""movement"": ""Slow Pan""}"
2026-02-16T21:43:54.121365,SCENE-002,SCENE-002-SHOT-001,IMAGE_GEN,SUCCESS,526.23,"{""seed"": 2142169240}"
2026-02-16T21:43:55.128165,SCENE-002,SCENE-002-SHOT-001,VIDEO_GEN,SUCCESS,1006.49,"{""shot_type"": ""Wide"", ""lens"": ""35mm"", ""movement"": ""Tracking""}"
2026-02-16T21:43:55.660023,SCENE-002,SCENE-002-SHOT-002,IMAGE_GEN,SUCCESS,531.20,"{""seed"": 1417424982}"
2026-02-16T21:43:56.666807,SCENE-002,SCENE-002-SHOT-002,VIDEO_GEN,SUCCESS,1006.46,"{""shot_type"": ""Medium"", ""lens"": ""35mm"", ""movement"": ""Tracking""}"
2026-02-16T21:43:57.196010,SCENE-003,SCENE-003-SHOT-001,IMAGE_GEN,SUCCESS,528.60,"{""seed"": 1313308739}"
2026-02-16T21:43:58.202597,SCENE-003,SCENE-003-SHOT-001,VIDEO_GEN,SUCCESS,1006.24,"{""shot_type"": ""Wide"", ""lens"": ""35mm"", ""movement"": ""Tracking""}"
2026-02-16T21:43:58.730912,SCENE-003,SCENE-003-SHOT-002,IMAGE_GEN,SUCCESS,527.71,"{""seed"": 1828254429}"
2026-02-16T21:43:59.737942,SCENE-003,SCENE-003-SHOT-002,VIDEO_GEN,SUCCESS,1006.69,"{""shot_type"": ""Medium"", ""lens"": ""35mm"", ""movement"": ""Tracking""}"
2026-02-16T21:43:59.819474,SCENE-001,SCENE-001-SHOT-001,CRITIC_QA,FAIL,0.00,"{""score"": ""0.32"", ""reason"": ""semantic_drift"", ""method"": ""semantic_similarity""}"
2026-02-16T21:43:59.834876,SCENE-002,SCENE-002-SHOT-001,CRITIC_QA,FAIL,0.00,"{""score"": ""0.35"", ""reason"": ""semantic_drift"", ""method"": ""semantic_similarity""}"
2026-02-16T21:43:59.849968,SCENE-002,SCENE-002-SHOT-002,CRITIC_QA,FAIL,0.00,"{""score"": ""0.35"", ""reason"": ""semantic_drift"", ""method"": ""semantic_similarity""}"
2026-02-16T21:43:59.864896,SCENE-003,SCENE-003-SHOT-001,CRITIC_QA,PASS,0.00,"{""score"": ""0.56"", ""method"": ""semantic_similarity""}"
2026-02-16T21:43:59.879855,SCENE-003,SCENE-003-SHOT-002,CRITIC_QA,PASS,0.00,"{""score"": ""0.56"", ""method"": ""semantic_similarity""}"
2026-02-16T21:44:00.411035,SCENE-001,SCENE-001-SHOT-001,IMAGE_GEN,SUCCESS,530.01,"{""seed"": 2011861932}"
2026-02-16T21:44:01.417837,SCENE-001,SCENE-001-SHOT-001,VIDEO_GEN,SUCCESS,1006.48,"{""shot_type"": ""Wide"", ""lens"": ""24mm"", ""movement"": ""Slow Pan""}"
2026-02-16T21:44:01.941279,SCENE-002,SCENE-002-SHOT-001,IMAGE_GEN,SUCCESS,522.81,"{""seed"": 2142169240}"
2026-02-16T21:44:02.948073,SCENE-002,SCENE-002-SHOT-001,VIDEO_GEN,SUCCESS,1006.47,"{""shot_type"": ""Wide"", ""lens"": ""35mm"", ""movement"": ""Tracking""}"
2026-02-16T21:44:03.480402,SCENE-002,SCENE-002-SHOT-002,IMAGE_GEN,SUCCESS,531.74,"{""seed"": 1417424982}"
2026-02-16T21:44:04.487200,SCENE-002,SCENE-002-SHOT-002,VIDEO_GEN,SUCCESS,1006.45,"{""shot_type"": ""Medium"", ""lens"": ""35mm"", ""movement"": ""Tracking""}"
2026-02-16T21:44:05.018069,SCENE-003,SCENE-003-SHOT-001,IMAGE_GEN,SUCCESS,530.16,"{""seed"": 1313308739}"
2026-02-16T21:44:06.024700,SCENE-003,SCENE-003-SHOT-001,VIDEO_GEN,SUCCESS,1006.30,"{""shot_type"": ""Wide"", ""lens"": ""35mm"", ""movement"": ""Tracking""}"
2026-02-16T21:44:06.547847,SCENE-003,SCENE-003-SHOT-002,IMAGE_GEN,SUCCESS,522.40,"{""seed"": 1828254429}"
2026-02-16T21:44:07.554246,SCENE-003,SCENE-003-SHOT-002,VIDEO_GEN,SUCCESS,1006.12,"{""shot_type"": ""Medium"", ""lens"": ""35mm"", ""movement"": ""Tracking""}"
2026-02-16T21:44:07.614759,SCENE-001,SCENE-001-SHOT-001,CRITIC_QA,FAIL,0.00,"{""score"": ""0.32"", ""reason"": ""semantic_drift"", ""method"": ""semantic_similarity""}"
2026-02-16T21:44:07.632109,SCENE-002,SCENE-002-SHOT-001,CRITIC_QA,FAIL,0.00,"{""score"": ""0.35"", ""reason"": ""semantic_drift"", ""method"": ""semantic_similarity""}"
2026-02-16T21:44:07.645562,SCENE-002,SCENE-002-SHOT-002,CRITIC_QA,FAIL,0.00,"{""score"": ""0.35"", ""reason"": ""semantic_drift"", ""method"": ""semantic_similarity""}"
2026-02-16T21:44:07.659538,SCENE-003,SCENE-003-SHOT-001,CRITIC_QA,PASS,0.00,"{""score"": ""0.56"", ""method"": ""semantic_similarity""}"
2026-02-16T21:44:07.673719,SCENE-003,SCENE-003-SHOT-002,CRITIC_QA,PASS,0.00,"{""score"": ""0.56"", ""method"": ""semantic_similarity""}"
2026-02-16T21:44:08.205977,SCENE-001,SCENE-001-SHOT-001,IMAGE_GEN,SUCCESS,531.05,"{""seed"": 2011861932}"
2026-02-16T21:44:09.212948,SCENE-001,SCENE-001-SHOT-001,VIDEO_GEN,SUCCESS,1006.63,"{""shot_type"": ""Wide"", ""lens"": ""24mm"", ""movement"": ""Slow Pan""}"
2026-02-16T21:44:09.740889,SCENE-002,SCENE-002-SHOT-001,IMAGE_GEN,SUCCESS,527.28,"{""seed"": 2142169240}"
2026-02-16T21:44:10.747691,SCENE-002,SCENE-002-SHOT-001,VIDEO_GEN,SUCCESS,1006.47,"{""shot_type"": ""Wide"", ""lens"": ""35mm"", ""movement"": ""Tracking""}"
2026-02-16T21:44:11.278597,SCENE-002,SCENE-002-SHOT-002,IMAGE_GEN,SUCCESS,530.44,"{""seed"": 1417424982}"
2026-02-16T21:44:12.285156,SCENE-002,SCENE-002-SHOT-002,VIDEO_GEN,SUCCESS,1006.24,"{""shot_type"": ""Medium"", ""lens"": ""35mm"", ""movement"": ""Tracking""}"
2026-02-16T21:44:12.816626,SCENE-003,SCENE-003-SHOT-001,IMAGE_GEN,SUCCESS,531.06,"{""seed"": 1313308739}"
2026-02-16T21:44:13.824268,SCENE-003,SCENE-003-SHOT-001,VIDEO_GEN,SUCCESS,1006.85,"{""shot_type"": ""Wide"", ""lens"": ""35mm"", ""movement"": ""Tracking""}"
2026-02-16T21:44:14.354338,SCENE-003,SCENE-003-SHOT-002,IMAGE_GEN,SUCCESS,529.45,"{""seed"": 1828254429}"
2026-02-16T21:44:15.361094,SCENE-003,SCENE-003-SHOT-002,VIDEO_GEN,SUCCESS,1006.47,"{""shot_type"": ""Medium"", ""lens"": ""35mm"", ""movement"": ""Tracking""}"
2026-02-16T21:44:15.449286,SCENE-001,SCENE-001-SHOT-001,CRITIC_QA,FAIL,0.00,"{""score"": ""0.32"", ""reason"": ""semantic_drift"", ""method"": ""semantic_similarity""}"
2026-02-16T21:44:15.465197,SCENE-002,SCENE-002-SHOT-001,CRITIC_QA,FAIL,0.00,"{""score"": ""0.35"", ""reason"": ""semantic_drift"", ""method"": ""semantic_similarity""}"
2026-02-16T21:44:15.478947,SCENE-002,SCENE-002-SHOT-002,CRITIC_QA,FAIL,0.00,"{""score"": ""0.35"", ""reason"": ""semantic_drift"", ""method"": ""semantic_similarity""}"
2026-02-16T21:44:15.493570,SCENE-003,SCENE-003-SHOT-001,CRITIC_QA,PASS,0.00,"{""score"": ""0.56"", ""method"": ""semantic_similarity""}"
2026-02-16T21:44:15.508916,SCENE-003,SCENE-003-SHOT-002,CRITIC_QA,PASS,0.00,"{""score"": ""0.56"", ""method"": ""semantic_similarity""}"
2026-02-16T21:44:16.039167,SCENE-001,SCENE-001-SHOT-001,IMAGE_GEN,SUCCESS,528.91,"{""seed"": 2011861932}"
2026-02-16T21:44:17.046027,SCENE-001,SCENE-001-SHOT-001,VIDEO_GEN,SUCCESS,1006.62,"{""shot_type"": ""Wide"", ""lens"": ""24mm"", ""movement"": ""Slow Pan""}"
2026-02-16T21:44:17.580581,SCENE-002,SCENE-002-SHOT-001,IMAGE_GEN,SUCCESS,533.90,"{""seed"": 2142169240}"
2026-02-16T21:44:18.587247,SCENE-002,SCENE-002-SHOT-001,VIDEO_GEN,SUCCESS,1006.29,"{""shot_type"": ""Wide"", ""lens"": ""35mm"", ""movement"": ""Tracking""}"
2026-02-16T21:44:19.111934,SCENE-002,SCENE-002-SHOT-002,IMAGE_GEN,SUCCESS,524.11,"{""seed"": 1417424982}"
2026-02-16T21:44:20.118716,SCENE-002,SCENE-002-SHOT-002,VIDEO_GEN,SUCCESS,1006.50,"{""shot_type"": ""Medium"", ""lens"": ""35mm"", ""movement"": ""Tracking""}"
2026-02-16T21:44:20.648288,SCENE-003,SCENE-003-SHOT-001,IMAGE_GEN,SUCCESS,528.99,"{""seed"": 1313308739}"
2026-02-16T21:44:21.654959,SCENE-003,SCENE-003-SHOT-001,VIDEO_GEN,SUCCESS,1006.37,"{""shot_type"": ""Wide"", ""lens"": ""35mm"", ""movement"": ""Tracking""}"
2026-02-16T21:44:22.181437,SCENE-003,SCENE-003-SHOT-002,IMAGE_GEN,SUCCESS,525.85,"{""seed"": 1828254429}"
2026-02-16T21:44:23.188165,SCENE-003,SCENE-003-SHOT-002,VIDEO_GEN,SUCCESS,1006.40,"{""shot_type"": ""Medium"", ""lens"": ""35mm"", ""movement"": ""Tracking""}"
2026-02-16T21:44:23.257450,SCENE-001,SCENE-001-SHOT-001,CRITIC_QA,FAIL,0.00,"{""score"": ""0.32"", ""reason"": ""semantic_drift"", ""method"": ""semantic_similarity""}"
2026-02-16T21:44:23.272757,SCENE-002,SCENE-002-SHOT-001,CRITIC_QA,FAIL,0.00,"{""score"": ""0.35"", ""reason"": ""semantic_drift"", ""method"": ""semantic_similarity""}"
2026-02-16T21:44:23.290513,SCENE-002,SCENE-002-SHOT-002,CRITIC_QA,FAIL,0.00,"{""score"": ""0.35"", ""reason"": ""semantic_drift"", ""method"": ""semantic_similarity""}"
2026-02-16T21:44:23.306059,SCENE-003,SCENE-003-SHOT-001,CRITIC_QA,PASS,0.00,"{""score"": ""0.56"", ""method"": ""semantic_similarity""}"
2026-02-16T21:44:23.321216,SCENE-003,SCENE-003-SHOT-002,CRITIC_QA,PASS,0.00,"{""score"": ""0.56"", ""method"": ""semantic_similarity""}"
2026-02-16T21:44:23.856167,SCENE-001,SCENE-001-SHOT-001,IMAGE_GEN,SUCCESS,533.67,"{""seed"": 2011861932}"
2026-02-16T21:44:24.861954,SCENE-001,SCENE-001-SHOT-001,VIDEO_GEN,SUCCESS,1005.51,"{""shot_type"": ""Wide"", ""lens"": ""24mm"", ""movement"": ""Slow Pan""}"
2026-02-16T21:44:25.393314,SCENE-002,SCENE-002-SHOT-001,IMAGE_GEN,SUCCESS,531.14,"{""seed"": 2142169240}"
2026-02-16T21:44:26.399863,SCENE-002,SCENE-002-SHOT-001,VIDEO_GEN,SUCCESS,1006.23,"{""shot_type"": ""Wide"", ""lens"": ""35mm"", ""movement"": ""Tracking""}"
2026-02-16T21:44:26.929598,SCENE-002,SCENE-002-SHOT-002,IMAGE_GEN,SUCCESS,529.21,"{""seed"": 1417424982}"
2026-02-16T21:44:27.936165,SCENE-002,SCENE-002-SHOT-002,VIDEO_GEN,SUCCESS,1006.29,"{""shot_type"": ""Medium"", ""lens"": ""35mm"", ""movement"": ""Tracking""}"
2026-02-16T21:44:28.467664,SCENE-003,SCENE-003-SHOT-001,IMAGE_GEN,SUCCESS,530.87,"{""seed"": 1313308739}"
2026-02-16T21:44:29.474357,SCENE-003,SCENE-003-SHOT-001,VIDEO_GEN,SUCCESS,1006.41,"{""shot_type"": ""Wide"", ""lens"": ""35mm"", ""movement"": ""Tracking""}"
2026-02-16T21:44:30.001253,SCENE-003,SCENE-003-SHOT-002,IMAGE_GEN,SUCCESS,526.34,"{""seed"": 1828254429}"
2026-02-16T21:44:31.007700,SCENE-003,SCENE-003-SHOT-002,VIDEO_GEN,SUCCESS,1006.22,"{""shot_type"": ""Medium"", ""lens"": ""35mm"", ""movement"": ""Tracking""}"
2026-02-16T21:44:31.071480,SCENE-001,SCENE-001-SHOT-001,CRITIC_QA,FAIL,0.00,"{""score"": ""0.32"", ""reason"": ""semantic_drift"", ""method"": ""semantic_similarity""}"
2026-02-16T21:44:31.086887,SCENE-002,SCENE-002-SHOT-001,CRITIC_QA,FAIL,0.00,"{""score"": ""0.35"", ""reason"": ""semantic_drift"", ""method"": ""semantic_similarity""}"
2026-02-16T21:44:31.102081,SCENE-002,SCENE-002-SHOT-002,CRITIC_QA,FAIL,0.00,"{""score"": ""0.35"", ""reason"": ""semantic_drift"", ""method"": ""semantic_similarity""}"
2026-02-16T21:44:31.117517,SCENE-003,SCENE-003-SHOT-001,CRITIC_QA,PASS,0.00,"{""score"": ""0.56"", ""method"": ""semantic_similarity""}"
2026-02-16T21:44:31.132999,SCENE-003,SCENE-003-SHOT-002,CRITIC_QA,PASS,0.00,"{""score"": ""0.56"", ""method"": ""semantic_similarity""}"
2026-02-16T21:44:31.663364,SCENE-001,SCENE-001-SHOT-001,IMAGE_GEN,SUCCESS,529.00,"{""seed"": 2011861932}"
2026-02-16T21:44:32.670228,SCENE-001,SCENE-001-SHOT-001,VIDEO_GEN,SUCCESS,1006.58,"{""shot_type"": ""Wide"", ""lens"": ""24mm"", ""movement"": ""Slow Pan""}"
2026-02-16T21:44:33.197025,SCENE-002,SCENE-002-SHOT-001,IMAGE_GEN,SUCCESS,526.24,"{""seed"": 2142169240}"
2026-02-16T21:44:34.203953,SCENE-002,SCENE-002-SHOT-001,VIDEO_GEN,SUCCESS,1006.62,"{""shot_type"": ""Wide"", ""lens"": ""35mm"", ""movement"": ""Tracking""}"
2026-02-16T21:44:34.732522,SCENE-002,SCENE-002-SHOT-002,IMAGE_GEN,SUCCESS,527.96,"{""seed"": 1417424982}"
2026-02-16T21:44:35.739329,SCENE-002,SCENE-002-SHOT-002,VIDEO_GEN,SUCCESS,1006.49,"{""shot_type"": ""Medium"", ""lens"": ""35mm"", ""movement"": ""Tracking""}"
2026-02-16T21:44:36.262548,SCENE-003,SCENE-003-SHOT-001,IMAGE_GEN,SUCCESS,522.65,"{""seed"": 1313308739}"
2026-02-16T21:44:37.269108,SCENE-003,SCENE-003-SHOT-001,VIDEO_GEN,SUCCESS,1006.25,"{""shot_type"": ""Wide"", ""lens"": ""35mm"", ""movement"": ""Tracking""}"
2026-02-16T21:44:37.794643,SCENE-003,SCENE-003-SHOT-002,IMAGE_GEN,SUCCESS,525.01,"{""seed"": 1828254429}"
2026-02-16T21:44:38.801570,SCENE-003,SCENE-003-SHOT-002,VIDEO_GEN,SUCCESS,1006.76,"{""shot_type"": ""Medium"", ""lens"": ""35mm"", ""movement"": ""Tracking""}"
2026-02-16T21:44:38.867631,SCENE-001,SCENE-001-SHOT-001,CRITIC_QA,FAIL,0.00,"{""score"": ""0.32"", ""reason"": ""semantic_drift"", ""method"": ""semantic_similarity""}"
2026-02-16T21:44:38.883181,SCENE-002,SCENE-002-SHOT-001,CRITIC_QA,FAIL,0.00,"{""score"": ""0.35"", ""reason"": ""semantic_drift"", ""method"": ""semantic_similarity""}"
2026-02-16T21:44:38.907064,SCENE-002,SCENE-002-SHOT-002,CRITIC_QA,FAIL,0.00,"{""score"": ""0.35"", ""reason"": ""semantic_drift"", ""method"": ""semantic_similarity""}"
2026-02-16T21:44:38.923745,SCENE-003,SCENE-003-SHOT-001,CRITIC_QA,PASS,0.00,"{""score"": ""0.56"", ""method"": ""semantic_similarity""}"
2026-02-16T21:44:38.939859,SCENE-003,SCENE-003-SHOT-002,CRITIC_QA,PASS,0.00,"{""score"": ""0.56"", ""method"": ""semantic_similarity""}"
2026-02-16T21:44:39.476678,SCENE-001,SCENE-001-SHOT-001,IMAGE_GEN,SUCCESS,535.11,"{""seed"": 2011861932}"
2026-02-16T21:44:40.483718,SCENE-001,SCENE-001-SHOT-001,VIDEO_GEN,SUCCESS,1006.75,"{""shot_type"": ""Wide"", ""lens"": ""24mm"", ""movement"": ""Slow Pan""}"
2026-02-16T21:44:41.017256,SCENE-002,SCENE-002-SHOT-001,IMAGE_GEN,SUCCESS,532.95,"{""seed"": 2142169240}"
2026-02-16T21:44:42.023966,SCENE-002,SCENE-002-SHOT-001,VIDEO_GEN,SUCCESS,1006.40,"{""shot_type"": ""Wide"", ""lens"": ""35mm"", ""movement"": ""Tracking""}"
2026-02-16T21:44:42.547510,SCENE-002,SCENE-002-SHOT-002,IMAGE_GEN,SUCCESS,523.01,"{""seed"": 1417424982}"
2026-02-16T21:44:43.554115,SCENE-002,SCENE-002-SHOT-002,VIDEO_GEN,SUCCESS,1006.37,"{""shot_type"": ""Medium"", ""lens"": ""35mm"", ""movement"": ""Tracking""}"
2026-02-16T21:44:44.081745,SCENE-003,SCENE-003-SHOT-001,IMAGE_GEN,SUCCESS,527.08,"{""seed"": 1313308739}"
2026-02-16T21:44:45.088335,SCENE-003,SCENE-003-SHOT-001,VIDEO_GEN,SUCCESS,1006.30,"{""shot_type"": ""Wide"", ""lens"": ""35mm"", ""movement"": ""Tracking""}"
2026-02-16T21:44:45.616390,SCENE-003,SCENE-003-SHOT-002,IMAGE_GEN,SUCCESS,527.58,"{""seed"": 1828254429}"
2026-02-16T21:44:46.623115,SCENE-003,SCENE-003-SHOT-002,VIDEO_GEN,SUCCESS,1006.41,"{""shot_type"": ""Medium"", ""lens"": ""35mm"", ""movement"": ""Tracking""}"
2026-02-16T21:44:46.682511,SCENE-001,SCENE-001-SHOT-001,CRITIC_QA,FAIL,0.00,"{""score"": ""0.32"", ""reason"": ""semantic_drift"", ""method"": ""semantic_similarity""}"
2026-02-16T21:44:46.698001,SCENE-002,SCENE-002-SHOT-001,CRITIC_QA,FAIL,0.00,"{""score"": ""0.35"", ""reason"": ""semantic_drift"", ""method"": ""semantic_similarity""}"
2026-02-16T21:44:46.712194,SCENE-002,SCENE-002-SHOT-002,CRITIC_QA,FAIL,0.00,"{""score"": ""0.35"", ""reason"": ""semantic_drift"", ""method"": ""semantic_similarity""}"
2026-02-16T21:44:46.731538,SCENE-003,SCENE-003-SHOT-001,CRITIC_QA,PASS,0.00,"{""score"": ""0.56"", ""method"": ""semantic_similarity""}"
2026-02-16T21:44:46.746456,SCENE-003,SCENE-003-SHOT-002,CRITIC_QA,PASS,0.00,"{""score"": ""0.56"", ""method"": ""semantic_similarity""}"
2026-02-16T21:44:47.279162,SCENE-001,SCENE-001-SHOT-001,IMAGE_GEN,SUCCESS,531.33,"{""seed"": 2011861932}"
2026-02-16T21:44:48.286820,SCENE-001,SCENE-001-SHOT-001,VIDEO_GEN,SUCCESS,1007.26,"{""shot_type"": ""Wide"", ""lens"": ""24mm"", ""movement"": ""Slow Pan""}"
2026-02-16T21:44:48.823830,SCENE-002,SCENE-002-SHOT-001,IMAGE_GEN,SUCCESS,536.19,"{""seed"": 2142169240}"
2026-02-16T21:44:49.829892,SCENE-002,SCENE-002-SHOT-001,VIDEO_GEN,SUCCESS,1005.79,"{""shot_type"": ""Wide"", ""lens"": ""35mm"", ""movement"": ""Tracking""}"
2026-02-16T21:44:50.361465,SCENE-002,SCENE-002-SHOT-002,IMAGE_GEN,SUCCESS,531.21,"{""seed"": 1417424982}"
2026-02-16T21:44:51.367390,SCENE-002,SCENE-002-SHOT-002,VIDEO_GEN,SUCCESS,1005.66,"{""shot_type"": ""Medium"", ""lens"": ""35mm"", ""movement"": ""Tracking""}"
2026-02-16T21:44:51.896031,SCENE-003,SCENE-003-SHOT-001,IMAGE_GEN,SUCCESS,528.39,"{""seed"": 1313308739}"
2026-02-16T21:44:52.902253,SCENE-003,SCENE-003-SHOT-001,VIDEO_GEN,SUCCESS,1005.95,"{""shot_type"": ""Wide"", ""lens"": ""35mm"", ""movement"": ""Tracking""}"
2026-02-16T21:44:53.427672,SCENE-003,SCENE-003-SHOT-002,IMAGE_GEN,SUCCESS,524.80,"{""seed"": 1828254429}"
2026-02-16T21:44:54.434271,SCENE-003,SCENE-003-SHOT-002,VIDEO_GEN,SUCCESS,1006.30,"{""shot_type"": ""Medium"", ""lens"": ""35mm"", ""movement"": ""Tracking""}"
2026-02-16T21:44:54.540489,SCENE-001,SCENE-001-SHOT-001,CRITIC_QA,FAIL,0.00,"{""score"": ""0.32"", ""reason"": ""semantic_drift"", ""method"": ""semantic_similarity""}"
2026-02-16T21:44:54.555946,SCENE-002,SCENE-002-SHOT-001,CRITIC_QA,FAIL,0.00,"{""score"": ""0.35"", ""reason"": ""semantic_drift"", ""method"": ""semantic_similarity""}"
2026-02-16T21:44:54.570622,SCENE-002,SCENE-002-SHOT-002,CRITIC_QA,FAIL,0.00,"{""score"": ""0.35"", ""reason"": ""semantic_drift"", ""method"": ""semantic_similarity""}"
2026-02-16T21:44:54.589606,SCENE-003,SCENE-003-SHOT-001,CRITIC_QA,PASS,0.00,"{""score"": ""0.56"", ""method"": ""semantic_similarity""}"
2026-02-16T21:44:54.605663,SCENE-003,SCENE-003-SHOT-002,CRITIC_QA,PASS,0.00,"{""score"": ""0.56"", ""method"": ""semantic_similarity""}"
2026-02-16T21:44:55.138219,SCENE-001,SCENE-001-SHOT-001,IMAGE_GEN,SUCCESS,531.17,"{""seed"": 2011861932}"
2026-02-16T21:44:56.144569,SCENE-001,SCENE-001-SHOT-001,VIDEO_GEN,SUCCESS,1006.09,"{""shot_type"": ""Wide"", ""lens"": ""24mm"", ""movement"": ""Slow Pan""}"
2026-02-16T21:44:56.667918,SCENE-002,SCENE-002-SHOT-001,IMAGE_GEN,SUCCESS,522.99,"{""seed"": 2142169240}"
2026-02-16T21:44:57.674649,SCENE-002,SCENE-002-SHOT-001,VIDEO_GEN,SUCCESS,1006.43,"{""shot_type"": ""Wide"", ""lens"": ""35mm"", ""movement"": ""Tracking""}"
2026-02-16T21:44:58.203104,SCENE-002,SCENE-002-SHOT-002,IMAGE_GEN,SUCCESS,527.84,"{""seed"": 1417424982}"
2026-02-16T21:44:59.209912,SCENE-002,SCENE-002-SHOT-002,VIDEO_GEN,SUCCESS,1006.51,"{""shot_type"": ""Medium"", ""lens"": ""35mm"", ""movement"": ""Tracking""}"
2026-02-16T21:44:59.739514,SCENE-003,SCENE-003-SHOT-001,IMAGE_GEN,SUCCESS,529.05,"{""seed"": 1313308739}"
2026-02-16T21:45:00.746480,SCENE-003,SCENE-003-SHOT-001,VIDEO_GEN,SUCCESS,1006.49,"{""shot_type"": ""Wide"", ""lens"": ""35mm"", ""movement"": ""Tracking""}"
2026-02-16T21:45:01.278651,SCENE-003,SCENE-003-SHOT-002,IMAGE_GEN,SUCCESS,531.60,"{""seed"": 1828254429}"
2026-02-16T21:45:02.285426,SCENE-003,SCENE-003-SHOT-002,VIDEO_GEN,SUCCESS,1006.43,"{""shot_type"": ""Medium"", ""lens"": ""35mm"", ""movement"": ""Tracking""}"
2026-02-16T21:45:02.364683,SCENE-001,SCENE-001-SHOT-001,CRITIC_QA,FAIL,0.00,"{""score"": ""0.32"", ""reason"": ""semantic_drift"", ""method"": ""semantic_similarity""}"
2026-02-16T21:45:02.379870,SCENE-002,SCENE-002-SHOT-001,CRITIC_QA,FAIL,0.00,"{""score"": ""0.35"", ""reason"": ""semantic_drift"", ""method"": ""semantic_similarity""}"
2026-02-16T21:45:02.394049,SCENE-002,SCENE-002-SHOT-002,CRITIC_QA,FAIL,0.00,"{""score"": ""0.35"", ""reason"": ""semantic_drift"", ""method"": ""semantic_similarity""}"
2026-02-16T21:45:02.408308,SCENE-003,SCENE-003-SHOT-001,CRITIC_QA,PASS,0.00,"{""score"": ""0.56"", ""method"": ""semantic_similarity""}"
2026-02-16T21:45:02.426901,SCENE-003,SCENE-003-SHOT-002,CRITIC_QA,PASS,0.00,"{""score"": ""0.56"", ""method"": ""semantic_similarity""}"
2026-02-16T21:45:02.963451,SCENE-001,SCENE-001-SHOT-001,IMAGE_GEN,SUCCESS,533.76,"{""seed"": 2011861932}"
2026-02-16T21:45:03.970216,SCENE-001,SCENE-001-SHOT-001,VIDEO_GEN,SUCCESS,1006.49,"{""shot_type"": ""Wide"", ""lens"": ""24mm"", ""movement"": ""Slow Pan""}"
2026-02-16T21:45:04.498606,SCENE-002,SCENE-002-SHOT-001,IMAGE_GEN,SUCCESS,527.83,"{""seed"": 2142169240}"
2026-02-16T21:45:05.505139,SCENE-002,SCENE-002-SHOT-001,VIDEO_GEN,SUCCESS,1006.25,"{""shot_type"": ""Wide"", ""lens"": ""35mm"", ""movement"": ""Tracking""}"
2026-02-16T21:45:06.033215,SCENE-002,SCENE-002-SHOT-002,IMAGE_GEN,SUCCESS,527.35,"{""seed"": 1417424982}"
2026-02-16T21:45:07.039974,SCENE-002,SCENE-002-SHOT-002,VIDEO_GEN,SUCCESS,1006.45,"{""shot_type"": ""Medium"", ""lens"": ""35mm"", ""movement"": ""Tracking""}"
2026-02-16T21:45:07.567731,SCENE-003,SCENE-003-SHOT-001,IMAGE_GEN,SUCCESS,527.23,"{""seed"": 1313308739}"
2026-02-16T21:45:08.574394,SCENE-003,SCENE-003-SHOT-001,VIDEO_GEN,SUCCESS,1006.38,"{""shot_type"": ""Wide"", ""lens"": ""35mm"", ""movement"": ""Tracking""}"
2026-02-16T21:45:09.099085,SCENE-003,SCENE-003-SHOT-002,IMAGE_GEN,SUCCESS,524.16,"{""seed"": 1828254429}"
2026-02-16T21:45:10.105244,SCENE-003,SCENE-003-SHOT-002,VIDEO_GEN,SUCCESS,1005.85,"{""shot_type"": ""Medium"", ""lens"": ""35mm"", ""movement"": ""Tracking""}"
2026-02-16T21:45:10.203075,SCENE-001,SCENE-001-SHOT-001,CRITIC_QA,FAIL,0.00,"{""score"": ""0.32"", ""reason"": ""semantic_drift"", ""method"": ""semantic_similarity""}"
2026-02-16T21:45:10.218166,SCENE-002,SCENE-002-SHOT-001,CRITIC_QA,FAIL,0.00,"{""score"": ""0.35"", ""reason"": ""semantic_drift"", ""method"": ""semantic_similarity""}"
2026-02-16T21:45:10.233351,SCENE-002,SCENE-002-SHOT-002,CRITIC_QA,FAIL,0.00,"{""score"": ""0.35"", ""reason"": ""semantic_drift"", ""method"": ""semantic_similarity""}"
2026-02-16T21:45:10.248386,SCENE-003,SCENE-003-SHOT-001,CRITIC_QA,PASS,0.00,"{""score"": ""0.56"", ""method"": ""semantic_similarity""}"
2026-02-16T21:45:10.262711,SCENE-003,SCENE-003-SHOT-002,CRITIC_QA,PASS,0.00,"{""score"": ""0.56"", ""method"": ""semantic_similarity""}"
2026-02-16T21:45:10.792229,SCENE-001,SCENE-001-SHOT-001,IMAGE_GEN,SUCCESS,528.15,"{""seed"": 2011861932}"
2026-02-16T21:45:11.798016,SCENE-001,SCENE-001-SHOT-001,VIDEO_GEN,SUCCESS,1005.52,"{""shot_type"": ""Wide"", ""lens"": ""24mm"", ""movement"": ""Slow Pan""}"
2026-02-16T21:45:12.328283,SCENE-002,SCENE-002-SHOT-001,IMAGE_GEN,SUCCESS,530.04,"{""seed"": 2142169240}"
2026-02-16T21:45:13.334984,SCENE-002,SCENE-002-SHOT-001,VIDEO_GEN,SUCCESS,1006.41,"{""shot_type"": ""Wide"", ""lens"": ""35mm"", ""movement"": ""Tracking""}"
2026-02-16T21:45:13.859496,SCENE-002,SCENE-002-SHOT-002,IMAGE_GEN,SUCCESS,523.98,"{""seed"": 1417424982}"
2026-02-16T21:45:14.865103,SCENE-002,SCENE-002-SHOT-002,VIDEO_GEN,SUCCESS,1005.42,"{""shot_type"": ""Medium"", ""lens"": ""35mm"", ""movement"": ""Tracking""}"
2026-02-16T21:45:15.395704,SCENE-003,SCENE-003-SHOT-001,IMAGE_GEN,SUCCESS,530.41,"{""seed"": 1313308739}"
2026-02-16T21:45:16.401525,SCENE-003,SCENE-003-SHOT-001,VIDEO_GEN,SUCCESS,1005.52,"{""shot_type"": ""Wide"", ""lens"": ""35mm"", ""movement"": ""Tracking""}"
2026-02-16T21:45:16.932576,SCENE-003,SCENE-003-SHOT-002,IMAGE_GEN,SUCCESS,530.84,"{""seed"": 1828254429}"
2026-02-16T21:45:17.939516,SCENE-003,SCENE-003-SHOT-002,VIDEO_GEN,SUCCESS,1006.50,"{""shot_type"": ""Medium"", ""lens"": ""35mm"", ""movement"": ""Tracking""}"
2026-02-16T21:45:18.047912,SCENE-001,SCENE-001-SHOT-001,CRITIC_QA,FAIL,0.00,"{""score"": ""0.32"", ""reason"": ""semantic_drift"", ""method"": ""semantic_similarity""}"
2026-02-16T21:45:18.061588,SCENE-002,SCENE-002-SHOT-001,CRITIC_QA,FAIL,0.00,"{""score"": ""0.35"", ""reason"": ""semantic_drift"", ""method"": ""semantic_similarity""}"
2026-02-16T21:45:18.073712,SCENE-002,SCENE-002-SHOT-002,CRITIC_QA,FAIL,0.00,"{""score"": ""0.35"", ""reason"": ""semantic_drift"", ""method"": ""semantic_similarity""}"
2026-02-16T21:45:18.084945,SCENE-003,SCENE-003-SHOT-001,CRITIC_QA,PASS,0.00,"{""score"": ""0.56"", ""method"": ""semantic_similarity""}"
2026-02-16T21:45:18.096871,SCENE-003,SCENE-003-SHOT-002,CRITIC_QA,PASS,0.00,"{""score"": ""0.56"", ""method"": ""semantic_similarity""}"
2026-02-16T21:45:18.632499,SCENE-001,SCENE-001-SHOT-001,IMAGE_GEN,SUCCESS,534.07,"{""seed"": 2011861932}"
2026-02-16T21:45:19.639225,SCENE-001,SCENE-001-SHOT-001,VIDEO_GEN,SUCCESS,1006.43,"{""shot_type"": ""Wide"", ""lens"": ""24mm"", ""movement"": ""Slow Pan""}"
2026-02-16T21:45:20.168960,SCENE-002,SCENE-002-SHOT-001,IMAGE_GEN,SUCCESS,529.15,"{""seed"": 2142169240}"
2026-02-16T21:45:21.175689,SCENE-002,SCENE-002-SHOT-001,VIDEO_GEN,SUCCESS,1006.43,"{""shot_type"": ""Wide"", ""lens"": ""35mm"", ""movement"": ""Tracking""}"
2026-02-16T21:45:21.707465,SCENE-002,SCENE-002-SHOT-002,IMAGE_GEN,SUCCESS,531.19,"{""seed"": 1417424982}"
2026-02-16T21:45:22.714141,SCENE-002,SCENE-002-SHOT-002,VIDEO_GEN,SUCCESS,1006.31,"{""shot_type"": ""Medium"", ""lens"": ""35mm"", ""movement"": ""Tracking""}"
2026-02-16T21:45:23.244774,SCENE-003,SCENE-003-SHOT-001,IMAGE_GEN,SUCCESS,530.05,"{""seed"": 1313308739}"
2026-02-16T21:45:24.251581,SCENE-003,SCENE-003-SHOT-001,VIDEO_GEN,SUCCESS,1006.49,"{""shot_type"": ""Wide"", ""lens"": ""35mm"", ""movement"": ""Tracking""}"
2026-02-16T21:45:24.779123,SCENE-003,SCENE-003-SHOT-002,IMAGE_GEN,SUCCESS,526.72,"{""seed"": 1828254429}"
2026-02-16T21:45:25.785928,SCENE-003,SCENE-003-SHOT-002,VIDEO_GEN,SUCCESS,1006.46,"{""shot_type"": ""Medium"", ""lens"": ""35mm"", ""movement"": ""Tracking""}"
2026-02-16T21:45:25.858826,SCENE-001,SCENE-001-SHOT-001,CRITIC_QA,FAIL,0.00,"{""score"": ""0.32"", ""reason"": ""semantic_drift"", ""method"": ""semantic_similarity""}"
2026-02-16T21:45:25.873946,SCENE-002,SCENE-002-SHOT-001,CRITIC_QA,FAIL,0.00,"{""score"": ""0.35"", ""reason"": ""semantic_drift"", ""method"": ""semantic_similarity""}"
2026-02-16T21:45:25.889543,SCENE-002,SCENE-002-SHOT-002,CRITIC_QA,FAIL,0.00,"{""score"": ""0.35"", ""reason"": ""semantic_drift"", ""method"": ""semantic_similarity""}"
2026-02-16T21:45:25.905000,SCENE-003,SCENE-003-SHOT-001,CRITIC_QA,PASS,0.00,"{""score"": ""0.56"", ""method"": ""semantic_similarity""}"
2026-02-16T21:45:25.920026,SCENE-003,SCENE-003-SHOT-002,CRITIC_QA,PASS,0.00,"{""score"": ""0.56"", ""method"": ""semantic_similarity""}"
2026-02-16T21:45:26.455132,SCENE-001,SCENE-001-SHOT-001,IMAGE_GEN,SUCCESS,533.73,"{""seed"": 2011861932}"
2026-02-16T21:45:27.461437,SCENE-001,SCENE-001-SHOT-001,VIDEO_GEN,SUCCESS,1006.02,"{""shot_type"": ""Wide"", ""lens"": ""24mm"", ""movement"": ""Slow Pan""}"
2026-02-16T21:45:27.990155,SCENE-002,SCENE-002-SHOT-001,IMAGE_GEN,SUCCESS,528.27,"{""seed"": 2142169240}"
2026-02-16T21:45:28.996997,SCENE-002,SCENE-002-SHOT-001,VIDEO_GEN,SUCCESS,1006.48,"{""shot_type"": ""Wide"", ""lens"": ""35mm"", ""movement"": ""Tracking""}"
2026-02-16T21:45:29.526595,SCENE-002,SCENE-002-SHOT-002,IMAGE_GEN,SUCCESS,529.03,"{""seed"": 1417424982}"
2026-02-16T21:45:30.533426,SCENE-002,SCENE-002-SHOT-002,VIDEO_GEN,SUCCESS,1006.53,"{""shot_type"": ""Medium"", ""lens"": ""35mm"", ""movement"": ""Tracking""}"
2026-02-16T21:45:31.060943,SCENE-003,SCENE-003-SHOT-001,IMAGE_GEN,SUCCESS,526.96,"{""seed"": 1313308739}"
2026-02-16T21:45:32.067600,SCENE-003,SCENE-003-SHOT-001,VIDEO_GEN,SUCCESS,1006.34,"{""shot_type"": ""Wide"", ""lens"": ""35mm"", ""movement"": ""Tracking""}"
2026-02-16T21:45:32.596491,SCENE-003,SCENE-003-SHOT-002,IMAGE_GEN,SUCCESS,528.31,"{""seed"": 1828254429}"
2026-02-16T21:45:33.603230,SCENE-003,SCENE-003-SHOT-002,VIDEO_GEN,SUCCESS,1006.44,"{""shot_type"": ""Medium"", ""lens"": ""35mm"", ""movement"": ""Tracking""}"
2026-02-16T21:45:33.666258,SCENE-001,SCENE-001-SHOT-001,CRITIC_QA,FAIL,0.00,"{""score"": ""0.32"", ""reason"": ""semantic_drift"", ""method"": ""semantic_similarity""}"
2026-02-16T21:45:33.681922,SCENE-002,SCENE-002-SHOT-001,CRITIC_QA,FAIL,0.00,"{""score"": ""0.35"", ""reason"": ""semantic_drift"", ""method"": ""semantic_similarity""}"
2026-02-16T21:45:33.695956,SCENE-002,SCENE-002-SHOT-002,CRITIC_QA,FAIL,0.00,"{""score"": ""0.35"", ""reason"": ""semantic_drift"", ""method"": ""semantic_similarity""}"
2026-02-16T21:45:33.711502,SCENE-003,SCENE-003-SHOT-001,CRITIC_QA,PASS,0.00,"{""score"": ""0.56"", ""method"": ""semantic_similarity""}"
2026-02-16T21:45:33.726167,SCENE-003,SCENE-003-SHOT-002,CRITIC_QA,PASS,0.00,"{""score"": ""0.56"", ""method"": ""semantic_similarity""}"
2026-02-16T21:45:34.262269,SCENE-001,SCENE-001-SHOT-001,IMAGE_GEN,SUCCESS,534.71,"{""seed"": 2011861932}"
2026-02-16T21:45:35.268959,SCENE-001,SCENE-001-SHOT-001,VIDEO_GEN,SUCCESS,1006.39,"{""shot_type"": ""Wide"", ""lens"": ""24mm"", ""movement"": ""Slow Pan""}"
2026-02-16T21:45:35.800700,SCENE-002,SCENE-002-SHOT-001,IMAGE_GEN,SUCCESS,531.15,"{""seed"": 2142169240}"
2026-02-16T21:45:36.807294,SCENE-002,SCENE-002-SHOT-001,VIDEO_GEN,SUCCESS,1006.29,"{""shot_type"": ""Wide"", ""lens"": ""35mm"", ""movement"": ""Tracking""}"
2026-02-16T21:45:37.334584,SCENE-002,SCENE-002-SHOT-002,IMAGE_GEN,SUCCESS,526.75,"{""seed"": 1417424982}"
2026-02-16T21:45:38.341215,SCENE-002,SCENE-002-SHOT-002,VIDEO_GEN,SUCCESS,1006.35,"{""shot_type"": ""Medium"", ""lens"": ""35mm"", ""movement"": ""Tracking""}"
2026-02-16T21:45:38.876846,SCENE-003,SCENE-003-SHOT-001,IMAGE_GEN,SUCCESS,535.10,"{""seed"": 1313308739}"
2026-02-16T21:45:39.882671,SCENE-003,SCENE-003-SHOT-001,VIDEO_GEN,SUCCESS,1005.55,"{""shot_type"": ""Wide"", ""lens"": ""35mm"", ""movement"": ""Tracking""}"
2026-02-16T21:45:40.411411,SCENE-003,SCENE-003-SHOT-002,IMAGE_GEN,SUCCESS,528.46,"{""seed"": 1828254429}"
2026-02-16T21:45:41.413817,SCENE-003,SCENE-003-SHOT-002,VIDEO_GEN,SUCCESS,1002.22,"{""shot_type"": ""Medium"", ""lens"": ""35mm"", ""movement"": ""Tracking""}"
2026-02-16T21:45:41.465773,SCENE-001,SCENE-001-SHOT-001,CRITIC_QA,FAIL,0.00,"{""score"": ""0.32"", ""reason"": ""semantic_drift"", ""method"": ""semantic_similarity""}"
2026-02-16T21:45:41.481112,SCENE-002,SCENE-002-SHOT-001,CRITIC_QA,FAIL,0.00,"{""score"": ""0.35"", ""reason"": ""semantic_drift"", ""method"": ""semantic_similarity""}"
2026-02-16T21:45:41.494972,SCENE-002,SCENE-002-SHOT-002,CRITIC_QA,FAIL,0.00,"{""score"": ""0.35"", ""reason"": ""semantic_drift"", ""method"": ""semantic_similarity""}"
2026-02-16T21:45:41.513949,SCENE-003,SCENE-003-SHOT-001,CRITIC_QA,PASS,0.00,"{""score"": ""0.56"", ""method"": ""semantic_similarity""}"
2026-02-16T21:45:41.528847,SCENE-003,SCENE-003-SHOT-002,CRITIC_QA,PASS,0.00,"{""score"": ""0.56"", ""method"": ""semantic_similarity""}"
2026-02-16T21:45:42.060377,SCENE-001,SCENE-001-SHOT-001,IMAGE_GEN,SUCCESS,530.11,"{""seed"": 2011861932}"
2026-02-16T21:45:43.067217,SCENE-001,SCENE-001-SHOT-001,VIDEO_GEN,SUCCESS,1006.54,"{""shot_type"": ""Wide"", ""lens"": ""24mm"", ""movement"": ""Slow Pan""}"
2026-02-16T21:45:43.594158,SCENE-002,SCENE-002-SHOT-001,IMAGE_GEN,SUCCESS,526.38,"{""seed"": 2142169240}"
2026-02-16T21:45:44.600868,SCENE-002,SCENE-002-SHOT-001,VIDEO_GEN,SUCCESS,1006.40,"{""shot_type"": ""Wide"", ""lens"": ""35mm"", ""movement"": ""Tracking""}"
2026-02-16T21:45:45.127707,SCENE-002,SCENE-002-SHOT-002,IMAGE_GEN,SUCCESS,526.23,"{""seed"": 1417424982}"
2026-02-16T21:45:46.134035,SCENE-002,SCENE-002-SHOT-002,VIDEO_GEN,SUCCESS,1006.04,"{""shot_type"": ""Medium"", ""lens"": ""35mm"", ""movement"": ""Tracking""}"
2026-02-16T21:45:46.657371,SCENE-003,SCENE-003-SHOT-001,IMAGE_GEN,SUCCESS,522.93,"{""seed"": 1313308739}"
2026-02-16T21:45:47.663553,SCENE-003,SCENE-003-SHOT-001,VIDEO_GEN,SUCCESS,1005.99,"{""shot_type"": ""Wide"", ""lens"": ""35mm"", ""movement"": ""Tracking""}"
2026-02-16T21:45:48.190365,SCENE-003,SCENE-003-SHOT-002,IMAGE_GEN,SUCCESS,526.23,"{""seed"": 1828254429}"
2026-02-16T21:45:49.196930,SCENE-003,SCENE-003-SHOT-002,VIDEO_GEN,SUCCESS,1006.36,"{""shot_type"": ""Medium"", ""lens"": ""35mm"", ""movement"": ""Tracking""}"
2026-02-16T21:45:49.390657,SCENE-001,SCENE-001-SHOT-001,CRITIC_QA,FAIL,0.00,"{""score"": ""0.32"", ""reason"": ""semantic_drift"", ""method"": ""semantic_similarity""}"
2026-02-16T21:45:49.404527,SCENE-002,SCENE-002-SHOT-001,CRITIC_QA,FAIL,0.00,"{""score"": ""0.35"", ""reason"": ""semantic_drift"", ""method"": ""semantic_similarity""}"
2026-02-16T21:45:49.413846,SCENE-002,SCENE-002-SHOT-002,CRITIC_QA,FAIL,0.00,"{""score"": ""0.35"", ""reason"": ""semantic_drift"", ""method"": ""semantic_similarity""}"
2026-02-16T21:45:49.423005,SCENE-003,SCENE-003-SHOT-001,CRITIC_QA,PASS,0.00,"{""score"": ""0.56"", ""method"": ""semantic_similarity""}"
2026-02-16T21:45:49.432336,SCENE-003,SCENE-003-SHOT-002,CRITIC_QA,PASS,0.00,"{""score"": ""0.56"", ""method"": ""semantic_similarity""}"
2026-02-16T21:45:49.952999,SCENE-001,SCENE-001-SHOT-001,IMAGE_GEN,SUCCESS,519.50,"{""seed"": 2011861932}"
2026-02-16T21:45:50.959015,SCENE-001,SCENE-001-SHOT-001,VIDEO_GEN,SUCCESS,1005.88,"{""shot_type"": ""Wide"", ""lens"": ""24mm"", ""movement"": ""Slow Pan""}"
2026-02-16T21:45:51.487295,SCENE-002,SCENE-002-SHOT-001,IMAGE_GEN,SUCCESS,527.83,"{""seed"": 2142169240}"
2026-02-16T21:45:52.489537,SCENE-002,SCENE-002-SHOT-001,VIDEO_GEN,SUCCESS,1001.96,"{""shot_type"": ""Wide"", ""lens"": ""35mm"", ""movement"": ""Tracking""}"
2026-02-16T21:45:53.016911,SCENE-002,SCENE-002-SHOT-002,IMAGE_GEN,SUCCESS,527.12,"{""seed"": 1417424982}"
2026-02-16T21:45:54.022937,SCENE-002,SCENE-002-SHOT-002,VIDEO_GEN,SUCCESS,1005.74,"{""shot_type"": ""Medium"", ""lens"": ""35mm"", ""movement"": ""Tracking""}"
2026-02-16T21:45:54.551496,SCENE-003,SCENE-003-SHOT-001,IMAGE_GEN,SUCCESS,528.02,"{""seed"": 1313308739}"
2026-02-16T21:45:55.557416,SCENE-003,SCENE-003-SHOT-001,VIDEO_GEN,SUCCESS,1005.72,"{""shot_type"": ""Wide"", ""lens"": ""35mm"", ""movement"": ""Tracking""}"
2026-02-16T21:45:56.087964,SCENE-003,SCENE-003-SHOT-002,IMAGE_GEN,SUCCESS,530.02,"{""seed"": 1828254429}"
2026-02-16T21:45:57.094295,SCENE-003,SCENE-003-SHOT-002,VIDEO_GEN,SUCCESS,1006.04,"{""shot_type"": ""Medium"", ""lens"": ""35mm"", ""movement"": ""Tracking""}"
2026-02-16T21:45:57.170002,SCENE-001,SCENE-001-SHOT-001,CRITIC_QA,FAIL,0.00,"{""score"": ""0.32"", ""reason"": ""semantic_drift"", ""method"": ""semantic_similarity""}"
2026-02-16T21:45:57.184946,SCENE-002,SCENE-002-SHOT-001,CRITIC_QA,FAIL,0.00,"{""score"": ""0.35"", ""reason"": ""semantic_drift"", ""method"": ""semantic_similarity""}"
2026-02-16T21:45:57.199019,SCENE-002,SCENE-002-SHOT-002,CRITIC_QA,FAIL,0.00,"{""score"": ""0.35"", ""reason"": ""semantic_drift"", ""method"": ""semantic_similarity""}"
2026-02-16T21:45:57.213355,SCENE-003,SCENE-003-SHOT-001,CRITIC_QA,PASS,0.00,"{""score"": ""0.56"", ""method"": ""semantic_similarity""}"
2026-02-16T21:45:57.228161,SCENE-003,SCENE-003-SHOT-002,CRITIC_QA,PASS,0.00,"{""score"": ""0.56"", ""method"": ""semantic_similarity""}"
2026-02-16T21:45:57.758809,SCENE-001,SCENE-001-SHOT-001,IMAGE_GEN,SUCCESS,529.39,"{""seed"": 2011861932}"
2026-02-16T21:45:58.765080,SCENE-001,SCENE-001-SHOT-001,VIDEO_GEN,SUCCESS,1006.03,"{""shot_type"": ""Wide"", ""lens"": ""24mm"", ""movement"": ""Slow Pan""}"
2026-02-16T21:45:59.295211,SCENE-002,SCENE-002-SHOT-001,IMAGE_GEN,SUCCESS,529.53,"{""seed"": 2142169240}"
2026-02-16T21:46:00.301492,SCENE-002,SCENE-002-SHOT-001,VIDEO_GEN,SUCCESS,1005.99,"{""shot_type"": ""Wide"", ""lens"": ""35mm"", ""movement"": ""Tracking""}"
2026-02-16T21:46:00.833733,SCENE-002,SCENE-002-SHOT-002,IMAGE_GEN,SUCCESS,531.70,"{""seed"": 1417424982}"
2026-02-16T21:46:01.840249,SCENE-002,SCENE-002-SHOT-002,VIDEO_GEN,SUCCESS,1006.20,"{""shot_type"": ""Medium"", ""lens"": ""35mm"", ""movement"": ""Tracking""}"
2026-02-16T21:46:02.373749,SCENE-003,SCENE-003-SHOT-001,IMAGE_GEN,SUCCESS,532.89,"{""seed"": 1313308739}"
2026-02-16T21:46:03.379996,SCENE-003,SCENE-003-SHOT-001,VIDEO_GEN,SUCCESS,1005.93,"{""shot_type"": ""Wide"", ""lens"": ""35mm"", ""movement"": ""Tracking""}"
2026-02-16T21:46:03.907391,SCENE-003,SCENE-003-SHOT-002,IMAGE_GEN,SUCCESS,526.60,"{""seed"": 1828254429}"
2026-02-16T21:46:04.912861,SCENE-003,SCENE-003-SHOT-002,VIDEO_GEN,SUCCESS,1005.17,"{""shot_type"": ""Medium"", ""lens"": ""35mm"", ""movement"": ""Tracking""}"
2026-02-16T21:46:04.983970,SCENE-001,SCENE-001-SHOT-001,CRITIC_QA,FAIL,0.00,"{""score"": ""0.32"", ""reason"": ""semantic_drift"", ""method"": ""semantic_similarity""}"
2026-02-16T21:46:04.998956,SCENE-002,SCENE-002-SHOT-001,CRITIC_QA,FAIL,0.00,"{""score"": ""0.35"", ""reason"": ""semantic_drift"", ""method"": ""semantic_similarity""}"
2026-02-16T21:46:05.012947,SCENE-002,SCENE-002-SHOT-002,CRITIC_QA,FAIL,0.00,"{""score"": ""0.35"", ""reason"": ""semantic_drift"", ""method"": ""semantic_similarity""}"
2026-02-16T21:46:05.027174,SCENE-003,SCENE-003-SHOT-001,CRITIC_QA,PASS,0.00,"{""score"": ""0.56"", ""method"": ""semantic_similarity""}"
2026-02-16T21:46:05.041282,SCENE-003,SCENE-003-SHOT-002,CRITIC_QA,PASS,0.00,"{""score"": ""0.56"", ""method"": ""semantic_similarity""}"
2026-02-16T21:46:05.576330,SCENE-001,SCENE-001-SHOT-001,IMAGE_GEN,SUCCESS,533.77,"{""seed"": 2011861932}"
2026-02-16T21:46:06.582842,SCENE-001,SCENE-001-SHOT-001,VIDEO_GEN,SUCCESS,1006.16,"{""shot_type"": ""Wide"", ""lens"": ""24mm"", ""movement"": ""Slow Pan""}"
2026-02-16T21:46:07.110531,SCENE-002,SCENE-002-SHOT-001,IMAGE_GEN,SUCCESS,527.20,"{""seed"": 2142169240}"
2026-02-16T21:46:08.117164,SCENE-002,SCENE-002-SHOT-001,VIDEO_GEN,SUCCESS,1006.30,"{""shot_type"": ""Wide"", ""lens"": ""35mm"", ""movement"": ""Tracking""}"
2026-02-16T21:46:08.644543,SCENE-002,SCENE-002-SHOT-002,IMAGE_GEN,SUCCESS,526.85,"{""seed"": 1417424982}"
2026-02-16T21:46:09.650919,SCENE-002,SCENE-002-SHOT-002,VIDEO_GEN,SUCCESS,1006.06,"{""shot_type"": ""Medium"", ""lens"": ""35mm"", ""movement"": ""Tracking""}"
2026-02-16T21:46:10.185386,SCENE-003,SCENE-003-SHOT-001,IMAGE_GEN,SUCCESS,533.90,"{""seed"": 1313308739}"
2026-02-16T21:46:11.192044,SCENE-003,SCENE-003-SHOT-001,VIDEO_GEN,SUCCESS,1006.32,"{""shot_type"": ""Wide"", ""lens"": ""35mm"", ""movement"": ""Tracking""}"
2026-02-16T21:46:11.720876,SCENE-003,SCENE-003-SHOT-002,IMAGE_GEN,SUCCESS,528.26,"{""seed"": 1828254429}"
2026-02-16T21:46:12.727227,SCENE-003,SCENE-003-SHOT-002,VIDEO_GEN,SUCCESS,1006.02,"{""shot_type"": ""Medium"", ""lens"": ""35mm"", ""movement"": ""Tracking""}"
2026-02-16T21:46:12.785963,SCENE-001,SCENE-001-SHOT-001,CRITIC_QA,FAIL,0.00,"{""score"": ""0.32"", ""reason"": ""semantic_drift"", ""method"": ""semantic_similarity""}"
2026-02-16T21:46:12.807248,SCENE-002,SCENE-002-SHOT-001,CRITIC_QA,FAIL,0.00,"{""score"": ""0.35"", ""reason"": ""semantic_drift"", ""method"": ""semantic_similarity""}"
2026-02-16T21:46:12.821595,SCENE-002,SCENE-002-SHOT-002,CRITIC_QA,FAIL,0.00,"{""score"": ""0.35"", ""reason"": ""semantic_drift"", ""method"": ""semantic_similarity""}"
2026-02-16T21:46:12.836632,SCENE-003,SCENE-003-SHOT-001,CRITIC_QA,PASS,0.00,"{""score"": ""0.56"", ""method"": ""semantic_similarity""}"
2026-02-16T21:46:12.852113,SCENE-003,SCENE-003-SHOT-002,CRITIC_QA,PASS,0.00,"{""score"": ""0.56"", ""method"": ""semantic_similarity""}"
2026-02-16T21:46:13.385018,SCENE-001,SCENE-001-SHOT-001,IMAGE_GEN,SUCCESS,531.52,"{""seed"": 2011861932}"
2026-02-16T21:46:14.391089,SCENE-001,SCENE-001-SHOT-001,VIDEO_GEN,SUCCESS,1005.80,"{""shot_type"": ""Wide"", ""lens"": ""24mm"", ""movement"": ""Slow Pan""}"
2026-02-16T21:46:14.915122,SCENE-002,SCENE-002-SHOT-001,IMAGE_GEN,SUCCESS,523.65,"{""seed"": 2142169240}"
2026-02-16T21:46:15.921631,SCENE-002,SCENE-002-SHOT-001,VIDEO_GEN,SUCCESS,1006.29,"{""shot_type"": ""Wide"", ""lens"": ""35mm"", ""movement"": ""Tracking""}"
2026-02-16T21:46:16.450017,SCENE-002,SCENE-002-SHOT-002,IMAGE_GEN,SUCCESS,527.82,"{""seed"": 1417424982}"
2026-02-16T21:46:17.456195,SCENE-002,SCENE-002-SHOT-002,VIDEO_GEN,SUCCESS,1005.77,"{""shot_type"": ""Medium"", ""lens"": ""35mm"", ""movement"": ""Tracking""}"
2026-02-16T21:46:17.989758,SCENE-003,SCENE-003-SHOT-001,IMAGE_GEN,SUCCESS,533.16,"{""seed"": 1313308739}"
2026-02-16T21:46:18.996638,SCENE-003,SCENE-003-SHOT-001,VIDEO_GEN,SUCCESS,1006.54,"{""shot_type"": ""Wide"", ""lens"": ""35mm"", ""movement"": ""Tracking""}"
2026-02-16T21:46:19.522633,SCENE-003,SCENE-003-SHOT-002,IMAGE_GEN,SUCCESS,525.45,"{""seed"": 1828254429}"
2026-02-16T21:46:20.528785,SCENE-003,SCENE-003-SHOT-002,VIDEO_GEN,SUCCESS,1005.93,"{""shot_type"": ""Medium"", ""lens"": ""35mm"", ""movement"": ""Tracking""}"
2026-02-16T21:46:20.704784,SCENE-001,SCENE-001-SHOT-001,CRITIC_QA,FAIL,0.00,"{""score"": ""0.32"", ""reason"": ""semantic_drift"", ""method"": ""semantic_similarity""}"
2026-02-16T21:46:20.720583,SCENE-002,SCENE-002-SHOT-001,CRITIC_QA,FAIL,0.00,"{""score"": ""0.35"", ""reason"": ""semantic_drift"", ""method"": ""semantic_similarity""}"
2026-02-16T21:46:20.734685,SCENE-002,SCENE-002-SHOT-002,CRITIC_QA,FAIL,0.00,"{""score"": ""0.35"", ""reason"": ""semantic_drift"", ""method"": ""semantic_similarity""}"
2026-02-16T21:46:20.749364,SCENE-003,SCENE-003-SHOT-001,CRITIC_QA,PASS,0.00,"{""score"": ""0.56"", ""method"": ""semantic_similarity""}"
2026-02-16T21:46:20.767481,SCENE-003,SCENE-003-SHOT-002,CRITIC_QA,PASS,0.00,"{""score"": ""0.56"", ""method"": ""semantic_similarity""}"
2026-02-16T21:46:21.304548,SCENE-001,SCENE-001-SHOT-001,IMAGE_GEN,SUCCESS,534.78,"{""seed"": 2011861932}"
2026-02-16T21:46:22.311553,SCENE-001,SCENE-001-SHOT-001,VIDEO_GEN,SUCCESS,1006.68,"{""shot_type"": ""Wide"", ""lens"": ""24mm"", ""movement"": ""Slow Pan""}"
2026-02-16T21:46:22.844432,SCENE-002,SCENE-002-SHOT-001,IMAGE_GEN,SUCCESS,532.29,"{""seed"": 2142169240}"
2026-02-16T21:46:23.850631,SCENE-002,SCENE-002-SHOT-001,VIDEO_GEN,SUCCESS,1005.87,"{""shot_type"": ""Wide"", ""lens"": ""35mm"", ""movement"": ""Tracking""}"
2026-02-16T21:46:24.384223,SCENE-002,SCENE-002-SHOT-002,IMAGE_GEN,SUCCESS,533.13,"{""seed"": 1417424982}"
2026-02-16T21:46:25.390863,SCENE-002,SCENE-002-SHOT-002,VIDEO_GEN,SUCCESS,1006.29,"{""shot_type"": ""Medium"", ""lens"": ""35mm"", ""movement"": ""Tracking""}"
2026-02-16T21:46:25.921919,SCENE-003,SCENE-003-SHOT-001,IMAGE_GEN,SUCCESS,530.45,"{""seed"": 1313308739}"
2026-02-16T21:46:26.928475,SCENE-003,SCENE-003-SHOT-001,VIDEO_GEN,SUCCESS,1006.25,"{""shot_type"": ""Wide"", ""lens"": ""35mm"", ""movement"": ""Tracking""}"
2026-02-16T21:46:27.458247,SCENE-003,SCENE-003-SHOT-002,IMAGE_GEN,SUCCESS,529.22,"{""seed"": 1828254429}"
2026-02-16T21:46:28.465238,SCENE-003,SCENE-003-SHOT-002,VIDEO_GEN,SUCCESS,1006.69,"{""shot_type"": ""Medium"", ""lens"": ""35mm"", ""movement"": ""Tracking""}"
2026-02-16T21:46:28.529711,SCENE-001,SCENE-001-SHOT-001,CRITIC_QA,FAIL,0.00,"{""score"": ""0.32"", ""reason"": ""semantic_drift"", ""method"": ""semantic_similarity""}"
2026-02-16T21:46:28.545282,SCENE-002,SCENE-002-SHOT-001,CRITIC_QA,FAIL,0.00,"{""score"": ""0.35"", ""reason"": ""semantic_drift"", ""method"": ""semantic_similarity""}"
2026-02-16T21:46:28.563388,SCENE-002,SCENE-002-SHOT-002,CRITIC_QA,FAIL,0.00,"{""score"": ""0.35"", ""reason"": ""semantic_drift"", ""method"": ""semantic_similarity""}"
2026-02-16T21:46:28.579532,SCENE-003,SCENE-003-SHOT-001,CRITIC_QA,PASS,0.00,"{""score"": ""0.56"", ""method"": ""semantic_similarity""}"
2026-02-16T21:46:28.595303,SCENE-003,SCENE-003-SHOT-002,CRITIC_QA,PASS,0.00,"{""score"": ""0.56"", ""method"": ""semantic_similarity""}"
2026-02-16T21:46:29.127354,SCENE-001,SCENE-001-SHOT-001,IMAGE_GEN,SUCCESS,530.64,"{""seed"": 2011861932}"
2026-02-16T21:46:30.134042,SCENE-001,SCENE-001-SHOT-001,VIDEO_GEN,SUCCESS,1006.38,"{""shot_type"": ""Wide"", ""lens"": ""24mm"", ""movement"": ""Slow Pan""}"
2026-02-16T21:46:30.664883,SCENE-002,SCENE-002-SHOT-001,IMAGE_GEN,SUCCESS,530.22,"{""seed"": 2142169240}"
2026-02-16T21:46:31.671353,SCENE-002,SCENE-002-SHOT-001,VIDEO_GEN,SUCCESS,1006.13,"{""shot_type"": ""Wide"", ""lens"": ""35mm"", ""movement"": ""Tracking""}"
2026-02-16T21:46:32.198252,SCENE-002,SCENE-002-SHOT-002,IMAGE_GEN,SUCCESS,526.44,"{""seed"": 1417424982}"
2026-02-16T21:46:33.205073,SCENE-002,SCENE-002-SHOT-002,VIDEO_GEN,SUCCESS,1006.43,"{""shot_type"": ""Medium"", ""lens"": ""35mm"", ""movement"": ""Tracking""}"
2026-02-16T21:46:33.734887,SCENE-003,SCENE-003-SHOT-001,IMAGE_GEN,SUCCESS,528.41,"{""seed"": 1313308739}"
2026-02-16T21:46:34.741293,SCENE-003,SCENE-003-SHOT-001,VIDEO_GEN,SUCCESS,1006.05,"{""shot_type"": ""Wide"", ""lens"": ""35mm"", ""movement"": ""Tracking""}"
2026-02-16T21:46:35.276033,SCENE-003,SCENE-003-SHOT-002,IMAGE_GEN,SUCCESS,534.25,"{""seed"": 1828254429}"
2026-02-16T21:46:36.282690,SCENE-003,SCENE-003-SHOT-002,VIDEO_GEN,SUCCESS,1006.34,"{""shot_type"": ""Medium"", ""lens"": ""35mm"", ""movement"": ""Tracking""}"
2026-02-16T21:46:36.357265,SCENE-001,SCENE-001-SHOT-001,CRITIC_QA,FAIL,0.00,"{""score"": ""0.32"", ""reason"": ""semantic_drift"", ""method"": ""semantic_similarity""}"
2026-02-16T21:46:36.373950,SCENE-002,SCENE-002-SHOT-001,CRITIC_QA,FAIL,0.00,"{""score"": ""0.35"", ""reason"": ""semantic_drift"", ""method"": ""semantic_similarity""}"
2026-02-16T21:46:36.387826,SCENE-002,SCENE-002-SHOT-002,CRITIC_QA,FAIL,0.00,"{""score"": ""0.35"", ""reason"": ""semantic_drift"", ""method"": ""semantic_similarity""}"
2026-02-16T21:46:36.408479,SCENE-003,SCENE-003-SHOT-001,CRITIC_QA,PASS,0.00,"{""score"": ""0.56"", ""method"": ""semantic_similarity""}"
2026-02-16T21:46:36.423764,SCENE-003,SCENE-003-SHOT-002,CRITIC_QA,PASS,0.00,"{""score"": ""0.56"", ""method"": ""semantic_similarity""}"
2026-02-16T21:46:36.959328,SCENE-001,SCENE-001-SHOT-001,IMAGE_GEN,SUCCESS,534.21,"{""seed"": 2011861932}"
2026-02-16T21:46:37.966023,SCENE-001,SCENE-001-SHOT-001,VIDEO_GEN,SUCCESS,1006.38,"{""shot_type"": ""Wide"", ""lens"": ""24mm"", ""movement"": ""Slow Pan""}"
2026-02-16T21:46:38.494733,SCENE-002,SCENE-002-SHOT-001,IMAGE_GEN,SUCCESS,528.08,"{""seed"": 2142169240}"
2026-02-16T21:46:39.501333,SCENE-002,SCENE-002-SHOT-001,VIDEO_GEN,SUCCESS,1006.29,"{""shot_type"": ""Wide"", ""lens"": ""35mm"", ""movement"": ""Tracking""}"
2026-02-16T21:46:40.018777,SCENE-002,SCENE-002-SHOT-002,IMAGE_GEN,SUCCESS,516.71,"{""seed"": 1417424982}"
2026-02-16T21:46:41.025070,SCENE-002,SCENE-002-SHOT-002,VIDEO_GEN,SUCCESS,1006.08,"{""shot_type"": ""Medium"", ""lens"": ""35mm"", ""movement"": ""Tracking""}"
2026-02-16T21:46:41.552916,SCENE-003,SCENE-003-SHOT-001,IMAGE_GEN,SUCCESS,527.28,"{""seed"": 1313308739}"
2026-02-16T21:46:42.559482,SCENE-003,SCENE-003-SHOT-001,VIDEO_GEN,SUCCESS,1006.28,"{""shot_type"": ""Wide"", ""lens"": ""35mm"", ""movement"": ""Tracking""}"
2026-02-16T21:46:43.088437,SCENE-003,SCENE-003-SHOT-002,IMAGE_GEN,SUCCESS,528.42,"{""seed"": 1828254429}"
2026-02-16T21:46:44.094578,SCENE-003,SCENE-003-SHOT-002,VIDEO_GEN,SUCCESS,1005.87,"{""shot_type"": ""Medium"", ""lens"": ""35mm"", ""movement"": ""Tracking""}"
2026-02-16T21:46:44.159709,SCENE-001,SCENE-001-SHOT-001,CRITIC_QA,FAIL,0.00,"{""score"": ""0.32"", ""reason"": ""semantic_drift"", ""method"": ""semantic_similarity""}"
2026-02-16T21:46:44.175774,SCENE-002,SCENE-002-SHOT-001,CRITIC_QA,FAIL,0.00,"{""score"": ""0.35"", ""reason"": ""semantic_drift"", ""method"": ""semantic_similarity""}"
2026-02-16T21:46:44.191496,SCENE-002,SCENE-002-SHOT-002,CRITIC_QA,FAIL,0.00,"{""score"": ""0.35"", ""reason"": ""semantic_drift"", ""method"": ""semantic_similarity""}"
2026-02-16T21:46:44.207449,SCENE-003,SCENE-003-SHOT-001,CRITIC_QA,PASS,0.00,"{""score"": ""0.56"", ""method"": ""semantic_similarity""}"
2026-02-16T21:46:44.222982,SCENE-003,SCENE-003-SHOT-002,CRITIC_QA,PASS,0.00,"{""score"": ""0.56"", ""method"": ""semantic_similarity""}"
2026-02-16T21:46:44.755830,SCENE-001,SCENE-001-SHOT-001,IMAGE_GEN,SUCCESS,531.35,"{""seed"": 2011861932}"
2026-02-16T21:46:45.762295,SCENE-001,SCENE-001-SHOT-001,VIDEO_GEN,SUCCESS,1006.21,"{""shot_type"": ""Wide"", ""lens"": ""24mm"", ""movement"": ""Slow Pan""}"
2026-02-16T21:46:46.297251,SCENE-002,SCENE-002-SHOT-001,IMAGE_GEN,SUCCESS,534.53,"{""seed"": 2142169240}"
2026-02-16T21:46:47.303912,SCENE-002,SCENE-002-SHOT-001,VIDEO_GEN,SUCCESS,1006.35,"{""shot_type"": ""Wide"", ""lens"": ""35mm"", ""movement"": ""Tracking""}"
2026-02-16T21:46:47.827705,SCENE-002,SCENE-002-SHOT-002,IMAGE_GEN,SUCCESS,523.27,"{""seed"": 1417424982}"
2026-02-16T21:46:48.834189,SCENE-002,SCENE-002-SHOT-002,VIDEO_GEN,SUCCESS,1006.25,"{""shot_type"": ""Medium"", ""lens"": ""35mm"", ""movement"": ""Tracking""}"
2026-02-16T21:46:49.354371,SCENE-003,SCENE-003-SHOT-001,IMAGE_GEN,SUCCESS,519.56,"{""seed"": 1313308739}"
2026-02-16T21:47:47.806998,SCENE-001,SCENE-001-SHOT-001,IMAGE_GEN,SUCCESS,589.06,"{""seed"": 1158826254}"
2026-02-16T21:47:48.809948,SCENE-001,SCENE-001-SHOT-001,VIDEO_GEN,SUCCESS,1002.56,"{""shot_type"": ""Wide"", ""lens"": ""24mm"", ""movement"": ""Slow Pan""}"
2026-02-16T21:47:49.322139,SCENE-002,SCENE-002-SHOT-001,IMAGE_GEN,SUCCESS,511.94,"{""seed"": 1793945338}"
2026-02-16T21:47:50.323489,SCENE-002,SCENE-002-SHOT-001,VIDEO_GEN,SUCCESS,1001.21,"{""shot_type"": ""Wide"", ""lens"": ""35mm"", ""movement"": ""Tracking""}"
2026-02-16T21:47:50.856115,SCENE-002,SCENE-002-SHOT-002,IMAGE_GEN,SUCCESS,532.35,"{""seed"": 494090642}"
2026-02-16T21:47:51.862791,SCENE-002,SCENE-002-SHOT-002,VIDEO_GEN,SUCCESS,1006.33,"{""shot_type"": ""Medium"", ""lens"": ""35mm"", ""movement"": ""Tracking""}"
2026-02-16T21:47:52.394116,SCENE-003,SCENE-003-SHOT-001,IMAGE_GEN,SUCCESS,530.79,"{""seed"": 1314178050}"
2026-02-16T21:47:53.400711,SCENE-003,SCENE-003-SHOT-001,VIDEO_GEN,SUCCESS,1006.33,"{""shot_type"": ""Wide"", ""lens"": ""35mm"", ""movement"": ""Tracking""}"
2026-02-16T21:47:53.927750,SCENE-003,SCENE-003-SHOT-002,IMAGE_GEN,SUCCESS,526.51,"{""seed"": 106051442}"
2026-02-16T21:47:54.934360,SCENE-003,SCENE-003-SHOT-002,VIDEO_GEN,SUCCESS,1006.33,"{""shot_type"": ""Medium"", ""lens"": ""35mm"", ""movement"": ""Tracking""}"
2026-02-16T21:47:55.381851,SCENE-001,SCENE-001-SHOT-001,CRITIC_QA,FAIL,0.00,"{""score"": ""0.32"", ""reason"": ""semantic_drift"", ""method"": ""semantic_similarity""}"
2026-02-16T21:47:55.416383,SCENE-002,SCENE-002-SHOT-001,CRITIC_QA,FAIL,0.00,"{""score"": ""0.35"", ""reason"": ""semantic_drift"", ""method"": ""semantic_similarity""}"
2026-02-16T21:47:55.457458,SCENE-002,SCENE-002-SHOT-002,CRITIC_QA,FAIL,0.00,"{""score"": ""0.35"", ""reason"": ""semantic_drift"", ""method"": ""semantic_similarity""}"
2026-02-16T21:47:55.492964,SCENE-003,SCENE-003-SHOT-001,CRITIC_QA,PASS,0.00,"{""score"": ""0.56"", ""method"": ""semantic_similarity""}"
2026-02-16T21:47:55.526007,SCENE-003,SCENE-003-SHOT-002,CRITIC_QA,PASS,0.00,"{""score"": ""0.56"", ""method"": ""semantic_similarity""}"
2026-02-16T21:47:56.060648,SCENE-001,SCENE-001-SHOT-001,IMAGE_GEN,SUCCESS,532.16,"{""seed"": 1158826254}"
2026-02-16T21:47:57.067263,SCENE-001,SCENE-001-SHOT-001,VIDEO_GEN,SUCCESS,1006.27,"{""shot_type"": ""Wide"", ""lens"": ""24mm"", ""movement"": ""Slow Pan""}"
2026-02-16T21:47:57.596133,SCENE-002,SCENE-002-SHOT-001,IMAGE_GEN,SUCCESS,528.16,"{""seed"": 1793945338}"
2026-02-16T21:47:58.602890,SCENE-002,SCENE-002-SHOT-001,VIDEO_GEN,SUCCESS,1006.43,"{""shot_type"": ""Wide"", ""lens"": ""35mm"", ""movement"": ""Tracking""}"
2026-02-16T21:47:59.136563,SCENE-002,SCENE-002-SHOT-002,IMAGE_GEN,SUCCESS,533.36,"{""seed"": 494090642}"
2026-02-16T21:48:00.142605,SCENE-002,SCENE-002-SHOT-002,VIDEO_GEN,SUCCESS,1005.76,"{""shot_type"": ""Medium"", ""lens"": ""35mm"", ""movement"": ""Tracking""}"
2026-02-16T21:48:00.669719,SCENE-003,SCENE-003-SHOT-001,IMAGE_GEN,SUCCESS,526.81,"{""seed"": 1314178050}"
2026-02-16T21:48:01.672208,SCENE-003,SCENE-003-SHOT-001,VIDEO_GEN,SUCCESS,1002.09,"{""shot_type"": ""Wide"", ""lens"": ""35mm"", ""movement"": ""Tracking""}"
2026-02-16T21:48:02.206177,SCENE-003,SCENE-003-SHOT-002,IMAGE_GEN,SUCCESS,533.20,"{""seed"": 106051442}"
2026-02-16T21:48:03.212976,SCENE-003,SCENE-003-SHOT-002,VIDEO_GEN,SUCCESS,1006.44,"{""shot_type"": ""Medium"", ""lens"": ""35mm"", ""movement"": ""Tracking""}"
2026-02-16T21:48:03.469760,SCENE-001,SCENE-001-SHOT-001,CRITIC_QA,FAIL,0.00,"{""score"": ""0.32"", ""reason"": ""semantic_drift"", ""method"": ""semantic_similarity""}"
2026-02-16T21:48:03.486964,SCENE-002,SCENE-002-SHOT-001,CRITIC_QA,FAIL,0.00,"{""score"": ""0.35"", ""reason"": ""semantic_drift"", ""method"": ""semantic_similarity""}"
2026-02-16T21:48:03.507212,SCENE-002,SCENE-002-SHOT-002,CRITIC_QA,FAIL,0.00,"{""score"": ""0.35"", ""reason"": ""semantic_drift"", ""method"": ""semantic_similarity""}"
2026-02-16T21:48:03.523581,SCENE-003,SCENE-003-SHOT-001,CRITIC_QA,PASS,0.00,"{""score"": ""0.56"", ""method"": ""semantic_similarity""}"
2026-02-16T21:48:03.539856,SCENE-003,SCENE-003-SHOT-002,CRITIC_QA,PASS,0.00,"{""score"": ""0.56"", ""method"": ""semantic_similarity""}"
2026-02-16T21:48:04.076692,SCENE-001,SCENE-001-SHOT-001,IMAGE_GEN,SUCCESS,535.65,"{""seed"": 1158826254}"
2026-02-16T21:48:05.083302,SCENE-001,SCENE-001-SHOT-001,VIDEO_GEN,SUCCESS,1006.27,"{""shot_type"": ""Wide"", ""lens"": ""24mm"", ""movement"": ""Slow Pan""}"
2026-02-16T21:48:05.610047,SCENE-002,SCENE-002-SHOT-001,IMAGE_GEN,SUCCESS,526.31,"{""seed"": 1793945338}"
2026-02-16T21:48:06.615607,SCENE-002,SCENE-002-SHOT-001,VIDEO_GEN,SUCCESS,1005.27,"{""shot_type"": ""Wide"", ""lens"": ""35mm"", ""movement"": ""Tracking""}"
2026-02-16T21:48:07.136873,SCENE-002,SCENE-002-SHOT-002,IMAGE_GEN,SUCCESS,521.16,"{""seed"": 494090642}"
2026-02-16T21:48:08.142826,SCENE-002,SCENE-002-SHOT-002,VIDEO_GEN,SUCCESS,1005.70,"{""shot_type"": ""Medium"", ""lens"": ""35mm"", ""movement"": ""Tracking""}"
2026-02-16T21:48:08.678791,SCENE-003,SCENE-003-SHOT-001,IMAGE_GEN,SUCCESS,535.55,"{""seed"": 1314178050}"
2026-02-16T21:48:09.712020,SCENE-003,SCENE-003-SHOT-001,VIDEO_GEN,SUCCESS,1032.85,"{""shot_type"": ""Wide"", ""lens"": ""35mm"", ""movement"": ""Tracking""}"
2026-02-16T21:48:10.228096,SCENE-003,SCENE-003-SHOT-002,IMAGE_GEN,SUCCESS,515.79,"{""seed"": 106051442}"
2026-02-16T21:48:11.230609,SCENE-003,SCENE-003-SHOT-002,VIDEO_GEN,SUCCESS,1002.31,"{""shot_type"": ""Medium"", ""lens"": ""35mm"", ""movement"": ""Tracking""}"
2026-02-16T21:48:11.464879,SCENE-001,SCENE-001-SHOT-001,CRITIC_QA,FAIL,0.00,"{""score"": ""0.32"", ""reason"": ""semantic_drift"", ""method"": ""semantic_similarity""}"
2026-02-16T21:48:11.482685,SCENE-002,SCENE-002-SHOT-001,CRITIC_QA,FAIL,0.00,"{""score"": ""0.35"", ""reason"": ""semantic_drift"", ""method"": ""semantic_similarity""}"
2026-02-16T21:48:11.497324,SCENE-002,SCENE-002-SHOT-002,CRITIC_QA,FAIL,0.00,"{""score"": ""0.35"", ""reason"": ""semantic_drift"", ""method"": ""semantic_similarity""}"
2026-02-16T21:48:11.517488,SCENE-003,SCENE-003-SHOT-001,CRITIC_QA,PASS,0.00,"{""score"": ""0.56"", ""method"": ""semantic_similarity""}"
2026-02-16T21:48:11.528415,SCENE-003,SCENE-003-SHOT-002,CRITIC_QA,PASS,0.00,"{""score"": ""0.56"", ""method"": ""semantic_similarity""}"
2026-02-16T21:48:12.063670,SCENE-001,SCENE-001-SHOT-001,IMAGE_GEN,SUCCESS,534.08,"{""seed"": 1158826254}"
2026-02-16T21:51:03.892438,SCENE-001,SCENE-001-SHOT-001,IMAGE_GEN,SUCCESS,562.52,"{""seed"": 999462572}"
2026-02-16T21:51:04.898382,SCENE-001,SCENE-001-SHOT-001,VIDEO_GEN,SUCCESS,1005.64,"{""shot_type"": ""Wide"", ""lens"": ""24mm"", ""movement"": ""Slow Pan""}"
2026-02-16T21:51:05.429555,SCENE-002,SCENE-002-SHOT-001,IMAGE_GEN,SUCCESS,530.90,"{""seed"": 992398649}"
2026-02-16T21:51:06.436097,SCENE-002,SCENE-002-SHOT-001,VIDEO_GEN,SUCCESS,1006.16,"{""shot_type"": ""Wide"", ""lens"": ""35mm"", ""movement"": ""Tracking""}"
2026-02-16T21:51:06.968350,SCENE-002,SCENE-002-SHOT-002,IMAGE_GEN,SUCCESS,531.69,"{""seed"": 2070957163}"
2026-02-16T21:51:07.970722,SCENE-002,SCENE-002-SHOT-002,VIDEO_GEN,SUCCESS,1001.99,"{""shot_type"": ""Medium"", ""lens"": ""35mm"", ""movement"": ""Tracking""}"
2026-02-16T21:51:08.494792,SCENE-003,SCENE-003-SHOT-001,IMAGE_GEN,SUCCESS,523.49,"{""seed"": 1459161964}"
2026-02-16T21:51:09.501514,SCENE-003,SCENE-003-SHOT-001,VIDEO_GEN,SUCCESS,1006.44,"{""shot_type"": ""Wide"", ""lens"": ""35mm"", ""movement"": ""Tracking""}"
2026-02-16T21:51:10.030595,SCENE-003,SCENE-003-SHOT-002,IMAGE_GEN,SUCCESS,528.50,"{""seed"": 1200353887}"
2026-02-16T21:51:11.037017,SCENE-003,SCENE-003-SHOT-002,VIDEO_GEN,SUCCESS,1006.12,"{""shot_type"": ""Medium"", ""lens"": ""35mm"", ""movement"": ""Tracking""}"
2026-02-16T21:51:11.427599,SCENE-001,SCENE-001-SHOT-001,CRITIC_QA,PASS,0.00,"{""score"": ""0.32"", ""method"": ""semantic_similarity""}"
2026-02-16T21:51:11.462622,SCENE-002,SCENE-002-SHOT-001,CRITIC_QA,PASS,0.00,"{""score"": ""0.35"", ""method"": ""semantic_similarity""}"
2026-02-16T21:51:11.497369,SCENE-002,SCENE-002-SHOT-002,CRITIC_QA,PASS,0.00,"{""score"": ""0.35"", ""method"": ""semantic_similarity""}"
2026-02-16T21:51:11.532521,SCENE-003,SCENE-003-SHOT-001,CRITIC_QA,PASS,0.00,"{""score"": ""0.56"", ""method"": ""semantic_similarity""}"
2026-02-16T21:51:11.559167,SCENE-003,SCENE-003-SHOT-002,CRITIC_QA,PASS,0.00,"{""score"": ""0.56"", ""method"": ""semantic_similarity""}"
2026-02-16T22:41:01.476117,SCENE-001,SCENE-001-SHOT-001,IMAGE_GEN,SUCCESS,564.49,"{""seed"": 2123283051}"
2026-02-16T22:41:02.482710,SCENE-001,SCENE-001-SHOT-001,VIDEO_GEN,SUCCESS,1006.21,"{""shot_type"": ""Wide"", ""lens"": ""24mm"", ""movement"": ""Slow Pan""}"
2026-02-16T22:41:03.012738,SCENE-002,SCENE-002-SHOT-001,IMAGE_GEN,SUCCESS,529.60,"{""seed"": 869881712}"
2026-02-16T22:41:04.019292,SCENE-002,SCENE-002-SHOT-001,VIDEO_GEN,SUCCESS,1006.22,"{""shot_type"": ""Wide"", ""lens"": ""35mm"", ""movement"": ""Tracking""}"
2026-02-16T22:41:04.548471,SCENE-002,SCENE-002-SHOT-002,IMAGE_GEN,SUCCESS,528.56,"{""seed"": 1934246097}"
2026-02-16T22:41:05.549252,SCENE-002,SCENE-002-SHOT-002,VIDEO_GEN,SUCCESS,1000.48,"{""shot_type"": ""Medium"", ""lens"": ""35mm"", ""movement"": ""Tracking""}"
2026-02-16T22:41:06.082478,SCENE-003,SCENE-003-SHOT-001,IMAGE_GEN,SUCCESS,533.08,"{""seed"": 1905584696}"
2026-02-16T22:41:07.089057,SCENE-003,SCENE-003-SHOT-001,VIDEO_GEN,SUCCESS,1006.29,"{""shot_type"": ""Wide"", ""lens"": ""35mm"", ""movement"": ""Tracking""}"
2026-02-16T22:41:07.620353,SCENE-003,SCENE-003-SHOT-002,IMAGE_GEN,SUCCESS,530.83,"{""seed"": 962867879}"
2026-02-16T22:41:08.621586,SCENE-003,SCENE-003-SHOT-002,VIDEO_GEN,SUCCESS,1000.87,"{""shot_type"": ""Medium"", ""lens"": ""35mm"", ""movement"": ""Tracking""}"
2026-02-16T22:41:11.649115,SCENE-001,SCENE-001-SHOT-001,CRITIC_QA,FAIL,0.00,"{""score"": ""0.50"", ""reason"": ""visual_hallucination"", ""method"": ""vlm_semantic_match"", ""retry_count"": 0, ""final_score"": ""0.50""}"
2026-02-16T22:41:12.590930,SCENE-002,SCENE-002-SHOT-001,CRITIC_QA,FAIL,0.00,"{""score"": ""0.40"", ""reason"": ""visual_hallucination"", ""method"": ""vlm_semantic_match"", ""retry_count"": 0, ""final_score"": ""0.40""}"
2026-02-16T22:41:13.120270,SCENE-002,SCENE-002-SHOT-002,CRITIC_QA,FAIL,0.00,"{""score"": ""0.40"", ""reason"": ""visual_hallucination"", ""method"": ""vlm_semantic_match"", ""retry_count"": 0, ""final_score"": ""0.40""}"
2026-02-16T22:41:13.774265,SCENE-003,SCENE-003-SHOT-001,CRITIC_QA,PASS,0.00,"{""score"": ""0.58"", ""method"": ""vlm_semantic_match"", ""retry_count"": 0, ""final_score"": ""0.58""}"
2026-02-16T22:41:14.299827,SCENE-003,SCENE-003-SHOT-002,CRITIC_QA,PASS,0.00,"{""score"": ""0.58"", ""method"": ""vlm_semantic_match"", ""retry_count"": 0, ""final_score"": ""0.58""}"
2026-02-16T22:41:14.836463,SCENE-001,SCENE-001-SHOT-001,IMAGE_GEN,SUCCESS,533.18,"{""seed"": 2123283051}"
2026-02-16T22:41:15.843207,SCENE-001,SCENE-001-SHOT-001,VIDEO_GEN,SUCCESS,1006.36,"{""shot_type"": ""Wide"", ""lens"": ""24mm"", ""movement"": ""Slow Pan""}"
2026-02-16T22:41:16.372082,SCENE-002,SCENE-002-SHOT-001,IMAGE_GEN,SUCCESS,528.29,"{""seed"": 869881712}"
2026-02-16T22:41:17.378967,SCENE-002,SCENE-002-SHOT-001,VIDEO_GEN,SUCCESS,1006.56,"{""shot_type"": ""Wide"", ""lens"": ""35mm"", ""movement"": ""Tracking""}"
2026-02-16T22:41:17.906363,SCENE-002,SCENE-002-SHOT-002,IMAGE_GEN,SUCCESS,526.57,"{""seed"": 1934246097}"
2026-02-16T22:41:18.912891,SCENE-002,SCENE-002-SHOT-002,VIDEO_GEN,SUCCESS,1006.16,"{""shot_type"": ""Medium"", ""lens"": ""35mm"", ""movement"": ""Tracking""}"
2026-02-16T22:41:19.500538,SCENE-001,SCENE-001-SHOT-001,CRITIC_QA,FAIL,0.00,"{""score"": ""0.50"", ""reason"": ""visual_hallucination"", ""method"": ""vlm_semantic_match"", ""retry_count"": 1, ""final_score"": ""0.50""}"
2026-02-16T22:41:20.028293,SCENE-002,SCENE-002-SHOT-001,CRITIC_QA,FAIL,0.00,"{""score"": ""0.40"", ""reason"": ""visual_hallucination"", ""method"": ""vlm_semantic_match"", ""retry_count"": 1, ""final_score"": ""0.40""}"
2026-02-16T22:41:20.559019,SCENE-002,SCENE-002-SHOT-002,CRITIC_QA,FAIL,0.00,"{""score"": ""0.40"", ""reason"": ""visual_hallucination"", ""method"": ""vlm_semantic_match"", ""retry_count"": 1, ""final_score"": ""0.40""}"
2026-02-16T22:41:21.090607,SCENE-003,SCENE-003-SHOT-001,CRITIC_QA,PASS,0.00,"{""score"": ""0.58"", ""method"": ""vlm_semantic_match"", ""retry_count"": 1, ""final_score"": ""0.58""}"
2026-02-16T22:41:21.620080,SCENE-003,SCENE-003-SHOT-002,CRITIC_QA,PASS,0.00,"{""score"": ""0.58"", ""method"": ""vlm_semantic_match"", ""retry_count"": 1, ""final_score"": ""0.58""}"
2026-02-16T22:41:22.154334,SCENE-001,SCENE-001-SHOT-001,IMAGE_GEN,SUCCESS,532.94,"{""seed"": 2123283051}"
2026-02-16T22:41:23.159240,SCENE-001,SCENE-001-SHOT-001,VIDEO_GEN,SUCCESS,1004.64,"{""shot_type"": ""Wide"", ""lens"": ""24mm"", ""movement"": ""Slow Pan""}"
2026-02-16T22:41:23.671146,SCENE-002,SCENE-002-SHOT-001,IMAGE_GEN,SUCCESS,511.29,"{""seed"": 869881712}"
2026-02-16T22:41:24.677421,SCENE-002,SCENE-002-SHOT-001,VIDEO_GEN,SUCCESS,1005.97,"{""shot_type"": ""Wide"", ""lens"": ""35mm"", ""movement"": ""Tracking""}"
2026-02-16T22:41:25.206991,SCENE-002,SCENE-002-SHOT-002,IMAGE_GEN,SUCCESS,529.24,"{""seed"": 1934246097}"
2026-02-16T22:41:26.213399,SCENE-002,SCENE-002-SHOT-002,VIDEO_GEN,SUCCESS,1006.11,"{""shot_type"": ""Medium"", ""lens"": ""35mm"", ""movement"": ""Tracking""}"
2026-02-16T22:41:26.901748,SCENE-001,SCENE-001-SHOT-001,CRITIC_QA,FAIL,0.00,"{""score"": ""0.50"", ""reason"": ""visual_hallucination"", ""method"": ""vlm_semantic_match"", ""retry_count"": 2, ""final_score"": ""0.50""}"
2026-02-16T22:41:27.442113,SCENE-002,SCENE-002-SHOT-001,CRITIC_QA,FAIL,0.00,"{""score"": ""0.40"", ""reason"": ""visual_hallucination"", ""method"": ""vlm_semantic_match"", ""retry_count"": 2, ""final_score"": ""0.40""}"
2026-02-16T22:41:27.972545,SCENE-002,SCENE-002-SHOT-002,CRITIC_QA,FAIL,0.00,"{""score"": ""0.40"", ""reason"": ""visual_hallucination"", ""method"": ""vlm_semantic_match"", ""retry_count"": 2, ""final_score"": ""0.40""}"
2026-02-16T22:41:28.598715,SCENE-003,SCENE-003-SHOT-001,CRITIC_QA,PASS,0.00,"{""score"": ""0.58"", ""method"": ""vlm_semantic_match"", ""retry_count"": 2, ""final_score"": ""0.58""}"
2026-02-16T22:41:29.121722,SCENE-003,SCENE-003-SHOT-002,CRITIC_QA,PASS,0.00,"{""score"": ""0.58"", ""method"": ""vlm_semantic_match"", ""retry_count"": 2, ""final_score"": ""0.58""}"
2026-02-16T22:41:29.644305,SCENE-001,SCENE-001-SHOT-001,IMAGE_GEN,SUCCESS,518.30,"{""seed"": 2123283051}"
2026-02-16T22:41:30.644950,SCENE-001,SCENE-001-SHOT-001,VIDEO_GEN,SUCCESS,1000.40,"{""shot_type"": ""Wide"", ""lens"": ""24mm"", ""movement"": ""Slow Pan""}"
2026-02-16T22:41:31.167913,SCENE-002,SCENE-002-SHOT-001,IMAGE_GEN,SUCCESS,522.78,"{""seed"": 869881712}"
2026-02-16T22:41:32.172341,SCENE-002,SCENE-002-SHOT-001,VIDEO_GEN,SUCCESS,1004.22,"{""shot_type"": ""Wide"", ""lens"": ""35mm"", ""movement"": ""Tracking""}"
2026-02-16T22:41:32.696504,SCENE-002,SCENE-002-SHOT-002,IMAGE_GEN,SUCCESS,523.74,"{""seed"": 1934246097}"
2026-02-16T22:41:33.699510,SCENE-002,SCENE-002-SHOT-002,VIDEO_GEN,SUCCESS,1002.78,"{""shot_type"": ""Medium"", ""lens"": ""35mm"", ""movement"": ""Tracking""}"
2026-02-16T22:41:34.274882,SCENE-001,SCENE-001-SHOT-001,CRITIC_QA,FAIL,0.00,"{""score"": ""0.50"", ""reason"": ""visual_hallucination"", ""method"": ""vlm_semantic_match"", ""retry_count"": 3, ""final_score"": ""0.50""}"
2026-02-16T22:41:34.809140,SCENE-002,SCENE-002-SHOT-001,CRITIC_QA,FAIL,0.00,"{""score"": ""0.40"", ""reason"": ""visual_hallucination"", ""method"": ""vlm_semantic_match"", ""retry_count"": 3, ""final_score"": ""0.40""}"
2026-02-16T22:41:35.336219,SCENE-002,SCENE-002-SHOT-002,CRITIC_QA,FAIL,0.00,"{""score"": ""0.40"", ""reason"": ""visual_hallucination"", ""method"": ""vlm_semantic_match"", ""retry_count"": 3, ""final_score"": ""0.40""}"
2026-02-16T22:41:35.857274,SCENE-003,SCENE-003-SHOT-001,CRITIC_QA,PASS,0.00,"{""score"": ""0.58"", ""method"": ""vlm_semantic_match"", ""retry_count"": 3, ""final_score"": ""0.58""}"
2026-02-16T22:41:36.785544,SCENE-003,SCENE-003-SHOT-002,CRITIC_QA,FAIL,0.00,"{""score"": ""0.12"", ""reason"": ""visual_hallucination"", ""method"": ""vlm_semantic_match"", ""retry_count"": 3, ""final_score"": ""0.12""}"
2026-02-16T22:50:21.642331,SCENE-001,SCENE-001-SHOT-001,IMAGE_GEN,SUCCESS,559.62,"{""seed"": 143108900}"
2026-02-16T22:50:22.643816,SCENE-001,SCENE-001-SHOT-001,VIDEO_GEN,SUCCESS,1001.19,"{""shot_type"": ""Wide"", ""lens"": ""24mm"", ""movement"": ""Slow Pan""}"
2026-02-16T22:50:23.178489,SCENE-002,SCENE-002-SHOT-001,IMAGE_GEN,SUCCESS,534.38,"{""seed"": 1461730410}"
2026-02-16T22:50:24.185029,SCENE-002,SCENE-002-SHOT-001,VIDEO_GEN,SUCCESS,1006.21,"{""shot_type"": ""Wide"", ""lens"": ""35mm"", ""movement"": ""Tracking""}"
2026-02-16T22:50:24.717057,SCENE-002,SCENE-002-SHOT-002,IMAGE_GEN,SUCCESS,531.43,"{""seed"": 918427472}"
2026-02-16T22:50:25.724262,SCENE-002,SCENE-002-SHOT-002,VIDEO_GEN,SUCCESS,1006.91,"{""shot_type"": ""Medium"", ""lens"": ""35mm"", ""movement"": ""Tracking""}"
2026-02-16T22:50:26.255139,SCENE-003,SCENE-003-SHOT-001,IMAGE_GEN,SUCCESS,530.31,"{""seed"": 313274248}"
2026-02-16T22:50:27.261920,SCENE-003,SCENE-003-SHOT-001,VIDEO_GEN,SUCCESS,1006.49,"{""shot_type"": ""Wide"", ""lens"": ""35mm"", ""movement"": ""Tracking""}"
2026-02-16T22:50:27.790364,SCENE-003,SCENE-003-SHOT-002,IMAGE_GEN,SUCCESS,527.82,"{""seed"": 382618780}"
2026-02-16T22:50:28.792307,SCENE-003,SCENE-003-SHOT-002,VIDEO_GEN,SUCCESS,1001.66,"{""shot_type"": ""Medium"", ""lens"": ""35mm"", ""movement"": ""Tracking""}"
2026-02-16T22:50:29.946868,SCENE-001,SCENE-001-SHOT-001,CRITIC_QA,FAIL,0.00,"{""score"": ""0.50"", ""reason"": ""visual_hallucination"", ""method"": ""vlm_semantic_match"", ""retry_count"": 0, ""final_score"": ""0.50""}"
2026-02-16T22:50:30.554711,SCENE-002,SCENE-002-SHOT-001,CRITIC_QA,FAIL,0.00,"{""score"": ""0.40"", ""reason"": ""visual_hallucination"", ""method"": ""vlm_semantic_match"", ""retry_count"": 0, ""final_score"": ""0.40""}"
2026-02-16T22:50:31.086012,SCENE-002,SCENE-002-SHOT-002,CRITIC_QA,FAIL,0.00,"{""score"": ""0.07"", ""reason"": ""visual_hallucination"", ""method"": ""vlm_semantic_match"", ""retry_count"": 0, ""final_score"": ""0.07""}"
2026-02-16T22:50:31.681827,SCENE-003,SCENE-003-SHOT-001,CRITIC_QA,PASS,0.00,"{""score"": ""0.58"", ""method"": ""vlm_semantic_match"", ""retry_count"": 0, ""final_score"": ""0.58""}"
2026-02-16T22:50:32.211940,SCENE-003,SCENE-003-SHOT-002,CRITIC_QA,PASS,0.00,"{""score"": ""0.58"", ""method"": ""vlm_semantic_match"", ""retry_count"": 0, ""final_score"": ""0.58""}"
2026-02-16T22:50:32.747880,SCENE-001,SCENE-001-SHOT-001,IMAGE_GEN,SUCCESS,534.43,"{""seed"": 143108900}"
2026-02-16T22:50:33.755019,SCENE-001,SCENE-001-SHOT-001,VIDEO_GEN,SUCCESS,1006.77,"{""shot_type"": ""Wide"", ""lens"": ""24mm"", ""movement"": ""Slow Pan""}"
2026-02-16T22:50:34.284111,SCENE-002,SCENE-002-SHOT-001,IMAGE_GEN,SUCCESS,528.41,"{""seed"": 1461730410}"
2026-02-16T22:50:35.290872,SCENE-002,SCENE-002-SHOT-001,VIDEO_GEN,SUCCESS,1006.44,"{""shot_type"": ""Wide"", ""lens"": ""35mm"", ""movement"": ""Tracking""}"
2026-02-16T22:50:35.815631,SCENE-002,SCENE-002-SHOT-002,IMAGE_GEN,SUCCESS,524.15,"{""seed"": 918427472}"
2026-02-16T22:50:36.822181,SCENE-002,SCENE-002-SHOT-002,VIDEO_GEN,SUCCESS,1006.30,"{""shot_type"": ""Medium"", ""lens"": ""35mm"", ""movement"": ""Tracking""}"
2026-02-16T22:50:37.385198,SCENE-001,SCENE-001-SHOT-001,CRITIC_QA,FAIL,0.00,"{""score"": ""0.50"", ""reason"": ""visual_hallucination"", ""method"": ""vlm_semantic_match"", ""retry_count"": 1, ""final_score"": ""0.50""}"
2026-02-16T22:50:37.918204,SCENE-002,SCENE-002-SHOT-001,CRITIC_QA,FAIL,0.00,"{""score"": ""0.40"", ""reason"": ""visual_hallucination"", ""method"": ""vlm_semantic_match"", ""retry_count"": 1, ""final_score"": ""0.40""}"
2026-02-16T22:50:38.440207,SCENE-002,SCENE-002-SHOT-002,CRITIC_QA,FAIL,0.00,"{""score"": ""0.40"", ""reason"": ""visual_hallucination"", ""method"": ""vlm_semantic_match"", ""retry_count"": 1, ""final_score"": ""0.40""}"
2026-02-16T22:50:38.966474,SCENE-003,SCENE-003-SHOT-001,CRITIC_QA,PASS,0.00,"{""score"": ""0.58"", ""method"": ""vlm_semantic_match"", ""retry_count"": 1, ""final_score"": ""0.58""}"
2026-02-16T22:50:39.494346,SCENE-003,SCENE-003-SHOT-002,CRITIC_QA,PASS,0.00,"{""score"": ""0.58"", ""method"": ""vlm_semantic_match"", ""retry_count"": 1, ""final_score"": ""0.58""}"
2026-02-16T22:50:40.030143,SCENE-001,SCENE-001-SHOT-001,IMAGE_GEN,SUCCESS,534.37,"{""seed"": 143108900}"
2026-02-16T22:50:41.037226,SCENE-001,SCENE-001-SHOT-001,VIDEO_GEN,SUCCESS,1006.77,"{""shot_type"": ""Wide"", ""lens"": ""24mm"", ""movement"": ""Slow Pan""}"
2026-02-16T22:50:41.566970,SCENE-002,SCENE-002-SHOT-001,IMAGE_GEN,SUCCESS,529.06,"{""seed"": 1461730410}"
2026-02-16T22:50:42.573621,SCENE-002,SCENE-002-SHOT-001,VIDEO_GEN,SUCCESS,1006.35,"{""shot_type"": ""Wide"", ""lens"": ""35mm"", ""movement"": ""Tracking""}"
2026-02-16T22:50:43.101643,SCENE-002,SCENE-002-SHOT-002,IMAGE_GEN,SUCCESS,527.41,"{""seed"": 918427472}"
2026-02-16T22:50:44.107941,SCENE-002,SCENE-002-SHOT-002,VIDEO_GEN,SUCCESS,1005.99,"{""shot_type"": ""Medium"", ""lens"": ""35mm"", ""movement"": ""Tracking""}"
2026-02-16T22:50:44.670747,SCENE-001,SCENE-001-SHOT-001,CRITIC_QA,FAIL,0.00,"{""score"": ""0.50"", ""reason"": ""visual_hallucination"", ""method"": ""vlm_semantic_match"", ""retry_count"": 2, ""final_score"": ""0.50""}"
2026-02-16T22:50:45.202540,SCENE-002,SCENE-002-SHOT-001,CRITIC_QA,FAIL,0.00,"{""score"": ""0.40"", ""reason"": ""visual_hallucination"", ""method"": ""vlm_semantic_match"", ""retry_count"": 2, ""final_score"": ""0.40""}"
2026-02-16T22:50:45.733988,SCENE-002,SCENE-002-SHOT-002,CRITIC_QA,FAIL,0.00,"{""score"": ""0.40"", ""reason"": ""visual_hallucination"", ""method"": ""vlm_semantic_match"", ""retry_count"": 2, ""final_score"": ""0.40""}"
2026-02-16T22:50:46.335881,SCENE-003,SCENE-003-SHOT-001,CRITIC_QA,FAIL,0.00,"{""score"": ""0.12"", ""reason"": ""visual_hallucination"", ""method"": ""vlm_semantic_match"", ""retry_count"": 2, ""final_score"": ""0.12""}"
2026-02-16T22:50:46.862781,SCENE-003,SCENE-003-SHOT-002,CRITIC_QA,FAIL,0.00,"{""score"": ""0.12"", ""reason"": ""visual_hallucination"", ""method"": ""vlm_semantic_match"", ""retry_count"": 2, ""final_score"": ""0.12""}"
2026-02-16T22:50:47.397425,SCENE-001,SCENE-001-SHOT-001,IMAGE_GEN,SUCCESS,533.31,"{""seed"": 143108900}"
2026-02-16T22:50:48.398673,SCENE-001,SCENE-001-SHOT-001,VIDEO_GEN,SUCCESS,1000.95,"{""shot_type"": ""Wide"", ""lens"": ""24mm"", ""movement"": ""Slow Pan""}"
2026-02-16T22:50:48.930171,SCENE-002,SCENE-002-SHOT-001,IMAGE_GEN,SUCCESS,531.32,"{""seed"": 1461730410}"
2026-02-16T22:50:49.931724,SCENE-002,SCENE-002-SHOT-001,VIDEO_GEN,SUCCESS,1001.29,"{""shot_type"": ""Wide"", ""lens"": ""35mm"", ""movement"": ""Tracking""}"
2026-02-16T22:50:50.458799,SCENE-002,SCENE-002-SHOT-002,IMAGE_GEN,SUCCESS,526.66,"{""seed"": 918427472}"
2026-02-16T22:50:51.465639,SCENE-002,SCENE-002-SHOT-002,VIDEO_GEN,SUCCESS,1006.53,"{""shot_type"": ""Medium"", ""lens"": ""35mm"", ""movement"": ""Tracking""}"
2026-02-16T22:50:51.996777,SCENE-003,SCENE-003-SHOT-001,IMAGE_GEN,SUCCESS,530.53,"{""seed"": 313274248}"
2026-02-16T22:50:53.003494,SCENE-003,SCENE-003-SHOT-001,VIDEO_GEN,SUCCESS,1006.40,"{""shot_type"": ""Wide"", ""lens"": ""35mm"", ""movement"": ""Tracking""}"
2026-02-16T22:50:53.532806,SCENE-003,SCENE-003-SHOT-002,IMAGE_GEN,SUCCESS,528.73,"{""seed"": 382618780}"
2026-02-16T22:50:54.539582,SCENE-003,SCENE-003-SHOT-002,VIDEO_GEN,SUCCESS,1006.32,"{""shot_type"": ""Medium"", ""lens"": ""35mm"", ""movement"": ""Tracking""}"
2026-02-16T22:50:55.110329,SCENE-001,SCENE-001-SHOT-001,CRITIC_QA,FAIL,0.00,"{""score"": ""0.50"", ""reason"": ""visual_hallucination"", ""method"": ""vlm_semantic_match"", ""retry_count"": 3, ""final_score"": ""0.50""}"
2026-02-16T22:50:55.635712,SCENE-002,SCENE-002-SHOT-001,CRITIC_QA,FAIL,0.00,"{""score"": ""0.40"", ""reason"": ""visual_hallucination"", ""method"": ""vlm_semantic_match"", ""retry_count"": 3, ""final_score"": ""0.40""}"
2026-02-16T22:50:56.168379,SCENE-002,SCENE-002-SHOT-002,CRITIC_QA,FAIL,0.00,"{""score"": ""0.07"", ""reason"": ""visual_hallucination"", ""method"": ""vlm_semantic_match"", ""retry_count"": 3, ""final_score"": ""0.07""}"
2026-02-16T22:50:56.697150,SCENE-003,SCENE-003-SHOT-001,CRITIC_QA,PASS,0.00,"{""score"": ""0.58"", ""method"": ""vlm_semantic_match"", ""retry_count"": 3, ""final_score"": ""0.58""}"
2026-02-16T22:50:57.224419,SCENE-003,SCENE-003-SHOT-002,CRITIC_QA,PASS,0.00,"{""score"": ""0.58"", ""method"": ""vlm_semantic_match"", ""retry_count"": 3, ""final_score"": ""0.58""}"
